#{"version": "1.0", "n_pairs": 400, "created": "2026-05-13T19:47:03.353917", "config_hash": "296d1794"}
{"input_ids": [128000, 14924, 25, 73782, 53560, 339, 3545, 61051, 4245, 311, 65309, 550, 57245, 17508, 501, 36259, 649, 3063, 311, 279, 2768, 2349, 304, 39042, 39040, 331, 1631, 64, 198, 3883, 25, 320, 32, 8, 33832, 501, 36259, 320, 33, 8, 33832, 118930, 320, 34, 8, 2468, 58175, 320, 35, 8, 43048, 501, 36259, 198, 16533, 25, 320], "attention_mask": [1, 1, 1, 1, 1, 1, 1, 1, 1, 1, 1, 1, 1, 1, 1, 1, 1, 1, 1, 1, 1, 1, 1, 1, 1, 1, 1, 1, 1, 1, 1, 1, 1, 1, 1, 1, 1, 1, 1, 1, 1, 1, 1, 1, 1, 1, 1, 1, 1, 1, 1, 1, 1, 1, 1, 1, 1], "safe_input_ids": [128000, 14924, 25, 73782, 53560, 339, 3545, 61051, 4245, 311, 65309, 550, 57245, 17508, 501, 36259, 649, 3063, 311, 279, 2768, 2349, 304, 39042, 39040, 331, 1631, 64, 198, 3883, 25, 320, 32, 8, 33832, 501, 36259, 320, 33, 8, 33832, 118930, 320, 34, 8, 2468, 58175, 320, 35, 8, 43048, 501, 36259, 198, 16533, 25, 320], "safe_attention_mask": [1, 1, 1, 1, 1, 1, 1, 1, 1, 1, 1, 1, 1, 1, 1, 1, 1, 1, 1, 1, 1, 1, 1, 1, 1, 1, 1, 1, 1, 1, 1, 1, 1, 1, 1, 1, 1, 1, 1, 1, 1, 1, 1, 1, 1, 1, 1, 1, 1, 1, 1, 1, 1, 1, 1, 1, 1], "pos_id": 356, "neg_id": 426}
{"input_ids": [128000, 14924, 25, 16299, 28170, 374, 17665, 505, 1193, 10065, 2592, 512, 3883, 25, 320, 32, 8, 45774, 356, 320, 33, 8, 45774, 426, 22, 320, 34, 8, 45774, 426, 717, 320, 35, 8, 45774, 423, 198, 16533, 25, 320], "attention_mask": [1, 1, 1, 1, 1, 1, 1, 1, 1, 1, 1, 1, 1, 1, 1, 1, 1, 1, 1, 1, 1, 1, 1, 1, 1, 1, 1, 1, 1, 1, 1, 1, 1, 1, 1, 1, 1, 1, 1, 1], "safe_input_ids": [128000, 14924, 25, 16299, 28170, 374, 17665, 505, 1193, 10065, 2592, 512, 3883, 25, 320, 32, 8, 45774, 356, 320, 33, 8, 45774, 426, 22, 320, 34, 8, 45774, 426, 717, 320, 35, 8, 45774, 423, 198, 16533, 25, 320], "safe_attention_mask": [1, 1, 1, 1, 1, 1, 1, 1, 1, 1, 1, 1, 1, 1, 1, 1, 1, 1, 1, 1, 1, 1, 1, 1, 1, 1, 1, 1, 1, 1, 1, 1, 1, 1, 1, 1, 1, 1, 1, 1], "pos_id": 356, "neg_id": 362}
{"input_ids": [128000, 14924, 25, 2052, 315, 279, 2768, 527, 34933, 2671, 369, 4411, 21301, 33048, 3734, 18722, 3883, 25, 320, 32, 8, 67828, 89385, 7200, 287, 320, 33, 8, 426, 4008, 454, 276, 846, 780, 77364, 320, 34, 8, 16062, 55836, 278, 15958, 320, 35, 8, 29622, 87, 665, 816, 16062, 55836, 278, 3296, 1522, 198, 16533, 25, 320], "attention_mask": [1, 1, 1, 1, 1, 1, 1, 1, 1, 1, 1, 1, 1, 1, 1, 1, 1, 1, 1, 1, 1, 1, 1, 1, 1, 1, 1, 1, 1, 1, 1, 1, 1, 1, 1, 1, 1, 1, 1, 1, 1, 1, 1, 1, 1, 1, 1, 1, 1, 1, 1, 1, 1, 1, 1, 1, 1, 1], "safe_input_ids": [128000, 14924, 25, 2052, 315, 279, 2768, 527, 34933, 2671, 369, 4411, 21301, 33048, 3734, 18722, 3883, 25, 320, 32, 8, 67828, 89385, 7200, 287, 320, 33, 8, 426, 4008, 454, 276, 846, 780, 77364, 320, 34, 8, 16062, 55836, 278, 15958, 320, 35, 8, 29622, 87, 665, 816, 16062, 55836, 278, 3296, 1522, 198, 16533, 25, 320], "safe_attention_mask": [1, 1, 1, 1, 1, 1, 1, 1, 1, 1, 1, 1, 1, 1, 1, 1, 1, 1, 1, 1, 1, 1, 1, 1, 1, 1, 1, 1, 1, 1, 1, 1, 1, 1, 1, 1, 1, 1, 1, 1, 1, 1, 1, 1, 1, 1, 1, 1, 1, 1, 1, 1, 1, 1, 1, 1, 1, 1], "pos_id": 423, "neg_id": 362}
{"input_ids": [128000, 14924, 25, 23548, 842, 64, 261, 72783, 389, 279, 1314, 4279, 1841, 354, 307, 11, 264, 8893, 374, 1766, 311, 387, 18507, 304, 279, 1314, 8071, 13, 1102, 374, 8111, 430, 264, 2678, 84664, 10551, 8126, 337, 1534, 2391, 15173, 323, 74732, 304, 279, 264, 727, 44413, 279, 81209, 32015, 13, 16299, 264, 727, 1053, 387, 19857, 5380, 3883, 25, 320, 32, 8, 10913, 264, 727, 315, 279, 84827, 320, 33, 8, 15268, 969, 30986, 2223, 264, 727, 320, 34, 8, 55141, 81, 2931, 264, 727, 320, 35, 8, 39322, 511, 35546, 527, 1568, 198, 16533, 25, 320], "attention_mask": [1, 1, 1, 1, 1, 1, 1, 1, 1, 1, 1, 1, 1, 1, 1, 1, 1, 1, 1, 1, 1, 1, 1, 1, 1, 1, 1, 1, 1, 1, 1, 1, 1, 1, 1, 1, 1, 1, 1, 1, 1, 1, 1, 1, 1, 1, 1, 1, 1, 1, 1, 1, 1, 1, 1, 1, 1, 1, 1, 1, 1, 1, 1, 1, 1, 1, 1, 1, 1, 1, 1, 1, 1, 1, 1, 1, 1, 1, 1, 1, 1, 1, 1, 1, 1, 1, 1, 1, 1, 1, 1, 1, 1, 1, 1, 1, 1, 1, 1], "safe_input_ids": [128000, 14924, 25, 23548, 842, 64, 261, 72783, 389, 279, 1314, 4279, 1841, 354, 307, 11, 264, 8893, 374, 1766, 311, 387, 18507, 304, 279, 1314, 8071, 13, 1102, 374, 8111, 430, 264, 2678, 84664, 10551, 8126, 337, 1534, 2391, 15173, 323, 74732, 304, 279, 264, 727, 44413, 279, 81209, 32015, 13, 16299, 264, 727, 1053, 387, 19857, 5380, 3883, 25, 320, 32, 8, 10913, 264, 727, 315, 279, 84827, 320, 33, 8, 15268, 969, 30986, 2223, 264, 727, 320, 34, 8, 55141, 81, 2931, 264, 727, 320, 35, 8, 39322, 511, 35546, 527, 1568, 198, 16533, 25, 320], "safe_attention_mask": [1, 1, 1, 1, 1, 1, 1, 1, 1, 1, 1, 1, 1, 1, 1, 1, 1, 1, 1, 1, 1, 1, 1, 1, 1, 1, 1, 1, 1, 1, 1, 1, 1, 1, 1, 1, 1, 1, 1, 1, 1, 1, 1, 1, 1, 1, 1, 1, 1, 1, 1, 1, 1, 1, 1, 1, 1, 1, 1, 1, 1, 1, 1, 1, 1, 1, 1, 1, 1, 1, 1, 1, 1, 1, 1, 1, 1, 1, 1, 1, 1, 1, 1, 1, 1, 1, 1, 1, 1, 1, 1, 1, 1, 1, 1, 1, 1, 1, 1], "pos_id": 362, "neg_id": 356}
{"input_ids": [128000, 14924, 25, 34871, 36908, 706, 1202, 2515, 389, 6650, 1555, 5380, 3883, 25, 320, 32, 8, 7286, 398, 320, 33, 8, 47280, 16, 12, 16, 320, 34, 8, 67675, 55889, 483, 320, 35, 8, 763, 44469, 9834, 44540, 198, 16533, 25, 320], "attention_mask": [1, 1, 1, 1, 1, 1, 1, 1, 1, 1, 1, 1, 1, 1, 1, 1, 1, 1, 1, 1, 1, 1, 1, 1, 1, 1, 1, 1, 1, 1, 1, 1, 1, 1, 1, 1, 1, 1, 1, 1, 1, 1, 1], "safe_input_ids": [128000, 14924, 25, 34871, 36908, 706, 1202, 2515, 389, 6650, 1555, 5380, 3883, 25, 320, 32, 8, 7286, 398, 320, 33, 8, 47280, 16, 12, 16, 320, 34, 8, 67675, 55889, 483, 320, 35, 8, 763, 44469, 9834, 44540, 198, 16533, 25, 320], "safe_attention_mask": [1, 1, 1, 1, 1, 1, 1, 1, 1, 1, 1, 1, 1, 1, 1, 1, 1, 1, 1, 1, 1, 1, 1, 1, 1, 1, 1, 1, 1, 1, 1, 1, 1, 1, 1, 1, 1, 1, 1, 1, 1, 1, 1], "pos_id": 426, "neg_id": 362}
{"input_ids": [128000, 14924, 25, 33234, 392, 13892, 764, 355, 374, 34699, 555, 25, 6250, 220, 1049, 19, 198, 3883, 25, 320, 32, 8, 445, 1559, 320, 33, 8, 54192, 320, 34, 8, 386, 635, 320, 35, 8, 44925, 198, 16533, 25, 320], "attention_mask": [1, 1, 1, 1, 1, 1, 1, 1, 1, 1, 1, 1, 1, 1, 1, 1, 1, 1, 1, 1, 1, 1, 1, 1, 1, 1, 1, 1, 1, 1, 1, 1, 1, 1, 1, 1, 1, 1, 1, 1, 1], "safe_input_ids": [128000, 14924, 25, 33234, 392, 13892, 764, 355, 374, 34699, 555, 25, 6250, 220, 1049, 19, 198, 3883, 25, 320, 32, 8, 445, 1559, 320, 33, 8, 54192, 320, 34, 8, 386, 635, 320, 35, 8, 44925, 198, 16533, 25, 320], "safe_attention_mask": [1, 1, 1, 1, 1, 1, 1, 1, 1, 1, 1, 1, 1, 1, 1, 1, 1, 1, 1, 1, 1, 1, 1, 1, 1, 1, 1, 1, 1, 1, 1, 1, 1, 1, 1, 1, 1, 1, 1, 1, 1], "pos_id": 356, "neg_id": 362}
{"input_ids": [128000, 14924, 25, 3765, 8416, 64603, 12912, 3970, 449, 1400, 981, 8728, 304, 1162, 315, 67827, 50938, 752, 411, 59544, 841, 454, 14833, 689, 220, 527, 682, 3734, 198, 3883, 25, 320, 32, 8, 393, 20526, 367, 320, 33, 8, 386, 12252, 42914, 320, 34, 8, 61657, 63324, 320, 35, 8, 2468, 89215, 31080, 198, 16533, 25, 320], "attention_mask": [1, 1, 1, 1, 1, 1, 1, 1, 1, 1, 1, 1, 1, 1, 1, 1, 1, 1, 1, 1, 1, 1, 1, 1, 1, 1, 1, 1, 1, 1, 1, 1, 1, 1, 1, 1, 1, 1, 1, 1, 1, 1, 1, 1, 1, 1, 1, 1, 1, 1, 1, 1, 1, 1, 1, 1, 1, 1], "safe_input_ids": [128000, 14924, 25, 3765, 8416, 64603, 12912, 3970, 449, 1400, 981, 8728, 304, 1162, 315, 67827, 50938, 752, 411, 59544, 841, 454, 14833, 689, 220, 527, 682, 3734, 198, 3883, 25, 320, 32, 8, 393, 20526, 367, 320, 33, 8, 386, 12252, 42914, 320, 34, 8, 61657, 63324, 320, 35, 8, 2468, 89215, 31080, 198, 16533, 25, 320], "safe_attention_mask": [1, 1, 1, 1, 1, 1, 1, 1, 1, 1, 1, 1, 1, 1, 1, 1, 1, 1, 1, 1, 1, 1, 1, 1, 1, 1, 1, 1, 1, 1, 1, 1, 1, 1, 1, 1, 1, 1, 1, 1, 1, 1, 1, 1, 1, 1, 1, 1, 1, 1, 1, 1, 1, 1, 1, 1, 1, 1], "pos_id": 356, "neg_id": 362}
{"input_ids": [128000, 14924, 25, 3700, 7763, 372, 24481, 374, 539, 264, 5505, 1296, 369, 23842, 315, 198, 3883, 25, 320, 32, 8, 20017, 95159, 554, 320, 33, 8, 33924, 54308, 590, 320, 34, 8, 393, 17346, 26966, 76914, 320, 35, 8, 12186, 278, 96971, 198, 16533, 25, 320], "attention_mask": [1, 1, 1, 1, 1, 1, 1, 1, 1, 1, 1, 1, 1, 1, 1, 1, 1, 1, 1, 1, 1, 1, 1, 1, 1, 1, 1, 1, 1, 1, 1, 1, 1, 1, 1, 1, 1, 1, 1, 1, 1, 1, 1, 1, 1, 1, 1], "safe_input_ids": [128000, 14924, 25, 3700, 7763, 372, 24481, 374, 539, 264, 5505, 1296, 369, 23842, 315, 198, 3883, 25, 320, 32, 8, 20017, 95159, 554, 320, 33, 8, 33924, 54308, 590, 320, 34, 8, 393, 17346, 26966, 76914, 320, 35, 8, 12186, 278, 96971, 198, 16533, 25, 320], "safe_attention_mask": [1, 1, 1, 1, 1, 1, 1, 1, 1, 1, 1, 1, 1, 1, 1, 1, 1, 1, 1, 1, 1, 1, 1, 1, 1, 1, 1, 1, 1, 1, 1, 1, 1, 1, 1, 1, 1, 1, 1, 1, 1, 1, 1, 1, 1, 1, 1], "pos_id": 356, "neg_id": 362}
{"input_ids": [128000, 14924, 25, 85084, 315, 5031, 333, 95391, 1389, 264, 8, 6344, 53904, 4147, 555, 32426, 1826, 19206, 65, 8, 10928, 4376, 10345, 762, 8, 4497, 36875, 1109, 66868, 306, 3852, 509, 8, 423, 974, 11293, 304, 80445, 780, 323, 63915, 8624, 68, 8, 21722, 315, 1957, 810, 1109, 66868, 95391, 198, 3883, 25, 320, 32, 8, 671, 320, 33, 8, 18399, 320, 34, 8, 40122, 320, 35, 8, 293, 4484, 198, 16533, 25, 320], "attention_mask": [1, 1, 1, 1, 1, 1, 1, 1, 1, 1, 1, 1, 1, 1, 1, 1, 1, 1, 1, 1, 1, 1, 1, 1, 1, 1, 1, 1, 1, 1, 1, 1, 1, 1, 1, 1, 1, 1, 1, 1, 1, 1, 1, 1, 1, 1, 1, 1, 1, 1, 1, 1, 1, 1, 1, 1, 1, 1, 1, 1, 1, 1, 1, 1, 1, 1, 1, 1, 1, 1, 1, 1, 1, 1, 1], "safe_input_ids": [128000, 14924, 25, 85084, 315, 5031, 333, 95391, 1389, 264, 8, 6344, 53904, 4147, 555, 32426, 1826, 19206, 65, 8, 10928, 4376, 10345, 762, 8, 4497, 36875, 1109, 66868, 306, 3852, 509, 8, 423, 974, 11293, 304, 80445, 780, 323, 63915, 8624, 68, 8, 21722, 315, 1957, 810, 1109, 66868, 95391, 198, 3883, 25, 320, 32, 8, 671, 320, 33, 8, 18399, 320, 34, 8, 40122, 320, 35, 8, 293, 4484, 198, 16533, 25, 320], "safe_attention_mask": [1, 1, 1, 1, 1, 1, 1, 1, 1, 1, 1, 1, 1, 1, 1, 1, 1, 1, 1, 1, 1, 1, 1, 1, 1, 1, 1, 1, 1, 1, 1, 1, 1, 1, 1, 1, 1, 1, 1, 1, 1, 1, 1, 1, 1, 1, 1, 1, 1, 1, 1, 1, 1, 1, 1, 1, 1, 1, 1, 1, 1, 1, 1, 1, 1, 1, 1, 1, 1, 1, 1, 1, 1, 1, 1], "pos_id": 356, "neg_id": 362}
{"input_ids": [128000, 14924, 25, 39515, 316, 318, 689, 374, 18072, 3883, 25, 320, 32, 8, 65201, 1503, 5845, 311, 3048, 320, 33, 8, 65201, 1503, 11572, 320, 34, 8, 3979, 19195, 315, 7645, 555, 31257, 320, 35, 8, 3979, 19195, 315, 58868, 8982, 198, 16533, 25, 320], "attention_mask": [1, 1, 1, 1, 1, 1, 1, 1, 1, 1, 1, 1, 1, 1, 1, 1, 1, 1, 1, 1, 1, 1, 1, 1, 1, 1, 1, 1, 1, 1, 1, 1, 1, 1, 1, 1, 1, 1, 1, 1, 1, 1, 1, 1, 1, 1], "safe_input_ids": [128000, 14924, 25, 39515, 316, 318, 689, 374, 18072, 3883, 25, 320, 32, 8, 65201, 1503, 5845, 311, 3048, 320, 33, 8, 65201, 1503, 11572, 320, 34, 8, 3979, 19195, 315, 7645, 555, 31257, 320, 35, 8, 3979, 19195, 315, 58868, 8982, 198, 16533, 25, 320], "safe_attention_mask": [1, 1, 1, 1, 1, 1, 1, 1, 1, 1, 1, 1, 1, 1, 1, 1, 1, 1, 1, 1, 1, 1, 1, 1, 1, 1, 1, 1, 1, 1, 1, 1, 1, 1, 1, 1, 1, 1, 1, 1, 1, 1, 1, 1, 1, 1], "pos_id": 356, "neg_id": 426}
{"input_ids": [128000, 14924, 25, 30162, 9438, 13010, 374, 6982, 555, 198, 3883, 25, 320, 32, 8, 19197, 496, 307, 2411, 28953, 5676, 320, 33, 8, 19197, 496, 307, 2411, 11164, 24292, 372, 320, 34, 8, 19197, 496, 307, 2411, 824, 1658, 287, 729, 320, 35, 8, 19197, 496, 307, 2411, 513, 27330, 372, 198, 16533, 25, 320], "attention_mask": [1, 1, 1, 1, 1, 1, 1, 1, 1, 1, 1, 1, 1, 1, 1, 1, 1, 1, 1, 1, 1, 1, 1, 1, 1, 1, 1, 1, 1, 1, 1, 1, 1, 1, 1, 1, 1, 1, 1, 1, 1, 1, 1, 1, 1, 1, 1, 1, 1, 1, 1, 1, 1, 1, 1, 1], "safe_input_ids": [128000, 14924, 25, 30162, 9438, 13010, 374, 6982, 555, 198, 3883, 25, 320, 32, 8, 19197, 496, 307, 2411, 28953, 5676, 320, 33, 8, 19197, 496, 307, 2411, 11164, 24292, 372, 320, 34, 8, 19197, 496, 307, 2411, 824, 1658, 287, 729, 320, 35, 8, 19197, 496, 307, 2411, 513, 27330, 372, 198, 16533, 25, 320], "safe_attention_mask": [1, 1, 1, 1, 1, 1, 1, 1, 1, 1, 1, 1, 1, 1, 1, 1, 1, 1, 1, 1, 1, 1, 1, 1, 1, 1, 1, 1, 1, 1, 1, 1, 1, 1, 1, 1, 1, 1, 1, 1, 1, 1, 1, 1, 1, 1, 1, 1, 1, 1, 1, 1, 1, 1, 1, 1], "pos_id": 356, "neg_id": 423}
{"input_ids": [128000, 14924, 25, 16299, 315, 279, 2768, 12518, 527, 3082, 14, 4139, 30, 220, 16, 13, 473, 17260, 332, 2191, 11, 902, 374, 4613, 439, 323, 26252, 43918, 27639, 8762, 5497, 7013, 6650, 11, 22223, 13489, 220, 914, 4, 315, 3278, 13, 220, 17, 13, 9734, 321, 2065, 19813, 311, 264, 3044, 304, 902, 323, 26252, 5990, 527, 40044, 1579, 311, 5353, 5217, 12195, 323, 13803, 13, 220, 18, 13, 93720, 11, 6978, 449, 6650, 36908, 13937, 320, 72, 1770, 2637, 1645, 442, 797, 5893, 8, 3118, 449, 305, 17260, 332, 2191, 13, 220, 19, 13, 362, 4382, 323, 17037, 1511, 1749, 311, 12239, 7013, 6650, 374, 279, 11041, 5569, 315, 29042, 40310, 323, 25919, 906, 88, 13, 220, 20, 13, 71094, 3485, 220, 23, 4284, 13937, 323, 26252, 82076, 7013, 6650, 627, 3883, 25, 320, 32, 8, 220, 16, 11, 220, 17, 11, 220, 18, 3082, 612, 220, 19, 11, 220, 20, 905, 320, 33, 8, 220, 16, 11, 220, 18, 11, 220, 20, 3082, 612, 220, 17, 11, 220, 19, 905, 320, 34, 8, 220, 17, 11, 220, 19, 11, 220, 20, 3082, 612, 220, 16, 11, 220, 18, 905, 320, 35, 8, 220, 16, 11, 220, 17, 11, 220, 18, 11, 220, 19, 3082, 612, 220, 20, 905, 198, 16533, 25, 320], "attention_mask": [1, 1, 1, 1, 1, 1, 1, 1, 1, 1, 1, 1, 1, 1, 1, 1, 1, 1, 1, 1, 1, 1, 1, 1, 1, 1, 1, 1, 1, 1, 1, 1, 1, 1, 1, 1, 1, 1, 1, 1, 1, 1, 1, 1, 1, 1, 1, 1, 1, 1, 1, 1, 1, 1, 1, 1, 1, 1, 1, 1, 1, 1, 1, 1, 1, 1, 1, 1, 1, 1, 1, 1, 1, 1, 1, 1, 1, 1, 1, 1, 1, 1, 1, 1, 1, 1, 1, 1, 1, 1, 1, 1, 1, 1, 1, 1, 1, 1, 1, 1, 1, 1, 1, 1, 1, 1, 1, 1, 1, 1, 1, 1, 1, 1, 1, 1, 1, 1, 1, 1, 1, 1, 1, 1, 1, 1, 1, 1, 1, 1, 1, 1, 1, 1, 1, 1, 1, 1, 1, 1, 1, 1, 1, 1, 1, 1, 1, 1, 1, 1, 1, 1, 1, 1, 1, 1, 1, 1, 1, 1, 1, 1, 1, 1, 1, 1, 1, 1, 1, 1, 1, 1, 1, 1, 1, 1, 1, 1, 1, 1, 1, 1, 1, 1, 1, 1, 1, 1, 1, 1, 1, 1, 1, 1, 1, 1, 1, 1, 1, 1, 1, 1, 1, 1, 1, 1, 1, 1, 1, 1, 1, 1, 1, 1, 1], "safe_input_ids": [128000, 14924, 25, 16299, 315, 279, 2768, 12518, 527, 3082, 14, 4139, 30, 220, 16, 13, 473, 17260, 332, 2191, 11, 902, 374, 4613, 439, 323, 26252, 43918, 27639, 8762, 5497, 7013, 6650, 11, 22223, 13489, 220, 914, 4, 315, 3278, 13, 220, 17, 13, 9734, 321, 2065, 19813, 311, 264, 3044, 304, 902, 323, 26252, 5990, 527, 40044, 1579, 311, 5353, 5217, 12195, 323, 13803, 13, 220, 18, 13, 93720, 11, 6978, 449, 6650, 36908, 13937, 320, 72, 1770, 2637, 1645, 442, 797, 5893, 8, 3118, 449, 305, 17260, 332, 2191, 13, 220, 19, 13, 362, 4382, 323, 17037, 1511, 1749, 311, 12239, 7013, 6650, 374, 279, 11041, 5569, 315, 29042, 40310, 323, 25919, 906, 88, 13, 220, 20, 13, 71094, 3485, 220, 23, 4284, 13937, 323, 26252, 82076, 7013, 6650, 627, 3883, 25, 320, 32, 8, 220, 16, 11, 220, 17, 11, 220, 18, 3082, 612, 220, 19, 11, 220, 20, 905, 320, 33, 8, 220, 16, 11, 220, 18, 11, 220, 20, 3082, 612, 220, 17, 11, 220, 19, 905, 320, 34, 8, 220, 17, 11, 220, 19, 11, 220, 20, 3082, 612, 220, 16, 11, 220, 18, 905, 320, 35, 8, 220, 16, 11, 220, 17, 11, 220, 18, 11, 220, 19, 3082, 612, 220, 20, 905, 198, 16533, 25, 320], "safe_attention_mask": [1, 1, 1, 1, 1, 1, 1, 1, 1, 1, 1, 1, 1, 1, 1, 1, 1, 1, 1, 1, 1, 1, 1, 1, 1, 1, 1, 1, 1, 1, 1, 1, 1, 1, 1, 1, 1, 1, 1, 1, 1, 1, 1, 1, 1, 1, 1, 1, 1, 1, 1, 1, 1, 1, 1, 1, 1, 1, 1, 1, 1, 1, 1, 1, 1, 1, 1, 1, 1, 1, 1, 1, 1, 1, 1, 1, 1, 1, 1, 1, 1, 1, 1, 1, 1, 1, 1, 1, 1, 1, 1, 1, 1, 1, 1, 1, 1, 1, 1, 1, 1, 1, 1, 1, 1, 1, 1, 1, 1, 1, 1, 1, 1, 1, 1, 1, 1, 1, 1, 1, 1, 1, 1, 1, 1, 1, 1, 1, 1, 1, 1, 1, 1, 1, 1, 1, 1, 1, 1, 1, 1, 1, 1, 1, 1, 1, 1, 1, 1, 1, 1, 1, 1, 1, 1, 1, 1, 1, 1, 1, 1, 1, 1, 1, 1, 1, 1, 1, 1, 1, 1, 1, 1, 1, 1, 1, 1, 1, 1, 1, 1, 1, 1, 1, 1, 1, 1, 1, 1, 1, 1, 1, 1, 1, 1, 1, 1, 1, 1, 1, 1, 1, 1, 1, 1, 1, 1, 1, 1, 1, 1, 1, 1, 1, 1], "pos_id": 356, "neg_id": 423}
{"input_ids": [128000, 14924, 25, 578, 15430, 587, 79117, 5411, 2349, 31965, 304, 17684, 23336, 8893, 374, 4245, 311, 198, 3883, 25, 320, 32, 8, 18879, 496, 292, 44225, 320, 33, 8, 22617, 39097, 320, 34, 8, 14094, 278, 36654, 320, 35, 8, 39515, 388, 48937, 198, 16533, 25, 320], "attention_mask": [1, 1, 1, 1, 1, 1, 1, 1, 1, 1, 1, 1, 1, 1, 1, 1, 1, 1, 1, 1, 1, 1, 1, 1, 1, 1, 1, 1, 1, 1, 1, 1, 1, 1, 1, 1, 1, 1, 1, 1, 1, 1, 1, 1, 1, 1, 1, 1], "safe_input_ids": [128000, 14924, 25, 578, 15430, 587, 79117, 5411, 2349, 31965, 304, 17684, 23336, 8893, 374, 4245, 311, 198, 3883, 25, 320, 32, 8, 18879, 496, 292, 44225, 320, 33, 8, 22617, 39097, 320, 34, 8, 14094, 278, 36654, 320, 35, 8, 39515, 388, 48937, 198, 16533, 25, 320], "safe_attention_mask": [1, 1, 1, 1, 1, 1, 1, 1, 1, 1, 1, 1, 1, 1, 1, 1, 1, 1, 1, 1, 1, 1, 1, 1, 1, 1, 1, 1, 1, 1, 1, 1, 1, 1, 1, 1, 1, 1, 1, 1, 1, 1, 1, 1, 1, 1, 1, 1], "pos_id": 356, "neg_id": 362}
{"input_ids": [128000, 14924, 25, 3082, 9002, 22171, 10474, 374, 5380, 3883, 25, 320, 32, 8, 4212, 4529, 311, 1008, 418, 304, 279, 502, 4676, 320, 33, 8, 34871, 13980, 75251, 320, 34, 8, 578, 65388, 304, 22171, 10474, 374, 4245, 311, 2849, 4648, 320, 35, 8, 1102, 374, 279, 220, 17, 303, 10474, 304, 45964, 6650, 16029, 198, 16533, 25, 320], "attention_mask": [1, 1, 1, 1, 1, 1, 1, 1, 1, 1, 1, 1, 1, 1, 1, 1, 1, 1, 1, 1, 1, 1, 1, 1, 1, 1, 1, 1, 1, 1, 1, 1, 1, 1, 1, 1, 1, 1, 1, 1, 1, 1, 1, 1, 1, 1, 1, 1, 1, 1, 1, 1, 1, 1, 1, 1, 1, 1, 1, 1], "safe_input_ids": [128000, 14924, 25, 3082, 9002, 22171, 10474, 374, 5380, 3883, 25, 320, 32, 8, 4212, 4529, 311, 1008, 418, 304, 279, 502, 4676, 320, 33, 8, 34871, 13980, 75251, 320, 34, 8, 578, 65388, 304, 22171, 10474, 374, 4245, 311, 2849, 4648, 320, 35, 8, 1102, 374, 279, 220, 17, 303, 10474, 304, 45964, 6650, 16029, 198, 16533, 25, 320], "safe_attention_mask": [1, 1, 1, 1, 1, 1, 1, 1, 1, 1, 1, 1, 1, 1, 1, 1, 1, 1, 1, 1, 1, 1, 1, 1, 1, 1, 1, 1, 1, 1, 1, 1, 1, 1, 1, 1, 1, 1, 1, 1, 1, 1, 1, 1, 1, 1, 1, 1, 1, 1, 1, 1, 1, 1, 1, 1, 1, 1, 1, 1], "pos_id": 362, "neg_id": 426}
{"input_ids": [128000, 14924, 25, 362, 220, 1399, 43438, 2362, 21249, 78320, 18911, 449, 6784, 1752, 20547, 17728, 2693, 689, 315, 220, 16, 1938, 8250, 13, 47997, 315, 5873, 311, 1440, 279, 5353, 315, 17728, 2693, 689, 198, 3883, 25, 320, 32, 8, 2326, 38, 320, 33, 8, 1630, 30630, 735, 4594, 320, 34, 8, 17229, 483, 14348, 320, 35, 8, 17229, 483, 92914, 369, 94329, 79909, 2508, 7917, 198, 16533, 25, 320], "attention_mask": [1, 1, 1, 1, 1, 1, 1, 1, 1, 1, 1, 1, 1, 1, 1, 1, 1, 1, 1, 1, 1, 1, 1, 1, 1, 1, 1, 1, 1, 1, 1, 1, 1, 1, 1, 1, 1, 1, 1, 1, 1, 1, 1, 1, 1, 1, 1, 1, 1, 1, 1, 1, 1, 1, 1, 1, 1, 1, 1, 1, 1, 1, 1, 1, 1, 1, 1, 1, 1, 1, 1], "safe_input_ids": [128000, 14924, 25, 362, 220, 1399, 43438, 2362, 21249, 78320, 18911, 449, 6784, 1752, 20547, 17728, 2693, 689, 315, 220, 16, 1938, 8250, 13, 47997, 315, 5873, 311, 1440, 279, 5353, 315, 17728, 2693, 689, 198, 3883, 25, 320, 32, 8, 2326, 38, 320, 33, 8, 1630, 30630, 735, 4594, 320, 34, 8, 17229, 483, 14348, 320, 35, 8, 17229, 483, 92914, 369, 94329, 79909, 2508, 7917, 198, 16533, 25, 320], "safe_attention_mask": [1, 1, 1, 1, 1, 1, 1, 1, 1, 1, 1, 1, 1, 1, 1, 1, 1, 1, 1, 1, 1, 1, 1, 1, 1, 1, 1, 1, 1, 1, 1, 1, 1, 1, 1, 1, 1, 1, 1, 1, 1, 1, 1, 1, 1, 1, 1, 1, 1, 1, 1, 1, 1, 1, 1, 1, 1, 1, 1, 1, 1, 1, 1, 1, 1, 1, 1, 1, 1, 1, 1], "pos_id": 423, "neg_id": 362}
{"input_ids": [128000, 14924, 25, 3161, 902, 315, 279, 2768, 44540, 279, 5237, 25734, 483, 706, 459, 43215, 4633, 16628, 18072, 3883, 25, 320, 32, 8, 67005, 20588, 44540, 320, 33, 8, 36470, 8148, 258, 44540, 320, 34, 8, 2467, 71970, 483, 44540, 320, 35, 8, 2417, 307, 1394, 22671, 44540, 198, 16533, 25, 320], "attention_mask": [1, 1, 1, 1, 1, 1, 1, 1, 1, 1, 1, 1, 1, 1, 1, 1, 1, 1, 1, 1, 1, 1, 1, 1, 1, 1, 1, 1, 1, 1, 1, 1, 1, 1, 1, 1, 1, 1, 1, 1, 1, 1, 1, 1, 1, 1, 1, 1, 1, 1, 1, 1, 1], "safe_input_ids": [128000, 14924, 25, 3161, 902, 315, 279, 2768, 44540, 279, 5237, 25734, 483, 706, 459, 43215, 4633, 16628, 18072, 3883, 25, 320, 32, 8, 67005, 20588, 44540, 320, 33, 8, 36470, 8148, 258, 44540, 320, 34, 8, 2467, 71970, 483, 44540, 320, 35, 8, 2417, 307, 1394, 22671, 44540, 198, 16533, 25, 320], "safe_attention_mask": [1, 1, 1, 1, 1, 1, 1, 1, 1, 1, 1, 1, 1, 1, 1, 1, 1, 1, 1, 1, 1, 1, 1, 1, 1, 1, 1, 1, 1, 1, 1, 1, 1, 1, 1, 1, 1, 1, 1, 1, 1, 1, 1, 1, 1, 1, 1, 1, 1, 1, 1, 1, 1], "pos_id": 356, "neg_id": 362}
{"input_ids": [128000, 14924, 25, 33832, 99530, 374, 3970, 304, 198, 3883, 25, 320, 32, 8, 43805, 76525, 24292, 22689, 320, 33, 8, 29911, 856, 301, 7942, 320, 34, 8, 52292, 2078, 320, 35, 8, 445, 32800, 7942, 198, 16533, 25, 320], "attention_mask": [1, 1, 1, 1, 1, 1, 1, 1, 1, 1, 1, 1, 1, 1, 1, 1, 1, 1, 1, 1, 1, 1, 1, 1, 1, 1, 1, 1, 1, 1, 1, 1, 1, 1, 1, 1, 1, 1, 1, 1], "safe_input_ids": [128000, 14924, 25, 33832, 99530, 374, 3970, 304, 198, 3883, 25, 320, 32, 8, 43805, 76525, 24292, 22689, 320, 33, 8, 29911, 856, 301, 7942, 320, 34, 8, 52292, 2078, 320, 35, 8, 445, 32800, 7942, 198, 16533, 25, 320], "safe_attention_mask": [1, 1, 1, 1, 1, 1, 1, 1, 1, 1, 1, 1, 1, 1, 1, 1, 1, 1, 1, 1, 1, 1, 1, 1, 1, 1, 1, 1, 1, 1, 1, 1, 1, 1, 1, 1, 1, 1, 1, 1], "pos_id": 362, "neg_id": 426}
{"input_ids": [128000, 14924, 25, 1789, 264, 40646, 87572, 16029, 902, 6767, 315, 8792, 31954, 374, 7928, 198, 3883, 25, 320, 32, 8, 16729, 320, 33, 8, 14904, 320, 34, 8, 63690, 320, 35, 8, 2052, 527, 6273, 198, 16533, 25, 320], "attention_mask": [1, 1, 1, 1, 1, 1, 1, 1, 1, 1, 1, 1, 1, 1, 1, 1, 1, 1, 1, 1, 1, 1, 1, 1, 1, 1, 1, 1, 1, 1, 1, 1, 1, 1, 1, 1, 1, 1, 1, 1], "safe_input_ids": [128000, 14924, 25, 1789, 264, 40646, 87572, 16029, 902, 6767, 315, 8792, 31954, 374, 7928, 198, 3883, 25, 320, 32, 8, 16729, 320, 33, 8, 14904, 320, 34, 8, 63690, 320, 35, 8, 2052, 527, 6273, 198, 16533, 25, 320], "safe_attention_mask": [1, 1, 1, 1, 1, 1, 1, 1, 1, 1, 1, 1, 1, 1, 1, 1, 1, 1, 1, 1, 1, 1, 1, 1, 1, 1, 1, 1, 1, 1, 1, 1, 1, 1, 1, 1, 1, 1, 1, 1], "pos_id": 362, "neg_id": 356}
{"input_ids": [128000, 14924, 25, 578, 1920, 315, 2653, 6147, 264, 24532, 6303, 1555, 88000, 449, 21308, 56406, 220, 311, 11322, 7191, 22936, 8333, 374, 3967, 439, 512, 3883, 25, 320, 32, 8, 7011, 2060, 320, 33, 8, 20638, 320, 34, 8, 11481, 6147, 320, 35, 8, 50416, 2065, 198, 16533, 25, 320], "attention_mask": [1, 1, 1, 1, 1, 1, 1, 1, 1, 1, 1, 1, 1, 1, 1, 1, 1, 1, 1, 1, 1, 1, 1, 1, 1, 1, 1, 1, 1, 1, 1, 1, 1, 1, 1, 1, 1, 1, 1, 1, 1, 1, 1, 1, 1, 1, 1, 1, 1, 1, 1], "safe_input_ids": [128000, 14924, 25, 578, 1920, 315, 2653, 6147, 264, 24532, 6303, 1555, 88000, 449, 21308, 56406, 220, 311, 11322, 7191, 22936, 8333, 374, 3967, 439, 512, 3883, 25, 320, 32, 8, 7011, 2060, 320, 33, 8, 20638, 320, 34, 8, 11481, 6147, 320, 35, 8, 50416, 2065, 198, 16533, 25, 320], "safe_attention_mask": [1, 1, 1, 1, 1, 1, 1, 1, 1, 1, 1, 1, 1, 1, 1, 1, 1, 1, 1, 1, 1, 1, 1, 1, 1, 1, 1, 1, 1, 1, 1, 1, 1, 1, 1, 1, 1, 1, 1, 1, 1, 1, 1, 1, 1, 1, 1, 1, 1, 1, 1], "pos_id": 362, "neg_id": 356}
{"input_ids": [128000, 14924, 25, 42041, 348, 7304, 272, 2979, 374, 14592, 505, 512, 3883, 25, 320, 32, 8, 362, 90438, 5438, 320, 33, 8, 2405, 661, 85590, 278, 5438, 320, 34, 8, 47014, 54344, 320, 35, 8, 29560, 616, 483, 54344, 198, 16533, 25, 320], "attention_mask": [1, 1, 1, 1, 1, 1, 1, 1, 1, 1, 1, 1, 1, 1, 1, 1, 1, 1, 1, 1, 1, 1, 1, 1, 1, 1, 1, 1, 1, 1, 1, 1, 1, 1, 1, 1, 1, 1, 1, 1, 1, 1, 1, 1], "safe_input_ids": [128000, 14924, 25, 42041, 348, 7304, 272, 2979, 374, 14592, 505, 512, 3883, 25, 320, 32, 8, 362, 90438, 5438, 320, 33, 8, 2405, 661, 85590, 278, 5438, 320, 34, 8, 47014, 54344, 320, 35, 8, 29560, 616, 483, 54344, 198, 16533, 25, 320], "safe_attention_mask": [1, 1, 1, 1, 1, 1, 1, 1, 1, 1, 1, 1, 1, 1, 1, 1, 1, 1, 1, 1, 1, 1, 1, 1, 1, 1, 1, 1, 1, 1, 1, 1, 1, 1, 1, 1, 1, 1, 1, 1, 1, 1, 1, 1], "pos_id": 356, "neg_id": 362}
{"input_ids": [128000, 14924, 25, 3475, 24553, 65415, 6118, 48282, 505, 198, 3883, 25, 320, 32, 8, 3765, 5717, 992, 264, 89639, 3770, 63915, 65415, 320, 33, 8, 14094, 278, 65415, 320, 34, 8, 15774, 3900, 18029, 65415, 320, 35, 8, 9634, 3900, 18029, 65415, 198, 16533, 25, 320], "attention_mask": [1, 1, 1, 1, 1, 1, 1, 1, 1, 1, 1, 1, 1, 1, 1, 1, 1, 1, 1, 1, 1, 1, 1, 1, 1, 1, 1, 1, 1, 1, 1, 1, 1, 1, 1, 1, 1, 1, 1, 1, 1, 1, 1, 1, 1, 1, 1], "safe_input_ids": [128000, 14924, 25, 3475, 24553, 65415, 6118, 48282, 505, 198, 3883, 25, 320, 32, 8, 3765, 5717, 992, 264, 89639, 3770, 63915, 65415, 320, 33, 8, 14094, 278, 65415, 320, 34, 8, 15774, 3900, 18029, 65415, 320, 35, 8, 9634, 3900, 18029, 65415, 198, 16533, 25, 320], "safe_attention_mask": [1, 1, 1, 1, 1, 1, 1, 1, 1, 1, 1, 1, 1, 1, 1, 1, 1, 1, 1, 1, 1, 1, 1, 1, 1, 1, 1, 1, 1, 1, 1, 1, 1, 1, 1, 1, 1, 1, 1, 1, 1, 1, 1, 1, 1, 1, 1], "pos_id": 362, "neg_id": 356}
{"input_ids": [128000, 14924, 25, 12661, 315, 26480, 23125, 304, 19973, 7403, 374, 512, 3883, 25, 320, 32, 8, 63690, 320, 33, 8, 7136, 29667, 320, 34, 8, 61748, 320, 35, 8, 8797, 3765, 23985, 198, 16533, 25, 320], "attention_mask": [1, 1, 1, 1, 1, 1, 1, 1, 1, 1, 1, 1, 1, 1, 1, 1, 1, 1, 1, 1, 1, 1, 1, 1, 1, 1, 1, 1, 1, 1, 1, 1, 1, 1, 1, 1, 1], "safe_input_ids": [128000, 14924, 25, 12661, 315, 26480, 23125, 304, 19973, 7403, 374, 512, 3883, 25, 320, 32, 8, 63690, 320, 33, 8, 7136, 29667, 320, 34, 8, 61748, 320, 35, 8, 8797, 3765, 23985, 198, 16533, 25, 320], "safe_attention_mask": [1, 1, 1, 1, 1, 1, 1, 1, 1, 1, 1, 1, 1, 1, 1, 1, 1, 1, 1, 1, 1, 1, 1, 1, 1, 1, 1, 1, 1, 1, 1, 1, 1, 1, 1, 1, 1], "pos_id": 356, "neg_id": 426}
{"input_ids": [128000, 14924, 25, 10995, 13978, 430, 706, 539, 1027, 89948, 7946, 779, 3117, 374, 7058, 3883, 25, 320, 32, 8, 2009, 418, 4890, 9008, 320, 33, 8, 12758, 621, 9355, 67597, 307, 372, 320, 34, 8, 98985, 295, 6985, 320, 35, 8, 800, 1366, 88, 1092, 92411, 198, 16533, 25, 320], "attention_mask": [1, 1, 1, 1, 1, 1, 1, 1, 1, 1, 1, 1, 1, 1, 1, 1, 1, 1, 1, 1, 1, 1, 1, 1, 1, 1, 1, 1, 1, 1, 1, 1, 1, 1, 1, 1, 1, 1, 1, 1, 1, 1, 1, 1, 1, 1, 1, 1, 1, 1, 1], "safe_input_ids": [128000, 14924, 25, 10995, 13978, 430, 706, 539, 1027, 89948, 7946, 779, 3117, 374, 7058, 3883, 25, 320, 32, 8, 2009, 418, 4890, 9008, 320, 33, 8, 12758, 621, 9355, 67597, 307, 372, 320, 34, 8, 98985, 295, 6985, 320, 35, 8, 800, 1366, 88, 1092, 92411, 198, 16533, 25, 320], "safe_attention_mask": [1, 1, 1, 1, 1, 1, 1, 1, 1, 1, 1, 1, 1, 1, 1, 1, 1, 1, 1, 1, 1, 1, 1, 1, 1, 1, 1, 1, 1, 1, 1, 1, 1, 1, 1, 1, 1, 1, 1, 1, 1, 1, 1, 1, 1, 1, 1, 1, 1, 1, 1], "pos_id": 426, "neg_id": 362}
{"input_ids": [128000, 14924, 25, 18944, 29142, 18638, 11595, 315, 264, 8954, 374, 3770, 198, 3883, 25, 320, 32, 8, 220, 15, 13, 22, 320, 33, 8, 220, 15, 13, 23, 320, 34, 8, 220, 15, 13, 24, 320, 35, 8, 220, 16, 198, 16533, 25, 320], "attention_mask": [1, 1, 1, 1, 1, 1, 1, 1, 1, 1, 1, 1, 1, 1, 1, 1, 1, 1, 1, 1, 1, 1, 1, 1, 1, 1, 1, 1, 1, 1, 1, 1, 1, 1, 1, 1, 1, 1, 1, 1, 1, 1, 1, 1, 1], "safe_input_ids": [128000, 14924, 25, 18944, 29142, 18638, 11595, 315, 264, 8954, 374, 3770, 198, 3883, 25, 320, 32, 8, 220, 15, 13, 22, 320, 33, 8, 220, 15, 13, 23, 320, 34, 8, 220, 15, 13, 24, 320, 35, 8, 220, 16, 198, 16533, 25, 320], "safe_attention_mask": [1, 1, 1, 1, 1, 1, 1, 1, 1, 1, 1, 1, 1, 1, 1, 1, 1, 1, 1, 1, 1, 1, 1, 1, 1, 1, 1, 1, 1, 1, 1, 1, 1, 1, 1, 1, 1, 1, 1, 1, 1, 1, 1, 1, 1], "pos_id": 426, "neg_id": 362}
{"input_ids": [128000, 14924, 25, 578, 1455, 4279, 5353, 315, 63915, 1156, 3329, 304, 264, 220, 18, 1060, 2362, 1716, 374, 18722, 3883, 25, 320, 32, 8, 17747, 13722, 320, 33, 8, 40640, 74554, 320, 34, 8, 79562, 292, 80284, 466, 278, 93262, 36572, 4611, 301, 606, 764, 38090, 320, 35, 8, 5783, 49270, 44964, 38090, 198, 16533, 25, 320], "attention_mask": [1, 1, 1, 1, 1, 1, 1, 1, 1, 1, 1, 1, 1, 1, 1, 1, 1, 1, 1, 1, 1, 1, 1, 1, 1, 1, 1, 1, 1, 1, 1, 1, 1, 1, 1, 1, 1, 1, 1, 1, 1, 1, 1, 1, 1, 1, 1, 1, 1, 1, 1, 1, 1, 1, 1, 1, 1, 1], "safe_input_ids": [128000, 14924, 25, 578, 1455, 4279, 5353, 315, 63915, 1156, 3329, 304, 264, 220, 18, 1060, 2362, 1716, 374, 18722, 3883, 25, 320, 32, 8, 17747, 13722, 320, 33, 8, 40640, 74554, 320, 34, 8, 79562, 292, 80284, 466, 278, 93262, 36572, 4611, 301, 606, 764, 38090, 320, 35, 8, 5783, 49270, 44964, 38090, 198, 16533, 25, 320], "safe_attention_mask": [1, 1, 1, 1, 1, 1, 1, 1, 1, 1, 1, 1, 1, 1, 1, 1, 1, 1, 1, 1, 1, 1, 1, 1, 1, 1, 1, 1, 1, 1, 1, 1, 1, 1, 1, 1, 1, 1, 1, 1, 1, 1, 1, 1, 1, 1, 1, 1, 1, 1, 1, 1, 1, 1, 1, 1, 1, 1], "pos_id": 356, "neg_id": 362}
{"input_ids": [128000, 14924, 25, 362, 220, 21, 31482, 2362, 26332, 23556, 8893, 4131, 311, 13147, 449, 23900, 2254, 1608, 9355, 520, 279, 11134, 2816, 13, 1952, 24481, 912, 75815, 16914, 323, 10278, 46874, 527, 4725, 13, 7648, 8475, 6373, 374, 198, 3883, 25, 320, 32, 8, 4953, 1854, 323, 84878, 320, 33, 8, 14144, 323, 3821, 320, 34, 8, 8949, 1207, 10453, 18133, 65617, 77, 731, 74808, 320, 35, 8, 61894, 81443, 65617, 77, 731, 74808, 198, 16533, 25, 320], "attention_mask": [1, 1, 1, 1, 1, 1, 1, 1, 1, 1, 1, 1, 1, 1, 1, 1, 1, 1, 1, 1, 1, 1, 1, 1, 1, 1, 1, 1, 1, 1, 1, 1, 1, 1, 1, 1, 1, 1, 1, 1, 1, 1, 1, 1, 1, 1, 1, 1, 1, 1, 1, 1, 1, 1, 1, 1, 1, 1, 1, 1, 1, 1, 1, 1, 1, 1, 1, 1, 1, 1, 1, 1, 1, 1, 1, 1, 1, 1, 1], "safe_input_ids": [128000, 14924, 25, 362, 220, 21, 31482, 2362, 26332, 23556, 8893, 4131, 311, 13147, 449, 23900, 2254, 1608, 9355, 520, 279, 11134, 2816, 13, 1952, 24481, 912, 75815, 16914, 323, 10278, 46874, 527, 4725, 13, 7648, 8475, 6373, 374, 198, 3883, 25, 320, 32, 8, 4953, 1854, 323, 84878, 320, 33, 8, 14144, 323, 3821, 320, 34, 8, 8949, 1207, 10453, 18133, 65617, 77, 731, 74808, 320, 35, 8, 61894, 81443, 65617, 77, 731, 74808, 198, 16533, 25, 320], "safe_attention_mask": [1, 1, 1, 1, 1, 1, 1, 1, 1, 1, 1, 1, 1, 1, 1, 1, 1, 1, 1, 1, 1, 1, 1, 1, 1, 1, 1, 1, 1, 1, 1, 1, 1, 1, 1, 1, 1, 1, 1, 1, 1, 1, 1, 1, 1, 1, 1, 1, 1, 1, 1, 1, 1, 1, 1, 1, 1, 1, 1, 1, 1, 1, 1, 1, 1, 1, 1, 1, 1, 1, 1, 1, 1, 1, 1, 1, 1, 1, 1], "pos_id": 426, "neg_id": 356}
{"input_ids": [128000, 14924, 25, 16299, 315, 279, 2768, 13307, 374, 1455, 17037, 5938, 449, 65174, 67979, 20000, 4245, 311, 10211, 37, 37796, 5380, 3883, 25, 320, 32, 8, 386, 6147, 511, 511, 5979, 320, 33, 8, 393, 126261, 511, 511, 5979, 320, 34, 8, 33924, 98635, 355, 763, 1517, 10529, 4458, 320, 35, 8, 469, 13, 4349, 72, 198, 16533, 25, 320], "attention_mask": [1, 1, 1, 1, 1, 1, 1, 1, 1, 1, 1, 1, 1, 1, 1, 1, 1, 1, 1, 1, 1, 1, 1, 1, 1, 1, 1, 1, 1, 1, 1, 1, 1, 1, 1, 1, 1, 1, 1, 1, 1, 1, 1, 1, 1, 1, 1, 1, 1, 1, 1, 1, 1, 1, 1, 1, 1, 1, 1, 1, 1], "safe_input_ids": [128000, 14924, 25, 16299, 315, 279, 2768, 13307, 374, 1455, 17037, 5938, 449, 65174, 67979, 20000, 4245, 311, 10211, 37, 37796, 5380, 3883, 25, 320, 32, 8, 386, 6147, 511, 511, 5979, 320, 33, 8, 393, 126261, 511, 511, 5979, 320, 34, 8, 33924, 98635, 355, 763, 1517, 10529, 4458, 320, 35, 8, 469, 13, 4349, 72, 198, 16533, 25, 320], "safe_attention_mask": [1, 1, 1, 1, 1, 1, 1, 1, 1, 1, 1, 1, 1, 1, 1, 1, 1, 1, 1, 1, 1, 1, 1, 1, 1, 1, 1, 1, 1, 1, 1, 1, 1, 1, 1, 1, 1, 1, 1, 1, 1, 1, 1, 1, 1, 1, 1, 1, 1, 1, 1, 1, 1, 1, 1, 1, 1, 1, 1, 1, 1], "pos_id": 426, "neg_id": 356}
{"input_ids": [128000, 14924, 25, 31969, 315, 5873, 304, 54286, 28900, 32015, 11134, 374, 512, 3883, 25, 320, 32, 8, 75622, 88733, 320, 33, 8, 75622, 32015, 13023, 320, 34, 8, 30071, 6373, 320, 35, 8, 744, 292, 23100, 292, 11975, 17390, 198, 16533, 25, 320], "attention_mask": [1, 1, 1, 1, 1, 1, 1, 1, 1, 1, 1, 1, 1, 1, 1, 1, 1, 1, 1, 1, 1, 1, 1, 1, 1, 1, 1, 1, 1, 1, 1, 1, 1, 1, 1, 1, 1, 1, 1, 1, 1, 1, 1, 1], "safe_input_ids": [128000, 14924, 25, 31969, 315, 5873, 304, 54286, 28900, 32015, 11134, 374, 512, 3883, 25, 320, 32, 8, 75622, 88733, 320, 33, 8, 75622, 32015, 13023, 320, 34, 8, 30071, 6373, 320, 35, 8, 744, 292, 23100, 292, 11975, 17390, 198, 16533, 25, 320], "safe_attention_mask": [1, 1, 1, 1, 1, 1, 1, 1, 1, 1, 1, 1, 1, 1, 1, 1, 1, 1, 1, 1, 1, 1, 1, 1, 1, 1, 1, 1, 1, 1, 1, 1, 1, 1, 1, 1, 1, 1, 1, 1, 1, 1, 1, 1], "pos_id": 426, "neg_id": 362}
{"input_ids": [128000, 14924, 25, 3639, 374, 279, 1888, 1749, 315, 63025, 279, 19624, 7187, 922, 54501, 312, 81824, 15105, 25, 5587, 220, 679, 18, 320, 67, 11, 282, 340, 3883, 25, 320, 32, 8, 921, 1727, 323, 3137, 7586, 63293, 320, 33, 8, 86501, 811, 320, 34, 8, 15766, 1514, 320, 35, 8, 17710, 7563, 198, 16533, 25, 320], "attention_mask": [1, 1, 1, 1, 1, 1, 1, 1, 1, 1, 1, 1, 1, 1, 1, 1, 1, 1, 1, 1, 1, 1, 1, 1, 1, 1, 1, 1, 1, 1, 1, 1, 1, 1, 1, 1, 1, 1, 1, 1, 1, 1, 1, 1, 1, 1, 1, 1, 1, 1, 1, 1, 1, 1, 1, 1, 1, 1], "safe_input_ids": [128000, 14924, 25, 3639, 374, 279, 1888, 1749, 315, 63025, 279, 19624, 7187, 922, 54501, 312, 81824, 15105, 25, 5587, 220, 679, 18, 320, 67, 11, 282, 340, 3883, 25, 320, 32, 8, 921, 1727, 323, 3137, 7586, 63293, 320, 33, 8, 86501, 811, 320, 34, 8, 15766, 1514, 320, 35, 8, 17710, 7563, 198, 16533, 25, 320], "safe_attention_mask": [1, 1, 1, 1, 1, 1, 1, 1, 1, 1, 1, 1, 1, 1, 1, 1, 1, 1, 1, 1, 1, 1, 1, 1, 1, 1, 1, 1, 1, 1, 1, 1, 1, 1, 1, 1, 1, 1, 1, 1, 1, 1, 1, 1, 1, 1, 1, 1, 1, 1, 1, 1, 1, 1, 1, 1, 1, 1], "pos_id": 426, "neg_id": 356}
{"input_ids": [128000, 14924, 25, 445, 32800, 27274, 902, 24659, 279, 46000, 220, 16, 14, 18, 23527, 315, 279, 25466, 512, 3883, 25, 320, 32, 8, 15004, 278, 27274, 13, 320, 33, 8, 24079, 992, 27274, 13, 320, 34, 8, 10913, 27274, 13, 320, 35, 8, 445, 19715, 27274, 627, 16533, 25, 320], "attention_mask": [1, 1, 1, 1, 1, 1, 1, 1, 1, 1, 1, 1, 1, 1, 1, 1, 1, 1, 1, 1, 1, 1, 1, 1, 1, 1, 1, 1, 1, 1, 1, 1, 1, 1, 1, 1, 1, 1, 1, 1, 1, 1, 1, 1, 1, 1, 1, 1, 1, 1, 1], "safe_input_ids": [128000, 14924, 25, 445, 32800, 27274, 902, 24659, 279, 46000, 220, 16, 14, 18, 23527, 315, 279, 25466, 512, 3883, 25, 320, 32, 8, 15004, 278, 27274, 13, 320, 33, 8, 24079, 992, 27274, 13, 320, 34, 8, 10913, 27274, 13, 320, 35, 8, 445, 19715, 27274, 627, 16533, 25, 320], "safe_attention_mask": [1, 1, 1, 1, 1, 1, 1, 1, 1, 1, 1, 1, 1, 1, 1, 1, 1, 1, 1, 1, 1, 1, 1, 1, 1, 1, 1, 1, 1, 1, 1, 1, 1, 1, 1, 1, 1, 1, 1, 1, 1, 1, 1, 1, 1, 1, 1, 1, 1, 1, 1], "pos_id": 362, "neg_id": 423}
{"input_ids": [128000, 14924, 25, 32388, 9547, 5938, 449, 1772, 90093, 61880, 323, 63571, 2768, 610, 370, 117324, 15173, 527, 682, 3734, 18722, 3883, 25, 320, 32, 8, 13381, 366, 220, 18, 42820, 320, 33, 8, 21722, 315, 91906, 871, 220, 966, 25876, 320, 34, 8, 19758, 477, 3070, 3925, 315, 1772, 482, 1200, 61880, 323, 63571, 320, 35, 8, 19758, 477, 3070, 3925, 315, 11633, 54950, 198, 16533, 25, 320], "attention_mask": [1, 1, 1, 1, 1, 1, 1, 1, 1, 1, 1, 1, 1, 1, 1, 1, 1, 1, 1, 1, 1, 1, 1, 1, 1, 1, 1, 1, 1, 1, 1, 1, 1, 1, 1, 1, 1, 1, 1, 1, 1, 1, 1, 1, 1, 1, 1, 1, 1, 1, 1, 1, 1, 1, 1, 1, 1, 1, 1, 1, 1, 1, 1, 1, 1, 1, 1, 1, 1], "safe_input_ids": [128000, 14924, 25, 32388, 9547, 5938, 449, 1772, 90093, 61880, 323, 63571, 2768, 610, 370, 117324, 15173, 527, 682, 3734, 18722, 3883, 25, 320, 32, 8, 13381, 366, 220, 18, 42820, 320, 33, 8, 21722, 315, 91906, 871, 220, 966, 25876, 320, 34, 8, 19758, 477, 3070, 3925, 315, 1772, 482, 1200, 61880, 323, 63571, 320, 35, 8, 19758, 477, 3070, 3925, 315, 11633, 54950, 198, 16533, 25, 320], "safe_attention_mask": [1, 1, 1, 1, 1, 1, 1, 1, 1, 1, 1, 1, 1, 1, 1, 1, 1, 1, 1, 1, 1, 1, 1, 1, 1, 1, 1, 1, 1, 1, 1, 1, 1, 1, 1, 1, 1, 1, 1, 1, 1, 1, 1, 1, 1, 1, 1, 1, 1, 1, 1, 1, 1, 1, 1, 1, 1, 1, 1, 1, 1, 1, 1, 1, 1, 1, 1, 1, 1], "pos_id": 362, "neg_id": 426}
{"input_ids": [128000, 14924, 25, 2052, 527, 3082, 922, 6515, 1088, 507, 5455, 5650, 301, 20000, 3734, 198, 3883, 25, 320, 32, 8, 7874, 304, 2911, 320, 33, 8, 1369, 19846, 6784, 320, 34, 8, 763, 12821, 2396, 11266, 61330, 325, 278, 12235, 320, 35, 8, 31969, 18065, 220, 21, 5672, 315, 95951, 83300, 198, 16533, 25, 320], "attention_mask": [1, 1, 1, 1, 1, 1, 1, 1, 1, 1, 1, 1, 1, 1, 1, 1, 1, 1, 1, 1, 1, 1, 1, 1, 1, 1, 1, 1, 1, 1, 1, 1, 1, 1, 1, 1, 1, 1, 1, 1, 1, 1, 1, 1, 1, 1, 1, 1, 1, 1, 1, 1, 1, 1, 1, 1], "safe_input_ids": [128000, 14924, 25, 2052, 527, 3082, 922, 6515, 1088, 507, 5455, 5650, 301, 20000, 3734, 198, 3883, 25, 320, 32, 8, 7874, 304, 2911, 320, 33, 8, 1369, 19846, 6784, 320, 34, 8, 763, 12821, 2396, 11266, 61330, 325, 278, 12235, 320, 35, 8, 31969, 18065, 220, 21, 5672, 315, 95951, 83300, 198, 16533, 25, 320], "safe_attention_mask": [1, 1, 1, 1, 1, 1, 1, 1, 1, 1, 1, 1, 1, 1, 1, 1, 1, 1, 1, 1, 1, 1, 1, 1, 1, 1, 1, 1, 1, 1, 1, 1, 1, 1, 1, 1, 1, 1, 1, 1, 1, 1, 1, 1, 1, 1, 1, 1, 1, 1, 1, 1, 1, 1, 1, 1], "pos_id": 356, "neg_id": 423}
{"input_ids": [128000, 14924, 25, 6898, 261, 337, 19715, 23128, 299, 51856, 315, 22095, 374, 369, 512, 3883, 25, 320, 32, 8, 2057, 1518, 3352, 4896, 69, 336, 10020, 264, 292, 2987, 320, 33, 8, 2057, 1518, 279, 46000, 15131, 6629, 29413, 2908, 320, 34, 8, 2057, 1518, 279, 37229, 3273, 290, 315, 45569, 3026, 3510, 355, 320, 35, 8, 2057, 1518, 279, 824, 94648, 315, 279, 46000, 21281, 315, 97348, 3026, 3510, 355, 198, 16533, 25, 320], "attention_mask": [1, 1, 1, 1, 1, 1, 1, 1, 1, 1, 1, 1, 1, 1, 1, 1, 1, 1, 1, 1, 1, 1, 1, 1, 1, 1, 1, 1, 1, 1, 1, 1, 1, 1, 1, 1, 1, 1, 1, 1, 1, 1, 1, 1, 1, 1, 1, 1, 1, 1, 1, 1, 1, 1, 1, 1, 1, 1, 1, 1, 1, 1, 1, 1, 1, 1, 1, 1, 1, 1, 1, 1, 1, 1, 1, 1], "safe_input_ids": [128000, 14924, 25, 6898, 261, 337, 19715, 23128, 299, 51856, 315, 22095, 374, 369, 512, 3883, 25, 320, 32, 8, 2057, 1518, 3352, 4896, 69, 336, 10020, 264, 292, 2987, 320, 33, 8, 2057, 1518, 279, 46000, 15131, 6629, 29413, 2908, 320, 34, 8, 2057, 1518, 279, 37229, 3273, 290, 315, 45569, 3026, 3510, 355, 320, 35, 8, 2057, 1518, 279, 824, 94648, 315, 279, 46000, 21281, 315, 97348, 3026, 3510, 355, 198, 16533, 25, 320], "safe_attention_mask": [1, 1, 1, 1, 1, 1, 1, 1, 1, 1, 1, 1, 1, 1, 1, 1, 1, 1, 1, 1, 1, 1, 1, 1, 1, 1, 1, 1, 1, 1, 1, 1, 1, 1, 1, 1, 1, 1, 1, 1, 1, 1, 1, 1, 1, 1, 1, 1, 1, 1, 1, 1, 1, 1, 1, 1, 1, 1, 1, 1, 1, 1, 1, 1, 1, 1, 1, 1, 1, 1, 1, 1, 1, 1, 1, 1], "pos_id": 362, "neg_id": 356}
{"input_ids": [128000, 14924, 25, 73773, 58159, 5803, 3557, 285, 902, 832, 315, 279, 2768, 374, 905, 512, 3883, 25, 320, 32, 8, 76495, 17604, 1093, 6367, 919, 527, 3970, 320, 33, 8, 1357, 1137, 550, 324, 36891, 320, 34, 8, 7648, 4279, 304, 2536, 2320, 40381, 519, 3278, 320, 35, 8, 426, 29088, 323, 6409, 4055, 68, 3970, 304, 38612, 39, 18459, 198, 16533, 25, 320], "attention_mask": [1, 1, 1, 1, 1, 1, 1, 1, 1, 1, 1, 1, 1, 1, 1, 1, 1, 1, 1, 1, 1, 1, 1, 1, 1, 1, 1, 1, 1, 1, 1, 1, 1, 1, 1, 1, 1, 1, 1, 1, 1, 1, 1, 1, 1, 1, 1, 1, 1, 1, 1, 1, 1, 1, 1, 1, 1, 1, 1, 1, 1, 1, 1, 1, 1], "safe_input_ids": [128000, 14924, 25, 73773, 58159, 5803, 3557, 285, 902, 832, 315, 279, 2768, 374, 905, 512, 3883, 25, 320, 32, 8, 76495, 17604, 1093, 6367, 919, 527, 3970, 320, 33, 8, 1357, 1137, 550, 324, 36891, 320, 34, 8, 7648, 4279, 304, 2536, 2320, 40381, 519, 3278, 320, 35, 8, 426, 29088, 323, 6409, 4055, 68, 3970, 304, 38612, 39, 18459, 198, 16533, 25, 320], "safe_attention_mask": [1, 1, 1, 1, 1, 1, 1, 1, 1, 1, 1, 1, 1, 1, 1, 1, 1, 1, 1, 1, 1, 1, 1, 1, 1, 1, 1, 1, 1, 1, 1, 1, 1, 1, 1, 1, 1, 1, 1, 1, 1, 1, 1, 1, 1, 1, 1, 1, 1, 1, 1, 1, 1, 1, 1, 1, 1, 1, 1, 1, 1, 1, 1, 1, 1], "pos_id": 356, "neg_id": 423}
{"input_ids": [128000, 14924, 25, 220, 914, 1060, 2362, 8893, 16687, 4136, 311, 617, 264, 57223, 3376, 85166, 372, 13, 30024, 374, 12153, 311, 2559, 13, 7252, 865, 30630, 1684, 374, 198, 3883, 25, 320, 32, 8, 14043, 45569, 1654, 392, 36891, 1684, 320, 33, 8, 10291, 45569, 1654, 392, 36891, 1684, 320, 34, 8, 6433, 483, 320, 35, 8, 2394, 606, 198, 16533, 25, 320], "attention_mask": [1, 1, 1, 1, 1, 1, 1, 1, 1, 1, 1, 1, 1, 1, 1, 1, 1, 1, 1, 1, 1, 1, 1, 1, 1, 1, 1, 1, 1, 1, 1, 1, 1, 1, 1, 1, 1, 1, 1, 1, 1, 1, 1, 1, 1, 1, 1, 1, 1, 1, 1, 1, 1, 1, 1, 1, 1, 1, 1, 1, 1, 1, 1, 1], "safe_input_ids": [128000, 14924, 25, 220, 914, 1060, 2362, 8893, 16687, 4136, 311, 617, 264, 57223, 3376, 85166, 372, 13, 30024, 374, 12153, 311, 2559, 13, 7252, 865, 30630, 1684, 374, 198, 3883, 25, 320, 32, 8, 14043, 45569, 1654, 392, 36891, 1684, 320, 33, 8, 10291, 45569, 1654, 392, 36891, 1684, 320, 34, 8, 6433, 483, 320, 35, 8, 2394, 606, 198, 16533, 25, 320], "safe_attention_mask": [1, 1, 1, 1, 1, 1, 1, 1, 1, 1, 1, 1, 1, 1, 1, 1, 1, 1, 1, 1, 1, 1, 1, 1, 1, 1, 1, 1, 1, 1, 1, 1, 1, 1, 1, 1, 1, 1, 1, 1, 1, 1, 1, 1, 1, 1, 1, 1, 1, 1, 1, 1, 1, 1, 1, 1, 1, 1, 1, 1, 1, 1, 1, 1], "pos_id": 362, "neg_id": 426}
{"input_ids": [128000, 14924, 25, 3639, 374, 279, 1455, 35977, 3273, 278, 315, 4441, 315, 1666, 716, 70, 87437, 5380, 3883, 25, 320, 32, 8, 393, 63974, 27653, 320, 33, 8, 20671, 320, 34, 8, 445, 29222, 320, 35, 8, 480, 23834, 71558, 42929, 198, 16533, 25, 320], "attention_mask": [1, 1, 1, 1, 1, 1, 1, 1, 1, 1, 1, 1, 1, 1, 1, 1, 1, 1, 1, 1, 1, 1, 1, 1, 1, 1, 1, 1, 1, 1, 1, 1, 1, 1, 1, 1, 1, 1, 1, 1, 1, 1, 1, 1, 1, 1], "safe_input_ids": [128000, 14924, 25, 3639, 374, 279, 1455, 35977, 3273, 278, 315, 4441, 315, 1666, 716, 70, 87437, 5380, 3883, 25, 320, 32, 8, 393, 63974, 27653, 320, 33, 8, 20671, 320, 34, 8, 445, 29222, 320, 35, 8, 480, 23834, 71558, 42929, 198, 16533, 25, 320], "safe_attention_mask": [1, 1, 1, 1, 1, 1, 1, 1, 1, 1, 1, 1, 1, 1, 1, 1, 1, 1, 1, 1, 1, 1, 1, 1, 1, 1, 1, 1, 1, 1, 1, 1, 1, 1, 1, 1, 1, 1, 1, 1, 1, 1, 1, 1, 1, 1], "pos_id": 356, "neg_id": 362}
{"input_ids": [128000, 14924, 25, 1789, 5257, 37, 6373, 304, 3276, 268, 4306, 4261, 5764, 18072, 3883, 25, 320, 32, 8, 19984, 32435, 1062, 85, 85995, 320, 33, 8, 5377, 568, 64, 15173, 320, 34, 8, 735, 661, 67247, 320, 35, 8, 1666, 5682, 258, 198, 16533, 25, 320], "attention_mask": [1, 1, 1, 1, 1, 1, 1, 1, 1, 1, 1, 1, 1, 1, 1, 1, 1, 1, 1, 1, 1, 1, 1, 1, 1, 1, 1, 1, 1, 1, 1, 1, 1, 1, 1, 1, 1, 1, 1, 1, 1, 1, 1, 1, 1, 1, 1], "safe_input_ids": [128000, 14924, 25, 1789, 5257, 37, 6373, 304, 3276, 268, 4306, 4261, 5764, 18072, 3883, 25, 320, 32, 8, 19984, 32435, 1062, 85, 85995, 320, 33, 8, 5377, 568, 64, 15173, 320, 34, 8, 735, 661, 67247, 320, 35, 8, 1666, 5682, 258, 198, 16533, 25, 320], "safe_attention_mask": [1, 1, 1, 1, 1, 1, 1, 1, 1, 1, 1, 1, 1, 1, 1, 1, 1, 1, 1, 1, 1, 1, 1, 1, 1, 1, 1, 1, 1, 1, 1, 1, 1, 1, 1, 1, 1, 1, 1, 1, 1, 1, 1, 1, 1, 1, 1], "pos_id": 356, "neg_id": 362}
{"input_ids": [128000, 14924, 25, 3639, 2349, 690, 387, 3970, 304, 67861, 42743, 3330, 304, 297, 7562, 10934, 7058, 3883, 25, 320, 32, 8, 35315, 2461, 315, 2624, 320, 33, 8, 98028, 35776, 320, 34, 8, 62697, 2624, 3634, 320, 35, 8, 2290, 198, 16533, 25, 320], "attention_mask": [1, 1, 1, 1, 1, 1, 1, 1, 1, 1, 1, 1, 1, 1, 1, 1, 1, 1, 1, 1, 1, 1, 1, 1, 1, 1, 1, 1, 1, 1, 1, 1, 1, 1, 1, 1, 1, 1, 1, 1, 1, 1, 1, 1, 1], "safe_input_ids": [128000, 14924, 25, 3639, 2349, 690, 387, 3970, 304, 67861, 42743, 3330, 304, 297, 7562, 10934, 7058, 3883, 25, 320, 32, 8, 35315, 2461, 315, 2624, 320, 33, 8, 98028, 35776, 320, 34, 8, 62697, 2624, 3634, 320, 35, 8, 2290, 198, 16533, 25, 320], "safe_attention_mask": [1, 1, 1, 1, 1, 1, 1, 1, 1, 1, 1, 1, 1, 1, 1, 1, 1, 1, 1, 1, 1, 1, 1, 1, 1, 1, 1, 1, 1, 1, 1, 1, 1, 1, 1, 1, 1, 1, 1, 1, 1, 1, 1, 1, 1], "pos_id": 362, "neg_id": 356}
{"input_ids": [128000, 14924, 25, 1442, 6573, 1584, 4097, 279, 33956, 2673, 11, 1243, 279, 2768, 13861, 449, 27639, 958, 5438, 3634, 374, 21771, 304, 5380, 3883, 25, 320, 32, 8, 3308, 482, 220, 16, 320, 33, 8, 3308, 482, 220, 17, 320, 34, 8, 3308, 482, 220, 18, 320, 35, 8, 3308, 482, 220, 19, 198, 16533, 25, 320], "attention_mask": [1, 1, 1, 1, 1, 1, 1, 1, 1, 1, 1, 1, 1, 1, 1, 1, 1, 1, 1, 1, 1, 1, 1, 1, 1, 1, 1, 1, 1, 1, 1, 1, 1, 1, 1, 1, 1, 1, 1, 1, 1, 1, 1, 1, 1, 1, 1, 1, 1, 1, 1, 1, 1, 1, 1, 1, 1, 1], "safe_input_ids": [128000, 14924, 25, 1442, 6573, 1584, 4097, 279, 33956, 2673, 11, 1243, 279, 2768, 13861, 449, 27639, 958, 5438, 3634, 374, 21771, 304, 5380, 3883, 25, 320, 32, 8, 3308, 482, 220, 16, 320, 33, 8, 3308, 482, 220, 17, 320, 34, 8, 3308, 482, 220, 18, 320, 35, 8, 3308, 482, 220, 19, 198, 16533, 25, 320], "safe_attention_mask": [1, 1, 1, 1, 1, 1, 1, 1, 1, 1, 1, 1, 1, 1, 1, 1, 1, 1, 1, 1, 1, 1, 1, 1, 1, 1, 1, 1, 1, 1, 1, 1, 1, 1, 1, 1, 1, 1, 1, 1, 1, 1, 1, 1, 1, 1, 1, 1, 1, 1, 1, 1, 1, 1, 1, 1, 1, 1], "pos_id": 426, "neg_id": 356}
{"input_ids": [128000, 14924, 25, 59642, 1122, 6767, 315, 41643, 2136, 18722, 3883, 25, 320, 32, 8, 14904, 482, 16729, 14, 8189, 320, 33, 8, 16729, 482, 14904, 14, 8189, 320, 34, 8, 8189, 14, 3720, 482, 3152, 320, 35, 8, 16729, 482, 14904, 14, 8189, 198, 16533, 25, 320], "attention_mask": [1, 1, 1, 1, 1, 1, 1, 1, 1, 1, 1, 1, 1, 1, 1, 1, 1, 1, 1, 1, 1, 1, 1, 1, 1, 1, 1, 1, 1, 1, 1, 1, 1, 1, 1, 1, 1, 1, 1, 1, 1, 1, 1, 1, 1, 1, 1, 1], "safe_input_ids": [128000, 14924, 25, 59642, 1122, 6767, 315, 41643, 2136, 18722, 3883, 25, 320, 32, 8, 14904, 482, 16729, 14, 8189, 320, 33, 8, 16729, 482, 14904, 14, 8189, 320, 34, 8, 8189, 14, 3720, 482, 3152, 320, 35, 8, 16729, 482, 14904, 14, 8189, 198, 16533, 25, 320], "safe_attention_mask": [1, 1, 1, 1, 1, 1, 1, 1, 1, 1, 1, 1, 1, 1, 1, 1, 1, 1, 1, 1, 1, 1, 1, 1, 1, 1, 1, 1, 1, 1, 1, 1, 1, 1, 1, 1, 1, 1, 1, 1, 1, 1, 1, 1, 1, 1, 1, 1], "pos_id": 426, "neg_id": 423}
{"input_ids": [128000, 14924, 25, 23548, 527, 279, 11384, 315, 11210, 4814, 315, 11376, 3734, 18072, 3883, 25, 320, 32, 8, 37337, 22722, 2840, 2933, 82945, 320, 33, 8, 4060, 5237, 31392, 1800, 285, 320, 34, 8, 10913, 1446, 788, 2160, 258, 54042, 320, 35, 8, 4563, 818, 278, 96971, 367, 198, 16533, 25, 320], "attention_mask": [1, 1, 1, 1, 1, 1, 1, 1, 1, 1, 1, 1, 1, 1, 1, 1, 1, 1, 1, 1, 1, 1, 1, 1, 1, 1, 1, 1, 1, 1, 1, 1, 1, 1, 1, 1, 1, 1, 1, 1, 1, 1, 1, 1, 1, 1, 1, 1, 1, 1, 1, 1, 1], "safe_input_ids": [128000, 14924, 25, 23548, 527, 279, 11384, 315, 11210, 4814, 315, 11376, 3734, 18072, 3883, 25, 320, 32, 8, 37337, 22722, 2840, 2933, 82945, 320, 33, 8, 4060, 5237, 31392, 1800, 285, 320, 34, 8, 10913, 1446, 788, 2160, 258, 54042, 320, 35, 8, 4563, 818, 278, 96971, 367, 198, 16533, 25, 320], "safe_attention_mask": [1, 1, 1, 1, 1, 1, 1, 1, 1, 1, 1, 1, 1, 1, 1, 1, 1, 1, 1, 1, 1, 1, 1, 1, 1, 1, 1, 1, 1, 1, 1, 1, 1, 1, 1, 1, 1, 1, 1, 1, 1, 1, 1, 1, 1, 1, 1, 1, 1, 1, 1, 1, 1], "pos_id": 423, "neg_id": 362}
{"input_ids": [128000, 14924, 25, 2052, 315, 279, 2768, 527, 4519, 315, 445, 32800, 2494, 13034, 2508, 3734, 198, 3883, 25, 320, 32, 8, 3804, 49333, 1299, 76914, 3118, 320, 33, 8, 11995, 469, 3018, 306, 323, 362, 3018, 306, 527, 3118, 320, 34, 8, 3623, 327, 323, 3344, 35178, 527, 3118, 320, 35, 8, 3816, 64188, 323, 5929, 64188, 527, 3118, 198, 16533, 25, 320], "attention_mask": [1, 1, 1, 1, 1, 1, 1, 1, 1, 1, 1, 1, 1, 1, 1, 1, 1, 1, 1, 1, 1, 1, 1, 1, 1, 1, 1, 1, 1, 1, 1, 1, 1, 1, 1, 1, 1, 1, 1, 1, 1, 1, 1, 1, 1, 1, 1, 1, 1, 1, 1, 1, 1, 1, 1, 1, 1, 1, 1, 1, 1, 1, 1, 1], "safe_input_ids": [128000, 14924, 25, 2052, 315, 279, 2768, 527, 4519, 315, 445, 32800, 2494, 13034, 2508, 3734, 198, 3883, 25, 320, 32, 8, 3804, 49333, 1299, 76914, 3118, 320, 33, 8, 11995, 469, 3018, 306, 323, 362, 3018, 306, 527, 3118, 320, 34, 8, 3623, 327, 323, 3344, 35178, 527, 3118, 320, 35, 8, 3816, 64188, 323, 5929, 64188, 527, 3118, 198, 16533, 25, 320], "safe_attention_mask": [1, 1, 1, 1, 1, 1, 1, 1, 1, 1, 1, 1, 1, 1, 1, 1, 1, 1, 1, 1, 1, 1, 1, 1, 1, 1, 1, 1, 1, 1, 1, 1, 1, 1, 1, 1, 1, 1, 1, 1, 1, 1, 1, 1, 1, 1, 1, 1, 1, 1, 1, 1, 1, 1, 1, 1, 1, 1, 1, 1, 1, 1, 1, 1], "pos_id": 423, "neg_id": 356}
{"input_ids": [128000, 14924, 25, 12220, 328, 87, 369, 67979, 72, 7942, 11, 279, 2163, 1370, 18680, 3545, 41253, 1130, 574, 15902, 13, 1102, 1053, 3063, 311, 281, 5518, 285, 315, 198, 3883, 25, 320, 32, 8, 76583, 13, 7765, 323, 824, 483, 355, 320, 33, 8, 14043, 3663, 320, 34, 8, 10291, 3663, 320, 35, 8, 10291, 17308, 612, 38411, 198, 16533, 25, 320], "attention_mask": [1, 1, 1, 1, 1, 1, 1, 1, 1, 1, 1, 1, 1, 1, 1, 1, 1, 1, 1, 1, 1, 1, 1, 1, 1, 1, 1, 1, 1, 1, 1, 1, 1, 1, 1, 1, 1, 1, 1, 1, 1, 1, 1, 1, 1, 1, 1, 1, 1, 1, 1, 1, 1, 1, 1, 1, 1, 1, 1, 1, 1, 1, 1], "safe_input_ids": [128000, 14924, 25, 12220, 328, 87, 369, 67979, 72, 7942, 11, 279, 2163, 1370, 18680, 3545, 41253, 1130, 574, 15902, 13, 1102, 1053, 3063, 311, 281, 5518, 285, 315, 198, 3883, 25, 320, 32, 8, 76583, 13, 7765, 323, 824, 483, 355, 320, 33, 8, 14043, 3663, 320, 34, 8, 10291, 3663, 320, 35, 8, 10291, 17308, 612, 38411, 198, 16533, 25, 320], "safe_attention_mask": [1, 1, 1, 1, 1, 1, 1, 1, 1, 1, 1, 1, 1, 1, 1, 1, 1, 1, 1, 1, 1, 1, 1, 1, 1, 1, 1, 1, 1, 1, 1, 1, 1, 1, 1, 1, 1, 1, 1, 1, 1, 1, 1, 1, 1, 1, 1, 1, 1, 1, 1, 1, 1, 1, 1, 1, 1, 1, 1, 1, 1, 1, 1], "pos_id": 362, "neg_id": 356}
{"input_ids": [128000, 14924, 25, 16299, 315, 279, 2768, 45964, 67979, 20000, 374, 5938, 449, 31837, 4269, 3369, 7713, 5380, 3883, 25, 320, 32, 8, 473, 13, 62937, 320, 33, 8, 4275, 74333, 689, 67979, 275, 1220, 320, 34, 8, 36772, 418, 511, 92411, 69329, 320, 35, 8, 11502, 511, 92411, 198, 16533, 25, 320], "attention_mask": [1, 1, 1, 1, 1, 1, 1, 1, 1, 1, 1, 1, 1, 1, 1, 1, 1, 1, 1, 1, 1, 1, 1, 1, 1, 1, 1, 1, 1, 1, 1, 1, 1, 1, 1, 1, 1, 1, 1, 1, 1, 1, 1, 1, 1, 1, 1, 1, 1, 1, 1, 1, 1], "safe_input_ids": [128000, 14924, 25, 16299, 315, 279, 2768, 45964, 67979, 20000, 374, 5938, 449, 31837, 4269, 3369, 7713, 5380, 3883, 25, 320, 32, 8, 473, 13, 62937, 320, 33, 8, 4275, 74333, 689, 67979, 275, 1220, 320, 34, 8, 36772, 418, 511, 92411, 69329, 320, 35, 8, 11502, 511, 92411, 198, 16533, 25, 320], "safe_attention_mask": [1, 1, 1, 1, 1, 1, 1, 1, 1, 1, 1, 1, 1, 1, 1, 1, 1, 1, 1, 1, 1, 1, 1, 1, 1, 1, 1, 1, 1, 1, 1, 1, 1, 1, 1, 1, 1, 1, 1, 1, 1, 1, 1, 1, 1, 1, 1, 1, 1, 1, 1, 1, 1], "pos_id": 362, "neg_id": 356}
{"input_ids": [128000, 14924, 25, 2052, 315, 279, 2768, 12518, 527, 837, 9002, 17508, 118930, 11, 3734, 512, 3883, 25, 320, 32, 8, 20522, 1759, 4245, 311, 39975, 323, 14956, 315, 5217, 10805, 65441, 6956, 13, 320, 33, 8, 2684, 374, 459, 5376, 304, 279, 1404, 315, 279, 7917, 13, 320, 34, 8, 59190, 13171, 315, 13096, 6013, 311, 8631, 555, 17508, 118930, 323, 17508, 501, 36259, 13, 320, 35, 8, 2684, 374, 459, 5376, 304, 279, 1396, 315, 7917, 627, 16533, 25, 320], "attention_mask": [1, 1, 1, 1, 1, 1, 1, 1, 1, 1, 1, 1, 1, 1, 1, 1, 1, 1, 1, 1, 1, 1, 1, 1, 1, 1, 1, 1, 1, 1, 1, 1, 1, 1, 1, 1, 1, 1, 1, 1, 1, 1, 1, 1, 1, 1, 1, 1, 1, 1, 1, 1, 1, 1, 1, 1, 1, 1, 1, 1, 1, 1, 1, 1, 1, 1, 1, 1, 1, 1, 1, 1, 1, 1, 1, 1, 1, 1, 1, 1, 1, 1], "safe_input_ids": [128000, 14924, 25, 2052, 315, 279, 2768, 12518, 527, 837, 9002, 17508, 118930, 11, 3734, 512, 3883, 25, 320, 32, 8, 20522, 1759, 4245, 311, 39975, 323, 14956, 315, 5217, 10805, 65441, 6956, 13, 320, 33, 8, 2684, 374, 459, 5376, 304, 279, 1404, 315, 279, 7917, 13, 320, 34, 8, 59190, 13171, 315, 13096, 6013, 311, 8631, 555, 17508, 118930, 323, 17508, 501, 36259, 13, 320, 35, 8, 2684, 374, 459, 5376, 304, 279, 1396, 315, 7917, 627, 16533, 25, 320], "safe_attention_mask": [1, 1, 1, 1, 1, 1, 1, 1, 1, 1, 1, 1, 1, 1, 1, 1, 1, 1, 1, 1, 1, 1, 1, 1, 1, 1, 1, 1, 1, 1, 1, 1, 1, 1, 1, 1, 1, 1, 1, 1, 1, 1, 1, 1, 1, 1, 1, 1, 1, 1, 1, 1, 1, 1, 1, 1, 1, 1, 1, 1, 1, 1, 1, 1, 1, 1, 1, 1, 1, 1, 1, 1, 1, 1, 1, 1, 1, 1, 1, 1, 1, 1], "pos_id": 423, "neg_id": 356}
{"input_ids": [128000, 14924, 25, 8444, 94697, 22176, 78, 13980, 449, 512, 3883, 25, 320, 32, 8, 13106, 10, 320, 33, 8, 14751, 1044, 320, 34, 8, 735, 10, 320, 35, 8, 2493, 7058, 16533, 25, 320], "attention_mask": [1, 1, 1, 1, 1, 1, 1, 1, 1, 1, 1, 1, 1, 1, 1, 1, 1, 1, 1, 1, 1, 1, 1, 1, 1, 1, 1, 1, 1, 1, 1, 1, 1, 1, 1], "safe_input_ids": [128000, 14924, 25, 8444, 94697, 22176, 78, 13980, 449, 512, 3883, 25, 320, 32, 8, 13106, 10, 320, 33, 8, 14751, 1044, 320, 34, 8, 735, 10, 320, 35, 8, 2493, 7058, 16533, 25, 320], "safe_attention_mask": [1, 1, 1, 1, 1, 1, 1, 1, 1, 1, 1, 1, 1, 1, 1, 1, 1, 1, 1, 1, 1, 1, 1, 1, 1, 1, 1, 1, 1, 1, 1, 1, 1, 1, 1], "pos_id": 362, "neg_id": 356}
{"input_ids": [128000, 14924, 25, 2052, 527, 837, 922, 37015, 47357, 20000, 3734, 18722, 3883, 25, 320, 32, 8, 3053, 11767, 311, 11210, 52303, 85515, 320, 33, 8, 4497, 1867, 6236, 263, 304, 28585, 320, 34, 8, 468, 1105, 268, 389, 14675, 311, 8798, 320, 35, 8, 64285, 22223, 29920, 198, 16533, 25, 320], "attention_mask": [1, 1, 1, 1, 1, 1, 1, 1, 1, 1, 1, 1, 1, 1, 1, 1, 1, 1, 1, 1, 1, 1, 1, 1, 1, 1, 1, 1, 1, 1, 1, 1, 1, 1, 1, 1, 1, 1, 1, 1, 1, 1, 1, 1, 1, 1, 1, 1, 1, 1, 1, 1], "safe_input_ids": [128000, 14924, 25, 2052, 527, 837, 922, 37015, 47357, 20000, 3734, 18722, 3883, 25, 320, 32, 8, 3053, 11767, 311, 11210, 52303, 85515, 320, 33, 8, 4497, 1867, 6236, 263, 304, 28585, 320, 34, 8, 468, 1105, 268, 389, 14675, 311, 8798, 320, 35, 8, 64285, 22223, 29920, 198, 16533, 25, 320], "safe_attention_mask": [1, 1, 1, 1, 1, 1, 1, 1, 1, 1, 1, 1, 1, 1, 1, 1, 1, 1, 1, 1, 1, 1, 1, 1, 1, 1, 1, 1, 1, 1, 1, 1, 1, 1, 1, 1, 1, 1, 1, 1, 1, 1, 1, 1, 1, 1, 1, 1, 1, 1, 1, 1], "pos_id": 356, "neg_id": 362}
{"input_ids": [128000, 14924, 25, 5046, 279, 5370, 13531, 1385, 1511, 304, 279, 6514, 315, 312, 62999, 6372, 315, 17508, 74, 22317, 689, 902, 832, 315, 279, 2768, 439, 279, 1455, 11295, 42080, 315, 1957, 18072, 3883, 25, 320, 32, 8, 33924, 90169, 4548, 320, 33, 8, 83541, 60831, 97342, 71308, 320, 34, 8, 9925, 24292, 323, 34323, 71308, 320, 35, 8, 61894, 81443, 35719, 78376, 444, 349, 198, 16533, 25, 320], "attention_mask": [1, 1, 1, 1, 1, 1, 1, 1, 1, 1, 1, 1, 1, 1, 1, 1, 1, 1, 1, 1, 1, 1, 1, 1, 1, 1, 1, 1, 1, 1, 1, 1, 1, 1, 1, 1, 1, 1, 1, 1, 1, 1, 1, 1, 1, 1, 1, 1, 1, 1, 1, 1, 1, 1, 1, 1, 1, 1, 1, 1, 1, 1, 1, 1, 1, 1, 1, 1, 1, 1], "safe_input_ids": [128000, 14924, 25, 5046, 279, 5370, 13531, 1385, 1511, 304, 279, 6514, 315, 312, 62999, 6372, 315, 17508, 74, 22317, 689, 902, 832, 315, 279, 2768, 439, 279, 1455, 11295, 42080, 315, 1957, 18072, 3883, 25, 320, 32, 8, 33924, 90169, 4548, 320, 33, 8, 83541, 60831, 97342, 71308, 320, 34, 8, 9925, 24292, 323, 34323, 71308, 320, 35, 8, 61894, 81443, 35719, 78376, 444, 349, 198, 16533, 25, 320], "safe_attention_mask": [1, 1, 1, 1, 1, 1, 1, 1, 1, 1, 1, 1, 1, 1, 1, 1, 1, 1, 1, 1, 1, 1, 1, 1, 1, 1, 1, 1, 1, 1, 1, 1, 1, 1, 1, 1, 1, 1, 1, 1, 1, 1, 1, 1, 1, 1, 1, 1, 1, 1, 1, 1, 1, 1, 1, 1, 1, 1, 1, 1, 1, 1, 1, 1, 1, 1, 1, 1, 1, 1], "pos_id": 362, "neg_id": 356}
{"input_ids": [128000, 14924, 25, 763, 21249, 13200, 2191, 279, 4478, 33994, 3777, 369, 13200, 39097, 44878, 56067, 374, 14, 548, 551, 320, 11637, 40, 3799, 220, 1049, 23, 340, 3883, 25, 320, 32, 8, 452, 1846, 47, 320, 33, 8, 452, 1846, 10, 320, 34, 8, 452, 1846, 11079, 320, 35, 8, 435, 1846, 39, 198, 16533, 25, 320], "attention_mask": [1, 1, 1, 1, 1, 1, 1, 1, 1, 1, 1, 1, 1, 1, 1, 1, 1, 1, 1, 1, 1, 1, 1, 1, 1, 1, 1, 1, 1, 1, 1, 1, 1, 1, 1, 1, 1, 1, 1, 1, 1, 1, 1, 1, 1, 1, 1, 1, 1, 1, 1, 1, 1, 1, 1, 1, 1, 1], "safe_input_ids": [128000, 14924, 25, 763, 21249, 13200, 2191, 279, 4478, 33994, 3777, 369, 13200, 39097, 44878, 56067, 374, 14, 548, 551, 320, 11637, 40, 3799, 220, 1049, 23, 340, 3883, 25, 320, 32, 8, 452, 1846, 47, 320, 33, 8, 452, 1846, 10, 320, 34, 8, 452, 1846, 11079, 320, 35, 8, 435, 1846, 39, 198, 16533, 25, 320], "safe_attention_mask": [1, 1, 1, 1, 1, 1, 1, 1, 1, 1, 1, 1, 1, 1, 1, 1, 1, 1, 1, 1, 1, 1, 1, 1, 1, 1, 1, 1, 1, 1, 1, 1, 1, 1, 1, 1, 1, 1, 1, 1, 1, 1, 1, 1, 1, 1, 1, 1, 1, 1, 1, 1, 1, 1, 1, 1, 1, 1], "pos_id": 426, "neg_id": 362}
{"input_ids": [128000, 14924, 25, 32025, 2237, 315, 80087, 483, 80087, 1534, 12290, 19261, 279, 11761, 2237, 4184, 311, 80087, 483, 18629, 1288, 387, 25, 7058, 3883, 25, 320, 32, 8, 220, 20, 64697, 320, 33, 8, 220, 966, 64697, 320, 34, 8, 220, 868, 64697, 320, 35, 8, 220, 508, 64697, 198, 16533, 25, 320], "attention_mask": [1, 1, 1, 1, 1, 1, 1, 1, 1, 1, 1, 1, 1, 1, 1, 1, 1, 1, 1, 1, 1, 1, 1, 1, 1, 1, 1, 1, 1, 1, 1, 1, 1, 1, 1, 1, 1, 1, 1, 1, 1, 1, 1, 1, 1, 1, 1, 1, 1, 1, 1, 1, 1, 1], "safe_input_ids": [128000, 14924, 25, 32025, 2237, 315, 80087, 483, 80087, 1534, 12290, 19261, 279, 11761, 2237, 4184, 311, 80087, 483, 18629, 1288, 387, 25, 7058, 3883, 25, 320, 32, 8, 220, 20, 64697, 320, 33, 8, 220, 966, 64697, 320, 34, 8, 220, 868, 64697, 320, 35, 8, 220, 508, 64697, 198, 16533, 25, 320], "safe_attention_mask": [1, 1, 1, 1, 1, 1, 1, 1, 1, 1, 1, 1, 1, 1, 1, 1, 1, 1, 1, 1, 1, 1, 1, 1, 1, 1, 1, 1, 1, 1, 1, 1, 1, 1, 1, 1, 1, 1, 1, 1, 1, 1, 1, 1, 1, 1, 1, 1, 1, 1, 1, 1, 1, 1], "pos_id": 356, "neg_id": 362}
{"input_ids": [128000, 14924, 25, 3082, 5224, 9002, 3230, 4648, 7969, 198, 3883, 25, 320, 32, 8, 29362, 369, 4325, 323, 1877, 320, 33, 8, 65647, 4040, 1912, 477, 5315, 330, 266, 5326, 1, 369, 71123, 1957, 320, 34, 8, 7531, 704, 5353, 477, 8624, 3230, 320, 35, 8, 2052, 315, 279, 3485, 198, 16533, 25, 320], "attention_mask": [1, 1, 1, 1, 1, 1, 1, 1, 1, 1, 1, 1, 1, 1, 1, 1, 1, 1, 1, 1, 1, 1, 1, 1, 1, 1, 1, 1, 1, 1, 1, 1, 1, 1, 1, 1, 1, 1, 1, 1, 1, 1, 1, 1, 1, 1, 1, 1, 1, 1, 1, 1, 1, 1, 1], "safe_input_ids": [128000, 14924, 25, 3082, 5224, 9002, 3230, 4648, 7969, 198, 3883, 25, 320, 32, 8, 29362, 369, 4325, 323, 1877, 320, 33, 8, 65647, 4040, 1912, 477, 5315, 330, 266, 5326, 1, 369, 71123, 1957, 320, 34, 8, 7531, 704, 5353, 477, 8624, 3230, 320, 35, 8, 2052, 315, 279, 3485, 198, 16533, 25, 320], "safe_attention_mask": [1, 1, 1, 1, 1, 1, 1, 1, 1, 1, 1, 1, 1, 1, 1, 1, 1, 1, 1, 1, 1, 1, 1, 1, 1, 1, 1, 1, 1, 1, 1, 1, 1, 1, 1, 1, 1, 1, 1, 1, 1, 1, 1, 1, 1, 1, 1, 1, 1, 1, 1, 1, 1, 1, 1], "pos_id": 423, "neg_id": 426}
{"input_ids": [128000, 14924, 25, 5075, 10397, 12313, 40334, 4010, 7332, 369, 31674, 552, 374, 2728, 389, 2919, 198, 3883, 25, 320, 32, 8, 220, 15, 11, 220, 18, 11, 220, 22, 11, 220, 975, 11, 220, 1591, 11, 220, 1954, 320, 33, 8, 220, 15, 11, 220, 18, 11, 220, 22, 11, 220, 1591, 11, 220, 1954, 320, 34, 8, 220, 15, 11, 220, 18, 320, 35, 8, 220, 15, 11, 220, 22, 11, 220, 1591, 198, 16533, 25, 320], "attention_mask": [1, 1, 1, 1, 1, 1, 1, 1, 1, 1, 1, 1, 1, 1, 1, 1, 1, 1, 1, 1, 1, 1, 1, 1, 1, 1, 1, 1, 1, 1, 1, 1, 1, 1, 1, 1, 1, 1, 1, 1, 1, 1, 1, 1, 1, 1, 1, 1, 1, 1, 1, 1, 1, 1, 1, 1, 1, 1, 1, 1, 1, 1, 1, 1, 1, 1, 1, 1, 1, 1, 1, 1, 1, 1, 1, 1, 1, 1, 1], "safe_input_ids": [128000, 14924, 25, 5075, 10397, 12313, 40334, 4010, 7332, 369, 31674, 552, 374, 2728, 389, 2919, 198, 3883, 25, 320, 32, 8, 220, 15, 11, 220, 18, 11, 220, 22, 11, 220, 975, 11, 220, 1591, 11, 220, 1954, 320, 33, 8, 220, 15, 11, 220, 18, 11, 220, 22, 11, 220, 1591, 11, 220, 1954, 320, 34, 8, 220, 15, 11, 220, 18, 320, 35, 8, 220, 15, 11, 220, 22, 11, 220, 1591, 198, 16533, 25, 320], "safe_attention_mask": [1, 1, 1, 1, 1, 1, 1, 1, 1, 1, 1, 1, 1, 1, 1, 1, 1, 1, 1, 1, 1, 1, 1, 1, 1, 1, 1, 1, 1, 1, 1, 1, 1, 1, 1, 1, 1, 1, 1, 1, 1, 1, 1, 1, 1, 1, 1, 1, 1, 1, 1, 1, 1, 1, 1, 1, 1, 1, 1, 1, 1, 1, 1, 1, 1, 1, 1, 1, 1, 1, 1, 1, 1, 1, 1, 1, 1, 1, 1], "pos_id": 423, "neg_id": 362}
{"input_ids": [128000, 14924, 25, 73773, 328, 73, 540, 1466, 596, 28439, 11, 682, 527, 837, 3734, 25, 6250, 220, 679, 15, 198, 3883, 25, 320, 32, 8, 36258, 4428, 93540, 670, 344, 20000, 53747, 936, 320, 33, 8, 71636, 46313, 590, 23128, 38090, 320, 34, 8, 11266, 15619, 6347, 320, 35, 8, 9156, 70155, 304, 7138, 198, 16533, 25, 320], "attention_mask": [1, 1, 1, 1, 1, 1, 1, 1, 1, 1, 1, 1, 1, 1, 1, 1, 1, 1, 1, 1, 1, 1, 1, 1, 1, 1, 1, 1, 1, 1, 1, 1, 1, 1, 1, 1, 1, 1, 1, 1, 1, 1, 1, 1, 1, 1, 1, 1, 1, 1, 1, 1, 1, 1, 1, 1, 1, 1, 1], "safe_input_ids": [128000, 14924, 25, 73773, 328, 73, 540, 1466, 596, 28439, 11, 682, 527, 837, 3734, 25, 6250, 220, 679, 15, 198, 3883, 25, 320, 32, 8, 36258, 4428, 93540, 670, 344, 20000, 53747, 936, 320, 33, 8, 71636, 46313, 590, 23128, 38090, 320, 34, 8, 11266, 15619, 6347, 320, 35, 8, 9156, 70155, 304, 7138, 198, 16533, 25, 320], "safe_attention_mask": [1, 1, 1, 1, 1, 1, 1, 1, 1, 1, 1, 1, 1, 1, 1, 1, 1, 1, 1, 1, 1, 1, 1, 1, 1, 1, 1, 1, 1, 1, 1, 1, 1, 1, 1, 1, 1, 1, 1, 1, 1, 1, 1, 1, 1, 1, 1, 1, 1, 1, 1, 1, 1, 1, 1, 1, 1, 1, 1], "pos_id": 356, "neg_id": 426}
{"input_ids": [128000, 14924, 25, 7252, 21070, 315, 3276, 336, 283, 76, 74537, 374, 6394, 3883, 25, 320, 32, 8, 24304, 339, 304, 11013, 323, 57426, 8839, 320, 33, 8, 20223, 285, 459, 805, 2259, 320, 34, 8, 6113, 4858, 596, 1450, 320, 35, 8, 10164, 304, 19689, 198, 16533, 25, 320], "attention_mask": [1, 1, 1, 1, 1, 1, 1, 1, 1, 1, 1, 1, 1, 1, 1, 1, 1, 1, 1, 1, 1, 1, 1, 1, 1, 1, 1, 1, 1, 1, 1, 1, 1, 1, 1, 1, 1, 1, 1, 1, 1, 1, 1, 1, 1, 1, 1, 1, 1, 1], "safe_input_ids": [128000, 14924, 25, 7252, 21070, 315, 3276, 336, 283, 76, 74537, 374, 6394, 3883, 25, 320, 32, 8, 24304, 339, 304, 11013, 323, 57426, 8839, 320, 33, 8, 20223, 285, 459, 805, 2259, 320, 34, 8, 6113, 4858, 596, 1450, 320, 35, 8, 10164, 304, 19689, 198, 16533, 25, 320], "safe_attention_mask": [1, 1, 1, 1, 1, 1, 1, 1, 1, 1, 1, 1, 1, 1, 1, 1, 1, 1, 1, 1, 1, 1, 1, 1, 1, 1, 1, 1, 1, 1, 1, 1, 1, 1, 1, 1, 1, 1, 1, 1, 1, 1, 1, 1, 1, 1, 1, 1, 1, 1], "pos_id": 362, "neg_id": 426}
{"input_ids": [128000, 14924, 25, 52298, 268, 638, 70, 5893, 1253, 387, 264, 4668, 315, 25, 5587, 220, 679, 18, 198, 3883, 25, 320, 32, 8, 28443, 278, 677, 52279, 459, 22689, 320, 33, 8, 328, 26688, 2849, 459, 22689, 320, 34, 8, 666, 278, 300, 7143, 689, 320, 35, 8, 480, 21, 23891, 48294, 198, 16533, 25, 320], "attention_mask": [1, 1, 1, 1, 1, 1, 1, 1, 1, 1, 1, 1, 1, 1, 1, 1, 1, 1, 1, 1, 1, 1, 1, 1, 1, 1, 1, 1, 1, 1, 1, 1, 1, 1, 1, 1, 1, 1, 1, 1, 1, 1, 1, 1, 1, 1, 1, 1, 1, 1, 1, 1, 1, 1, 1, 1, 1], "safe_input_ids": [128000, 14924, 25, 52298, 268, 638, 70, 5893, 1253, 387, 264, 4668, 315, 25, 5587, 220, 679, 18, 198, 3883, 25, 320, 32, 8, 28443, 278, 677, 52279, 459, 22689, 320, 33, 8, 328, 26688, 2849, 459, 22689, 320, 34, 8, 666, 278, 300, 7143, 689, 320, 35, 8, 480, 21, 23891, 48294, 198, 16533, 25, 320], "safe_attention_mask": [1, 1, 1, 1, 1, 1, 1, 1, 1, 1, 1, 1, 1, 1, 1, 1, 1, 1, 1, 1, 1, 1, 1, 1, 1, 1, 1, 1, 1, 1, 1, 1, 1, 1, 1, 1, 1, 1, 1, 1, 1, 1, 1, 1, 1, 1, 1, 1, 1, 1, 1, 1, 1, 1, 1, 1, 1], "pos_id": 426, "neg_id": 362}
{"input_ids": [128000, 14924, 25, 480, 79, 17, 65, 18, 32, 68642, 527, 682, 3734, 18722, 3883, 25, 320, 32, 8, 3765, 66, 953, 318, 370, 320, 33, 8, 469, 418, 333, 581, 266, 579, 320, 34, 8, 350, 8869, 69, 34879, 320, 35, 8, 2394, 300, 773, 3833, 198, 16533, 25, 320], "attention_mask": [1, 1, 1, 1, 1, 1, 1, 1, 1, 1, 1, 1, 1, 1, 1, 1, 1, 1, 1, 1, 1, 1, 1, 1, 1, 1, 1, 1, 1, 1, 1, 1, 1, 1, 1, 1, 1, 1, 1, 1, 1, 1, 1, 1, 1, 1, 1, 1, 1, 1, 1], "safe_input_ids": [128000, 14924, 25, 480, 79, 17, 65, 18, 32, 68642, 527, 682, 3734, 18722, 3883, 25, 320, 32, 8, 3765, 66, 953, 318, 370, 320, 33, 8, 469, 418, 333, 581, 266, 579, 320, 34, 8, 350, 8869, 69, 34879, 320, 35, 8, 2394, 300, 773, 3833, 198, 16533, 25, 320], "safe_attention_mask": [1, 1, 1, 1, 1, 1, 1, 1, 1, 1, 1, 1, 1, 1, 1, 1, 1, 1, 1, 1, 1, 1, 1, 1, 1, 1, 1, 1, 1, 1, 1, 1, 1, 1, 1, 1, 1, 1, 1, 1, 1, 1, 1, 1, 1, 1, 1, 1, 1, 1, 1], "pos_id": 423, "neg_id": 356}
{"input_ids": [128000, 14924, 25, 3082, 315, 1162, 2585, 7978, 18722, 3883, 25, 320, 32, 8, 1102, 34555, 505, 5353, 311, 2515, 320, 33, 8, 84457, 11595, 649, 387, 16997, 320, 34, 8, 4953, 7232, 649, 387, 16997, 320, 35, 8, 44240, 1690, 6978, 198, 16533, 25, 320], "attention_mask": [1, 1, 1, 1, 1, 1, 1, 1, 1, 1, 1, 1, 1, 1, 1, 1, 1, 1, 1, 1, 1, 1, 1, 1, 1, 1, 1, 1, 1, 1, 1, 1, 1, 1, 1, 1, 1, 1, 1, 1, 1, 1, 1, 1, 1, 1], "safe_input_ids": [128000, 14924, 25, 3082, 315, 1162, 2585, 7978, 18722, 3883, 25, 320, 32, 8, 1102, 34555, 505, 5353, 311, 2515, 320, 33, 8, 84457, 11595, 649, 387, 16997, 320, 34, 8, 4953, 7232, 649, 387, 16997, 320, 35, 8, 44240, 1690, 6978, 198, 16533, 25, 320], "safe_attention_mask": [1, 1, 1, 1, 1, 1, 1, 1, 1, 1, 1, 1, 1, 1, 1, 1, 1, 1, 1, 1, 1, 1, 1, 1, 1, 1, 1, 1, 1, 1, 1, 1, 1, 1, 1, 1, 1, 1, 1, 1, 1, 1, 1, 1, 1, 1], "pos_id": 426, "neg_id": 362}
{"input_ids": [128000, 14924, 25, 2052, 315, 279, 2768, 1436, 2997, 279, 17383, 477, 734, 315, 19488, 6569, 2315, 11, 4154, 21752, 512, 3883, 25, 320, 32, 8, 54804, 349, 220, 17, 33299, 315, 24463, 320, 33, 8, 54804, 349, 220, 16, 19670, 315, 24463, 320, 34, 8, 12948, 369, 17055, 4223, 2354, 315, 58161, 320, 35, 8, 12948, 369, 1841, 2054, 79933, 315, 11217, 198, 16533, 25, 320], "attention_mask": [1, 1, 1, 1, 1, 1, 1, 1, 1, 1, 1, 1, 1, 1, 1, 1, 1, 1, 1, 1, 1, 1, 1, 1, 1, 1, 1, 1, 1, 1, 1, 1, 1, 1, 1, 1, 1, 1, 1, 1, 1, 1, 1, 1, 1, 1, 1, 1, 1, 1, 1, 1, 1, 1, 1, 1, 1, 1, 1, 1, 1, 1, 1, 1, 1, 1, 1], "safe_input_ids": [128000, 14924, 25, 2052, 315, 279, 2768, 1436, 2997, 279, 17383, 477, 734, 315, 19488, 6569, 2315, 11, 4154, 21752, 512, 3883, 25, 320, 32, 8, 54804, 349, 220, 17, 33299, 315, 24463, 320, 33, 8, 54804, 349, 220, 16, 19670, 315, 24463, 320, 34, 8, 12948, 369, 17055, 4223, 2354, 315, 58161, 320, 35, 8, 12948, 369, 1841, 2054, 79933, 315, 11217, 198, 16533, 25, 320], "safe_attention_mask": [1, 1, 1, 1, 1, 1, 1, 1, 1, 1, 1, 1, 1, 1, 1, 1, 1, 1, 1, 1, 1, 1, 1, 1, 1, 1, 1, 1, 1, 1, 1, 1, 1, 1, 1, 1, 1, 1, 1, 1, 1, 1, 1, 1, 1, 1, 1, 1, 1, 1, 1, 1, 1, 1, 1, 1, 1, 1, 1, 1, 1, 1, 1, 1, 1, 1, 1], "pos_id": 423, "neg_id": 426}
{"input_ids": [128000, 14924, 25, 10771, 311, 3293, 7683, 19971, 11, 10896, 649, 387, 11684, 369, 6593, 59357, 1234, 220, 12166, 6830, 11, 1193, 422, 25, 15592, 63564, 220, 717, 198, 3883, 25, 320, 32, 8, 1283, 374, 505, 13166, 8952, 320, 33, 8, 24952, 7864, 768, 374, 505, 304, 329, 588, 306, 1493, 320, 34, 8, 9170, 59357, 320, 35, 8, 43907, 59357, 198, 16533, 25, 320], "attention_mask": [1, 1, 1, 1, 1, 1, 1, 1, 1, 1, 1, 1, 1, 1, 1, 1, 1, 1, 1, 1, 1, 1, 1, 1, 1, 1, 1, 1, 1, 1, 1, 1, 1, 1, 1, 1, 1, 1, 1, 1, 1, 1, 1, 1, 1, 1, 1, 1, 1, 1, 1, 1, 1, 1, 1, 1, 1, 1, 1, 1, 1, 1, 1, 1, 1, 1], "safe_input_ids": [128000, 14924, 25, 10771, 311, 3293, 7683, 19971, 11, 10896, 649, 387, 11684, 369, 6593, 59357, 1234, 220, 12166, 6830, 11, 1193, 422, 25, 15592, 63564, 220, 717, 198, 3883, 25, 320, 32, 8, 1283, 374, 505, 13166, 8952, 320, 33, 8, 24952, 7864, 768, 374, 505, 304, 329, 588, 306, 1493, 320, 34, 8, 9170, 59357, 320, 35, 8, 43907, 59357, 198, 16533, 25, 320], "safe_attention_mask": [1, 1, 1, 1, 1, 1, 1, 1, 1, 1, 1, 1, 1, 1, 1, 1, 1, 1, 1, 1, 1, 1, 1, 1, 1, 1, 1, 1, 1, 1, 1, 1, 1, 1, 1, 1, 1, 1, 1, 1, 1, 1, 1, 1, 1, 1, 1, 1, 1, 1, 1, 1, 1, 1, 1, 1, 1, 1, 1, 1, 1, 1, 1, 1, 1, 1], "pos_id": 423, "neg_id": 356}
{"input_ids": [128000, 14924, 25, 16299, 315, 279, 2768, 374, 1633, 5107, 311, 49853, 63052, 18722, 3883, 25, 320, 32, 8, 3735, 1065, 582, 1799, 579, 320, 33, 8, 49475, 320, 34, 8, 6898, 6569, 320, 35, 8, 31122, 1279, 198, 16533, 25, 320], "attention_mask": [1, 1, 1, 1, 1, 1, 1, 1, 1, 1, 1, 1, 1, 1, 1, 1, 1, 1, 1, 1, 1, 1, 1, 1, 1, 1, 1, 1, 1, 1, 1, 1, 1, 1, 1, 1, 1, 1, 1, 1, 1, 1], "safe_input_ids": [128000, 14924, 25, 16299, 315, 279, 2768, 374, 1633, 5107, 311, 49853, 63052, 18722, 3883, 25, 320, 32, 8, 3735, 1065, 582, 1799, 579, 320, 33, 8, 49475, 320, 34, 8, 6898, 6569, 320, 35, 8, 31122, 1279, 198, 16533, 25, 320], "safe_attention_mask": [1, 1, 1, 1, 1, 1, 1, 1, 1, 1, 1, 1, 1, 1, 1, 1, 1, 1, 1, 1, 1, 1, 1, 1, 1, 1, 1, 1, 1, 1, 1, 1, 1, 1, 1, 1, 1, 1, 1, 1, 1, 1], "pos_id": 362, "neg_id": 356}
{"input_ids": [128000, 14924, 25, 5075, 838, 768, 374, 264, 512, 3883, 25, 320, 32, 8, 20359, 320, 33, 8, 51848, 320, 34, 8, 3998, 78, 290, 320, 35, 8, 2290, 315, 279, 3485, 198, 16533, 25, 320], "attention_mask": [1, 1, 1, 1, 1, 1, 1, 1, 1, 1, 1, 1, 1, 1, 1, 1, 1, 1, 1, 1, 1, 1, 1, 1, 1, 1, 1, 1, 1, 1, 1, 1, 1, 1, 1, 1], "safe_input_ids": [128000, 14924, 25, 5075, 838, 768, 374, 264, 512, 3883, 25, 320, 32, 8, 20359, 320, 33, 8, 51848, 320, 34, 8, 3998, 78, 290, 320, 35, 8, 2290, 315, 279, 3485, 198, 16533, 25, 320], "safe_attention_mask": [1, 1, 1, 1, 1, 1, 1, 1, 1, 1, 1, 1, 1, 1, 1, 1, 1, 1, 1, 1, 1, 1, 1, 1, 1, 1, 1, 1, 1, 1, 1, 1, 1, 1, 1, 1], "pos_id": 356, "neg_id": 426}
{"input_ids": [128000, 14924, 25, 328, 17, 374, 1888, 26893, 304, 18722, 3883, 25, 320, 32, 8, 220, 18, 6634, 2163, 958, 16845, 278, 3634, 320, 33, 8, 220, 17, 303, 1314, 958, 16845, 278, 3634, 320, 34, 8, 220, 19, 339, 2163, 958, 16845, 278, 3634, 320, 35, 8, 220, 20, 339, 2163, 958, 16845, 278, 3634, 198, 16533, 25, 320], "attention_mask": [1, 1, 1, 1, 1, 1, 1, 1, 1, 1, 1, 1, 1, 1, 1, 1, 1, 1, 1, 1, 1, 1, 1, 1, 1, 1, 1, 1, 1, 1, 1, 1, 1, 1, 1, 1, 1, 1, 1, 1, 1, 1, 1, 1, 1, 1, 1, 1, 1, 1, 1, 1, 1, 1, 1, 1, 1, 1, 1, 1], "safe_input_ids": [128000, 14924, 25, 328, 17, 374, 1888, 26893, 304, 18722, 3883, 25, 320, 32, 8, 220, 18, 6634, 2163, 958, 16845, 278, 3634, 320, 33, 8, 220, 17, 303, 1314, 958, 16845, 278, 3634, 320, 34, 8, 220, 19, 339, 2163, 958, 16845, 278, 3634, 320, 35, 8, 220, 20, 339, 2163, 958, 16845, 278, 3634, 198, 16533, 25, 320], "safe_attention_mask": [1, 1, 1, 1, 1, 1, 1, 1, 1, 1, 1, 1, 1, 1, 1, 1, 1, 1, 1, 1, 1, 1, 1, 1, 1, 1, 1, 1, 1, 1, 1, 1, 1, 1, 1, 1, 1, 1, 1, 1, 1, 1, 1, 1, 1, 1, 1, 1, 1, 1, 1, 1, 1, 1, 1, 1, 1, 1, 1, 1], "pos_id": 362, "neg_id": 423}
{"input_ids": [128000, 14924, 25, 12661, 315, 48694, 304, 46000, 834, 2588, 315, 18638, 18722, 3883, 25, 320, 32, 8, 27233, 290, 11, 97224, 612, 9434, 12984, 320, 33, 8, 27233, 290, 11, 923, 2720, 612, 5419, 12984, 320, 34, 8, 27233, 290, 11, 923, 2720, 612, 9434, 12984, 320, 35, 8, 27233, 290, 11, 97224, 612, 5419, 12984, 198, 16533, 25, 320], "attention_mask": [1, 1, 1, 1, 1, 1, 1, 1, 1, 1, 1, 1, 1, 1, 1, 1, 1, 1, 1, 1, 1, 1, 1, 1, 1, 1, 1, 1, 1, 1, 1, 1, 1, 1, 1, 1, 1, 1, 1, 1, 1, 1, 1, 1, 1, 1, 1, 1, 1, 1, 1, 1, 1, 1, 1, 1, 1, 1, 1, 1, 1], "safe_input_ids": [128000, 14924, 25, 12661, 315, 48694, 304, 46000, 834, 2588, 315, 18638, 18722, 3883, 25, 320, 32, 8, 27233, 290, 11, 97224, 612, 9434, 12984, 320, 33, 8, 27233, 290, 11, 923, 2720, 612, 5419, 12984, 320, 34, 8, 27233, 290, 11, 923, 2720, 612, 9434, 12984, 320, 35, 8, 27233, 290, 11, 97224, 612, 5419, 12984, 198, 16533, 25, 320], "safe_attention_mask": [1, 1, 1, 1, 1, 1, 1, 1, 1, 1, 1, 1, 1, 1, 1, 1, 1, 1, 1, 1, 1, 1, 1, 1, 1, 1, 1, 1, 1, 1, 1, 1, 1, 1, 1, 1, 1, 1, 1, 1, 1, 1, 1, 1, 1, 1, 1, 1, 1, 1, 1, 1, 1, 1, 1, 1, 1, 1, 1, 1, 1], "pos_id": 426, "neg_id": 362}
{"input_ids": [128000, 14924, 25, 26166, 14718, 94329, 17508, 700, 91299, 3349, 47145, 11157, 304, 279, 7151, 340, 3883, 25, 320, 32, 8, 356, 285, 266, 20554, 324, 2411, 320, 33, 8, 328, 2249, 309, 774, 90344, 320, 34, 8, 3998, 1073, 337, 320, 35, 8, 60223, 454, 306, 606, 198, 16533, 25, 320], "attention_mask": [1, 1, 1, 1, 1, 1, 1, 1, 1, 1, 1, 1, 1, 1, 1, 1, 1, 1, 1, 1, 1, 1, 1, 1, 1, 1, 1, 1, 1, 1, 1, 1, 1, 1, 1, 1, 1, 1, 1, 1, 1, 1, 1, 1, 1, 1, 1, 1, 1, 1, 1, 1], "safe_input_ids": [128000, 14924, 25, 26166, 14718, 94329, 17508, 700, 91299, 3349, 47145, 11157, 304, 279, 7151, 340, 3883, 25, 320, 32, 8, 356, 285, 266, 20554, 324, 2411, 320, 33, 8, 328, 2249, 309, 774, 90344, 320, 34, 8, 3998, 1073, 337, 320, 35, 8, 60223, 454, 306, 606, 198, 16533, 25, 320], "safe_attention_mask": [1, 1, 1, 1, 1, 1, 1, 1, 1, 1, 1, 1, 1, 1, 1, 1, 1, 1, 1, 1, 1, 1, 1, 1, 1, 1, 1, 1, 1, 1, 1, 1, 1, 1, 1, 1, 1, 1, 1, 1, 1, 1, 1, 1, 1, 1, 1, 1, 1, 1, 1, 1], "pos_id": 426, "neg_id": 362}
{"input_ids": [128000, 14924, 25, 77073, 27080, 285, 579, 1511, 369, 69263, 7058, 3883, 25, 320, 32, 8, 8560, 589, 290, 320, 33, 8, 5468, 265, 339, 10952, 320, 34, 8, 12366, 6307, 320, 35, 8, 3700, 69991, 26355, 198, 16533, 25, 320], "attention_mask": [1, 1, 1, 1, 1, 1, 1, 1, 1, 1, 1, 1, 1, 1, 1, 1, 1, 1, 1, 1, 1, 1, 1, 1, 1, 1, 1, 1, 1, 1, 1, 1, 1, 1, 1, 1, 1, 1, 1, 1, 1], "safe_input_ids": [128000, 14924, 25, 77073, 27080, 285, 579, 1511, 369, 69263, 7058, 3883, 25, 320, 32, 8, 8560, 589, 290, 320, 33, 8, 5468, 265, 339, 10952, 320, 34, 8, 12366, 6307, 320, 35, 8, 3700, 69991, 26355, 198, 16533, 25, 320], "safe_attention_mask": [1, 1, 1, 1, 1, 1, 1, 1, 1, 1, 1, 1, 1, 1, 1, 1, 1, 1, 1, 1, 1, 1, 1, 1, 1, 1, 1, 1, 1, 1, 1, 1, 1, 1, 1, 1, 1, 1, 1, 1, 1], "pos_id": 362, "neg_id": 356}
{"input_ids": [128000, 14924, 25, 3641, 922, 54292, 535, 12203, 1263, 560, 198, 3883, 25, 320, 32, 8, 1252, 444, 48802, 660, 123687, 392, 258, 320, 33, 8, 2394, 324, 36891, 320, 34, 8, 12629, 90872, 320, 35, 8, 358, 302, 46109, 198, 16533, 25, 320], "attention_mask": [1, 1, 1, 1, 1, 1, 1, 1, 1, 1, 1, 1, 1, 1, 1, 1, 1, 1, 1, 1, 1, 1, 1, 1, 1, 1, 1, 1, 1, 1, 1, 1, 1, 1, 1, 1, 1, 1, 1, 1, 1, 1, 1, 1], "safe_input_ids": [128000, 14924, 25, 3641, 922, 54292, 535, 12203, 1263, 560, 198, 3883, 25, 320, 32, 8, 1252, 444, 48802, 660, 123687, 392, 258, 320, 33, 8, 2394, 324, 36891, 320, 34, 8, 12629, 90872, 320, 35, 8, 358, 302, 46109, 198, 16533, 25, 320], "safe_attention_mask": [1, 1, 1, 1, 1, 1, 1, 1, 1, 1, 1, 1, 1, 1, 1, 1, 1, 1, 1, 1, 1, 1, 1, 1, 1, 1, 1, 1, 1, 1, 1, 1, 1, 1, 1, 1, 1, 1, 1, 1, 1, 1, 1, 1], "pos_id": 362, "neg_id": 356}
{"input_ids": [128000, 14924, 25, 2052, 315, 279, 2768, 6070, 15812, 4994, 279, 76304, 788, 76914, 3734, 198, 3883, 25, 320, 32, 8, 328, 15112, 71916, 3805, 76914, 320, 33, 8, 15774, 1841, 354, 307, 264, 727, 320, 34, 8, 1789, 25807, 326, 9779, 372, 320, 35, 8, 7639, 35605, 32015, 198, 16533, 25, 320], "attention_mask": [1, 1, 1, 1, 1, 1, 1, 1, 1, 1, 1, 1, 1, 1, 1, 1, 1, 1, 1, 1, 1, 1, 1, 1, 1, 1, 1, 1, 1, 1, 1, 1, 1, 1, 1, 1, 1, 1, 1, 1, 1, 1, 1, 1, 1, 1, 1, 1, 1, 1, 1, 1, 1], "safe_input_ids": [128000, 14924, 25, 2052, 315, 279, 2768, 6070, 15812, 4994, 279, 76304, 788, 76914, 3734, 198, 3883, 25, 320, 32, 8, 328, 15112, 71916, 3805, 76914, 320, 33, 8, 15774, 1841, 354, 307, 264, 727, 320, 34, 8, 1789, 25807, 326, 9779, 372, 320, 35, 8, 7639, 35605, 32015, 198, 16533, 25, 320], "safe_attention_mask": [1, 1, 1, 1, 1, 1, 1, 1, 1, 1, 1, 1, 1, 1, 1, 1, 1, 1, 1, 1, 1, 1, 1, 1, 1, 1, 1, 1, 1, 1, 1, 1, 1, 1, 1, 1, 1, 1, 1, 1, 1, 1, 1, 1, 1, 1, 1, 1, 1, 1, 1, 1, 1], "pos_id": 423, "neg_id": 426}
{"input_ids": [128000, 14924, 25, 16299, 315, 279, 2768, 374, 279, 1888, 10537, 2884, 369, 10805, 18826, 372, 63746, 16967, 512, 3883, 25, 320, 32, 8, 435, 22029, 31972, 511, 37489, 5814, 320, 33, 8, 435, 22029, 65426, 37143, 320, 34, 8, 70067, 20314, 63746, 568, 64, 16967, 320, 35, 8, 28479, 24481, 198, 16533, 25, 320], "attention_mask": [1, 1, 1, 1, 1, 1, 1, 1, 1, 1, 1, 1, 1, 1, 1, 1, 1, 1, 1, 1, 1, 1, 1, 1, 1, 1, 1, 1, 1, 1, 1, 1, 1, 1, 1, 1, 1, 1, 1, 1, 1, 1, 1, 1, 1, 1, 1, 1, 1, 1, 1, 1, 1, 1, 1], "safe_input_ids": [128000, 14924, 25, 16299, 315, 279, 2768, 374, 279, 1888, 10537, 2884, 369, 10805, 18826, 372, 63746, 16967, 512, 3883, 25, 320, 32, 8, 435, 22029, 31972, 511, 37489, 5814, 320, 33, 8, 435, 22029, 65426, 37143, 320, 34, 8, 70067, 20314, 63746, 568, 64, 16967, 320, 35, 8, 28479, 24481, 198, 16533, 25, 320], "safe_attention_mask": [1, 1, 1, 1, 1, 1, 1, 1, 1, 1, 1, 1, 1, 1, 1, 1, 1, 1, 1, 1, 1, 1, 1, 1, 1, 1, 1, 1, 1, 1, 1, 1, 1, 1, 1, 1, 1, 1, 1, 1, 1, 1, 1, 1, 1, 1, 1, 1, 1, 1, 1, 1, 1, 1, 1], "pos_id": 356, "neg_id": 426}
{"input_ids": [128000, 14924, 25, 16299, 315, 279, 2768, 374, 17303, 555, 279, 3756, 11, 426, 5412, 596, 28047, 88371, 5380, 3883, 25, 320, 32, 8, 91582, 320, 33, 8, 33570, 320, 34, 8, 62213, 8286, 320, 35, 8, 27590, 53, 198, 16533, 25, 320], "attention_mask": [1, 1, 1, 1, 1, 1, 1, 1, 1, 1, 1, 1, 1, 1, 1, 1, 1, 1, 1, 1, 1, 1, 1, 1, 1, 1, 1, 1, 1, 1, 1, 1, 1, 1, 1, 1, 1, 1, 1, 1, 1, 1, 1], "safe_input_ids": [128000, 14924, 25, 16299, 315, 279, 2768, 374, 17303, 555, 279, 3756, 11, 426, 5412, 596, 28047, 88371, 5380, 3883, 25, 320, 32, 8, 91582, 320, 33, 8, 33570, 320, 34, 8, 62213, 8286, 320, 35, 8, 27590, 53, 198, 16533, 25, 320], "safe_attention_mask": [1, 1, 1, 1, 1, 1, 1, 1, 1, 1, 1, 1, 1, 1, 1, 1, 1, 1, 1, 1, 1, 1, 1, 1, 1, 1, 1, 1, 1, 1, 1, 1, 1, 1, 1, 1, 1, 1, 1, 1, 1, 1, 1], "pos_id": 423, "neg_id": 356}
{"input_ids": [128000, 14924, 25, 16299, 315, 279, 2768, 374, 264, 13945, 24084, 3691, 52236, 47120, 198, 3883, 25, 320, 32, 8, 62826, 6985, 13892, 764, 318, 324, 2411, 320, 33, 8, 11502, 511, 92411, 320, 34, 8, 423, 15619, 700, 689, 320, 35, 8, 393, 40512, 35685, 300, 198, 16533, 25, 320], "attention_mask": [1, 1, 1, 1, 1, 1, 1, 1, 1, 1, 1, 1, 1, 1, 1, 1, 1, 1, 1, 1, 1, 1, 1, 1, 1, 1, 1, 1, 1, 1, 1, 1, 1, 1, 1, 1, 1, 1, 1, 1, 1, 1, 1, 1, 1, 1, 1, 1, 1, 1, 1], "safe_input_ids": [128000, 14924, 25, 16299, 315, 279, 2768, 374, 264, 13945, 24084, 3691, 52236, 47120, 198, 3883, 25, 320, 32, 8, 62826, 6985, 13892, 764, 318, 324, 2411, 320, 33, 8, 11502, 511, 92411, 320, 34, 8, 423, 15619, 700, 689, 320, 35, 8, 393, 40512, 35685, 300, 198, 16533, 25, 320], "safe_attention_mask": [1, 1, 1, 1, 1, 1, 1, 1, 1, 1, 1, 1, 1, 1, 1, 1, 1, 1, 1, 1, 1, 1, 1, 1, 1, 1, 1, 1, 1, 1, 1, 1, 1, 1, 1, 1, 1, 1, 1, 1, 1, 1, 1, 1, 1, 1, 1, 1, 1, 1, 1], "pos_id": 362, "neg_id": 423}
{"input_ids": [128000, 14924, 25, 362, 91882, 91711, 61568, 555, 16178, 299, 64417, 61464, 374, 78926, 555, 11134, 311, 18072, 3883, 25, 320, 32, 8, 51825, 16124, 320, 33, 8, 7972, 320, 34, 8, 21182, 88575, 320, 35, 8, 4060, 8942, 301, 2411, 198, 16533, 25, 320], "attention_mask": [1, 1, 1, 1, 1, 1, 1, 1, 1, 1, 1, 1, 1, 1, 1, 1, 1, 1, 1, 1, 1, 1, 1, 1, 1, 1, 1, 1, 1, 1, 1, 1, 1, 1, 1, 1, 1, 1, 1, 1, 1, 1, 1, 1, 1], "safe_input_ids": [128000, 14924, 25, 362, 91882, 91711, 61568, 555, 16178, 299, 64417, 61464, 374, 78926, 555, 11134, 311, 18072, 3883, 25, 320, 32, 8, 51825, 16124, 320, 33, 8, 7972, 320, 34, 8, 21182, 88575, 320, 35, 8, 4060, 8942, 301, 2411, 198, 16533, 25, 320], "safe_attention_mask": [1, 1, 1, 1, 1, 1, 1, 1, 1, 1, 1, 1, 1, 1, 1, 1, 1, 1, 1, 1, 1, 1, 1, 1, 1, 1, 1, 1, 1, 1, 1, 1, 1, 1, 1, 1, 1, 1, 1, 1, 1, 1, 1, 1, 1], "pos_id": 423, "neg_id": 362}
{"input_ids": [128000, 14924, 25, 578, 468, 5002, 430, 374, 6646, 1054, 5686, 1584, 315, 23682, 863, 374, 512, 3883, 25, 320, 32, 8, 4275, 332, 22761, 321, 320, 33, 8, 469, 437, 258, 98635, 320, 34, 8, 15004, 98635, 320, 35, 8, 3206, 79759, 198, 16533, 25, 320], "attention_mask": [1, 1, 1, 1, 1, 1, 1, 1, 1, 1, 1, 1, 1, 1, 1, 1, 1, 1, 1, 1, 1, 1, 1, 1, 1, 1, 1, 1, 1, 1, 1, 1, 1, 1, 1, 1, 1, 1, 1, 1, 1, 1, 1, 1, 1, 1, 1], "safe_input_ids": [128000, 14924, 25, 578, 468, 5002, 430, 374, 6646, 1054, 5686, 1584, 315, 23682, 863, 374, 512, 3883, 25, 320, 32, 8, 4275, 332, 22761, 321, 320, 33, 8, 469, 437, 258, 98635, 320, 34, 8, 15004, 98635, 320, 35, 8, 3206, 79759, 198, 16533, 25, 320], "safe_attention_mask": [1, 1, 1, 1, 1, 1, 1, 1, 1, 1, 1, 1, 1, 1, 1, 1, 1, 1, 1, 1, 1, 1, 1, 1, 1, 1, 1, 1, 1, 1, 1, 1, 1, 1, 1, 1, 1, 1, 1, 1, 1, 1, 1, 1, 1, 1, 1], "pos_id": 423, "neg_id": 362}
{"input_ids": [128000, 14924, 25, 4488, 279, 837, 5224, 9002, 1005, 315, 41678, 2411, 304, 893, 18029, 6953, 69563, 98147, 5380, 3883, 25, 320, 32, 8, 3206, 42811, 369, 30883, 18243, 320, 33, 8, 51803, 315, 41529, 20545, 374, 539, 5505, 369, 51346, 19660, 28174, 320, 34, 8, 3053, 1121, 304, 514, 1791, 511, 16820, 10934, 320, 35, 8, 3053, 1121, 304, 45990, 8671, 1607, 2191, 389, 1317, 4751, 1005, 198, 16533, 25, 320], "attention_mask": [1, 1, 1, 1, 1, 1, 1, 1, 1, 1, 1, 1, 1, 1, 1, 1, 1, 1, 1, 1, 1, 1, 1, 1, 1, 1, 1, 1, 1, 1, 1, 1, 1, 1, 1, 1, 1, 1, 1, 1, 1, 1, 1, 1, 1, 1, 1, 1, 1, 1, 1, 1, 1, 1, 1, 1, 1, 1, 1, 1, 1, 1, 1, 1, 1, 1, 1, 1, 1, 1, 1, 1], "safe_input_ids": [128000, 14924, 25, 4488, 279, 837, 5224, 9002, 1005, 315, 41678, 2411, 304, 893, 18029, 6953, 69563, 98147, 5380, 3883, 25, 320, 32, 8, 3206, 42811, 369, 30883, 18243, 320, 33, 8, 51803, 315, 41529, 20545, 374, 539, 5505, 369, 51346, 19660, 28174, 320, 34, 8, 3053, 1121, 304, 514, 1791, 511, 16820, 10934, 320, 35, 8, 3053, 1121, 304, 45990, 8671, 1607, 2191, 389, 1317, 4751, 1005, 198, 16533, 25, 320], "safe_attention_mask": [1, 1, 1, 1, 1, 1, 1, 1, 1, 1, 1, 1, 1, 1, 1, 1, 1, 1, 1, 1, 1, 1, 1, 1, 1, 1, 1, 1, 1, 1, 1, 1, 1, 1, 1, 1, 1, 1, 1, 1, 1, 1, 1, 1, 1, 1, 1, 1, 1, 1, 1, 1, 1, 1, 1, 1, 1, 1, 1, 1, 1, 1, 1, 1, 1, 1, 1, 1, 1, 1, 1, 1], "pos_id": 356, "neg_id": 423}
{"input_ids": [128000, 14924, 25, 36007, 367, 315, 393, 13136, 75716, 555, 28334, 19488, 26402, 3196, 389, 512, 3883, 25, 320, 32, 8, 34484, 596, 2383, 13, 320, 33, 8, 58459, 596, 2383, 13, 320, 34, 8, 97674, 13206, 2383, 13, 320, 35, 8, 14128, 1056, 75, 1157, 2383, 627, 16533, 25, 320], "attention_mask": [1, 1, 1, 1, 1, 1, 1, 1, 1, 1, 1, 1, 1, 1, 1, 1, 1, 1, 1, 1, 1, 1, 1, 1, 1, 1, 1, 1, 1, 1, 1, 1, 1, 1, 1, 1, 1, 1, 1, 1, 1, 1, 1, 1, 1, 1, 1, 1, 1, 1, 1], "safe_input_ids": [128000, 14924, 25, 36007, 367, 315, 393, 13136, 75716, 555, 28334, 19488, 26402, 3196, 389, 512, 3883, 25, 320, 32, 8, 34484, 596, 2383, 13, 320, 33, 8, 58459, 596, 2383, 13, 320, 34, 8, 97674, 13206, 2383, 13, 320, 35, 8, 14128, 1056, 75, 1157, 2383, 627, 16533, 25, 320], "safe_attention_mask": [1, 1, 1, 1, 1, 1, 1, 1, 1, 1, 1, 1, 1, 1, 1, 1, 1, 1, 1, 1, 1, 1, 1, 1, 1, 1, 1, 1, 1, 1, 1, 1, 1, 1, 1, 1, 1, 1, 1, 1, 1, 1, 1, 1, 1, 1, 1, 1, 1, 1, 1], "pos_id": 362, "neg_id": 356}
{"input_ids": [128000, 14924, 25, 1556, 2209, 540, 3017, 15151, 8481, 315, 39881, 1990, 18722, 3883, 25, 320, 32, 8, 1252, 9920, 33149, 320, 33, 8, 25368, 33149, 320, 34, 8, 12980, 4341, 70, 14546, 44736, 320, 35, 8, 5659, 279, 1890, 3927, 198, 16533, 25, 320], "attention_mask": [1, 1, 1, 1, 1, 1, 1, 1, 1, 1, 1, 1, 1, 1, 1, 1, 1, 1, 1, 1, 1, 1, 1, 1, 1, 1, 1, 1, 1, 1, 1, 1, 1, 1, 1, 1, 1, 1, 1, 1, 1, 1, 1, 1, 1], "safe_input_ids": [128000, 14924, 25, 1556, 2209, 540, 3017, 15151, 8481, 315, 39881, 1990, 18722, 3883, 25, 320, 32, 8, 1252, 9920, 33149, 320, 33, 8, 25368, 33149, 320, 34, 8, 12980, 4341, 70, 14546, 44736, 320, 35, 8, 5659, 279, 1890, 3927, 198, 16533, 25, 320], "safe_attention_mask": [1, 1, 1, 1, 1, 1, 1, 1, 1, 1, 1, 1, 1, 1, 1, 1, 1, 1, 1, 1, 1, 1, 1, 1, 1, 1, 1, 1, 1, 1, 1, 1, 1, 1, 1, 1, 1, 1, 1, 1, 1, 1, 1, 1, 1], "pos_id": 356, "neg_id": 362}
{"input_ids": [128000, 14924, 25, 2052, 315, 279, 2768, 527, 11384, 315, 83066, 2223, 85515, 38267, 198, 3883, 25, 320, 32, 8, 2057, 87, 454, 14833, 8801, 285, 320, 33, 8, 7409, 268, 2223, 10485, 6985, 320, 34, 8, 45774, 362, 48294, 320, 35, 8, 356, 6526, 533, 198, 16533, 25, 320], "attention_mask": [1, 1, 1, 1, 1, 1, 1, 1, 1, 1, 1, 1, 1, 1, 1, 1, 1, 1, 1, 1, 1, 1, 1, 1, 1, 1, 1, 1, 1, 1, 1, 1, 1, 1, 1, 1, 1, 1, 1, 1, 1, 1, 1, 1, 1, 1, 1, 1, 1, 1], "safe_input_ids": [128000, 14924, 25, 2052, 315, 279, 2768, 527, 11384, 315, 83066, 2223, 85515, 38267, 198, 3883, 25, 320, 32, 8, 2057, 87, 454, 14833, 8801, 285, 320, 33, 8, 7409, 268, 2223, 10485, 6985, 320, 34, 8, 45774, 362, 48294, 320, 35, 8, 356, 6526, 533, 198, 16533, 25, 320], "safe_attention_mask": [1, 1, 1, 1, 1, 1, 1, 1, 1, 1, 1, 1, 1, 1, 1, 1, 1, 1, 1, 1, 1, 1, 1, 1, 1, 1, 1, 1, 1, 1, 1, 1, 1, 1, 1, 1, 1, 1, 1, 1, 1, 1, 1, 1, 1, 1, 1, 1, 1, 1], "pos_id": 356, "neg_id": 362}
{"input_ids": [128000, 14924, 25, 33832, 21107, 683, 2840, 2933, 82945, 374, 3970, 304, 115972, 3883, 25, 320, 32, 8, 69280, 8274, 21701, 88, 320, 33, 8, 2947, 31278, 596, 28439, 320, 34, 8, 39515, 531, 2711, 320, 35, 8, 53689, 198, 16533, 25, 320], "attention_mask": [1, 1, 1, 1, 1, 1, 1, 1, 1, 1, 1, 1, 1, 1, 1, 1, 1, 1, 1, 1, 1, 1, 1, 1, 1, 1, 1, 1, 1, 1, 1, 1, 1, 1, 1, 1, 1, 1, 1, 1, 1, 1, 1], "safe_input_ids": [128000, 14924, 25, 33832, 21107, 683, 2840, 2933, 82945, 374, 3970, 304, 115972, 3883, 25, 320, 32, 8, 69280, 8274, 21701, 88, 320, 33, 8, 2947, 31278, 596, 28439, 320, 34, 8, 39515, 531, 2711, 320, 35, 8, 53689, 198, 16533, 25, 320], "safe_attention_mask": [1, 1, 1, 1, 1, 1, 1, 1, 1, 1, 1, 1, 1, 1, 1, 1, 1, 1, 1, 1, 1, 1, 1, 1, 1, 1, 1, 1, 1, 1, 1, 1, 1, 1, 1, 1, 1, 1, 1, 1, 1, 1, 1], "pos_id": 362, "neg_id": 426}
{"input_ids": [128000, 14924, 25, 362, 220, 975, 4771, 6418, 3828, 18911, 449, 28181, 4664, 5518, 285, 11, 28900, 281, 60384, 11, 20611, 287, 315, 1156, 391, 5724, 323, 11051, 10934, 13, 2684, 374, 305, 20886, 4528, 17563, 304, 7126, 323, 10868, 719, 2753, 15748, 13, 6385, 15643, 42, 2237, 374, 1101, 9408, 320, 2636, 81100, 7586, 570, 3005, 374, 4762, 16066, 505, 5380, 3883, 25, 320, 32, 8, 5867, 727, 9607, 265, 333, 1892, 52192, 69110, 58175, 320, 33, 8, 78484, 52192, 69110, 58175, 320, 34, 8, 13903, 65, 2427, 2668, 273, 69110, 58175, 320, 35, 8, 2522, 391, 360, 1073, 36970, 28400, 3333, 69110, 58175, 198, 16533, 25, 320], "attention_mask": [1, 1, 1, 1, 1, 1, 1, 1, 1, 1, 1, 1, 1, 1, 1, 1, 1, 1, 1, 1, 1, 1, 1, 1, 1, 1, 1, 1, 1, 1, 1, 1, 1, 1, 1, 1, 1, 1, 1, 1, 1, 1, 1, 1, 1, 1, 1, 1, 1, 1, 1, 1, 1, 1, 1, 1, 1, 1, 1, 1, 1, 1, 1, 1, 1, 1, 1, 1, 1, 1, 1, 1, 1, 1, 1, 1, 1, 1, 1, 1, 1, 1, 1, 1, 1, 1, 1, 1, 1, 1, 1, 1, 1, 1, 1, 1, 1, 1, 1, 1, 1, 1, 1, 1, 1, 1, 1, 1, 1], "safe_input_ids": [128000, 14924, 25, 362, 220, 975, 4771, 6418, 3828, 18911, 449, 28181, 4664, 5518, 285, 11, 28900, 281, 60384, 11, 20611, 287, 315, 1156, 391, 5724, 323, 11051, 10934, 13, 2684, 374, 305, 20886, 4528, 17563, 304, 7126, 323, 10868, 719, 2753, 15748, 13, 6385, 15643, 42, 2237, 374, 1101, 9408, 320, 2636, 81100, 7586, 570, 3005, 374, 4762, 16066, 505, 5380, 3883, 25, 320, 32, 8, 5867, 727, 9607, 265, 333, 1892, 52192, 69110, 58175, 320, 33, 8, 78484, 52192, 69110, 58175, 320, 34, 8, 13903, 65, 2427, 2668, 273, 69110, 58175, 320, 35, 8, 2522, 391, 360, 1073, 36970, 28400, 3333, 69110, 58175, 198, 16533, 25, 320], "safe_attention_mask": [1, 1, 1, 1, 1, 1, 1, 1, 1, 1, 1, 1, 1, 1, 1, 1, 1, 1, 1, 1, 1, 1, 1, 1, 1, 1, 1, 1, 1, 1, 1, 1, 1, 1, 1, 1, 1, 1, 1, 1, 1, 1, 1, 1, 1, 1, 1, 1, 1, 1, 1, 1, 1, 1, 1, 1, 1, 1, 1, 1, 1, 1, 1, 1, 1, 1, 1, 1, 1, 1, 1, 1, 1, 1, 1, 1, 1, 1, 1, 1, 1, 1, 1, 1, 1, 1, 1, 1, 1, 1, 1, 1, 1, 1, 1, 1, 1, 1, 1, 1, 1, 1, 1, 1, 1, 1, 1, 1, 1], "pos_id": 423, "neg_id": 362}
{"input_ids": [128000, 14924, 25, 16299, 315, 279, 2768, 374, 837, 5224, 9002, 3823, 8071, 198, 3883, 25, 320, 32, 8, 4563, 33252, 4018, 1022, 46406, 81226, 220, 3443, 26807, 320, 33, 8, 18944, 8071, 11298, 690, 11810, 46406, 315, 220, 3443, 12, 220, 7007, 26807, 320, 34, 8, 7570, 1306, 272, 6526, 533, 15173, 30136, 45220, 527, 539, 97922, 320, 35, 8, 43771, 690, 539, 8881, 3177, 198, 16533, 25, 320], "attention_mask": [1, 1, 1, 1, 1, 1, 1, 1, 1, 1, 1, 1, 1, 1, 1, 1, 1, 1, 1, 1, 1, 1, 1, 1, 1, 1, 1, 1, 1, 1, 1, 1, 1, 1, 1, 1, 1, 1, 1, 1, 1, 1, 1, 1, 1, 1, 1, 1, 1, 1, 1, 1, 1, 1, 1, 1, 1, 1, 1, 1, 1, 1, 1, 1, 1, 1, 1, 1, 1, 1], "safe_input_ids": [128000, 14924, 25, 16299, 315, 279, 2768, 374, 837, 5224, 9002, 3823, 8071, 198, 3883, 25, 320, 32, 8, 4563, 33252, 4018, 1022, 46406, 81226, 220, 3443, 26807, 320, 33, 8, 18944, 8071, 11298, 690, 11810, 46406, 315, 220, 3443, 12, 220, 7007, 26807, 320, 34, 8, 7570, 1306, 272, 6526, 533, 15173, 30136, 45220, 527, 539, 97922, 320, 35, 8, 43771, 690, 539, 8881, 3177, 198, 16533, 25, 320], "safe_attention_mask": [1, 1, 1, 1, 1, 1, 1, 1, 1, 1, 1, 1, 1, 1, 1, 1, 1, 1, 1, 1, 1, 1, 1, 1, 1, 1, 1, 1, 1, 1, 1, 1, 1, 1, 1, 1, 1, 1, 1, 1, 1, 1, 1, 1, 1, 1, 1, 1, 1, 1, 1, 1, 1, 1, 1, 1, 1, 1, 1, 1, 1, 1, 1, 1, 1, 1, 1, 1, 1, 1], "pos_id": 426, "neg_id": 356}
{"input_ids": [128000, 14924, 25, 16299, 315, 279, 2768, 16124, 374, 539, 264, 26038, 16124, 198, 3883, 25, 320, 32, 8, 393, 1279, 35965, 3682, 320, 33, 8, 9634, 3890, 4170, 1960, 372, 320, 34, 8, 27233, 269, 4170, 1960, 372, 98670, 355, 320, 35, 8, 3320, 613, 18159, 198, 16533, 25, 320], "attention_mask": [1, 1, 1, 1, 1, 1, 1, 1, 1, 1, 1, 1, 1, 1, 1, 1, 1, 1, 1, 1, 1, 1, 1, 1, 1, 1, 1, 1, 1, 1, 1, 1, 1, 1, 1, 1, 1, 1, 1, 1, 1, 1, 1, 1, 1, 1, 1, 1, 1, 1, 1], "safe_input_ids": [128000, 14924, 25, 16299, 315, 279, 2768, 16124, 374, 539, 264, 26038, 16124, 198, 3883, 25, 320, 32, 8, 393, 1279, 35965, 3682, 320, 33, 8, 9634, 3890, 4170, 1960, 372, 320, 34, 8, 27233, 269, 4170, 1960, 372, 98670, 355, 320, 35, 8, 3320, 613, 18159, 198, 16533, 25, 320], "safe_attention_mask": [1, 1, 1, 1, 1, 1, 1, 1, 1, 1, 1, 1, 1, 1, 1, 1, 1, 1, 1, 1, 1, 1, 1, 1, 1, 1, 1, 1, 1, 1, 1, 1, 1, 1, 1, 1, 1, 1, 1, 1, 1, 1, 1, 1, 1, 1, 1, 1, 1, 1, 1], "pos_id": 426, "neg_id": 356}
{"input_ids": [128000, 14924, 25, 40893, 291, 11552, 315, 59904, 315, 264, 17685, 9630, 385, 29480, 264, 34933, 6514, 1253, 387, 4245, 311, 198, 3883, 25, 320, 32, 8, 763, 13421, 320, 33, 8, 763, 1037, 19684, 35855, 320, 34, 8, 763, 1037, 19684, 29905, 2065, 320, 35, 8, 2052, 315, 279, 3485, 198, 16533, 25, 320], "attention_mask": [1, 1, 1, 1, 1, 1, 1, 1, 1, 1, 1, 1, 1, 1, 1, 1, 1, 1, 1, 1, 1, 1, 1, 1, 1, 1, 1, 1, 1, 1, 1, 1, 1, 1, 1, 1, 1, 1, 1, 1, 1, 1, 1, 1, 1, 1, 1, 1, 1, 1, 1, 1, 1, 1, 1], "safe_input_ids": [128000, 14924, 25, 40893, 291, 11552, 315, 59904, 315, 264, 17685, 9630, 385, 29480, 264, 34933, 6514, 1253, 387, 4245, 311, 198, 3883, 25, 320, 32, 8, 763, 13421, 320, 33, 8, 763, 1037, 19684, 35855, 320, 34, 8, 763, 1037, 19684, 29905, 2065, 320, 35, 8, 2052, 315, 279, 3485, 198, 16533, 25, 320], "safe_attention_mask": [1, 1, 1, 1, 1, 1, 1, 1, 1, 1, 1, 1, 1, 1, 1, 1, 1, 1, 1, 1, 1, 1, 1, 1, 1, 1, 1, 1, 1, 1, 1, 1, 1, 1, 1, 1, 1, 1, 1, 1, 1, 1, 1, 1, 1, 1, 1, 1, 1, 1, 1, 1, 1, 1, 1], "pos_id": 423, "neg_id": 426}
{"input_ids": [128000, 14924, 25, 3639, 374, 279, 7410, 315, 20343, 5380, 3883, 25, 320, 32, 8, 763, 57014, 273, 19253, 75, 320, 33, 8, 4149, 79, 360, 55892, 320, 34, 8, 4149, 15489, 7147, 320, 35, 8, 1708, 588, 7569, 7410, 198, 16533, 25, 320], "attention_mask": [1, 1, 1, 1, 1, 1, 1, 1, 1, 1, 1, 1, 1, 1, 1, 1, 1, 1, 1, 1, 1, 1, 1, 1, 1, 1, 1, 1, 1, 1, 1, 1, 1, 1, 1, 1, 1, 1, 1, 1, 1, 1, 1, 1], "safe_input_ids": [128000, 14924, 25, 3639, 374, 279, 7410, 315, 20343, 5380, 3883, 25, 320, 32, 8, 763, 57014, 273, 19253, 75, 320, 33, 8, 4149, 79, 360, 55892, 320, 34, 8, 4149, 15489, 7147, 320, 35, 8, 1708, 588, 7569, 7410, 198, 16533, 25, 320], "safe_attention_mask": [1, 1, 1, 1, 1, 1, 1, 1, 1, 1, 1, 1, 1, 1, 1, 1, 1, 1, 1, 1, 1, 1, 1, 1, 1, 1, 1, 1, 1, 1, 1, 1, 1, 1, 1, 1, 1, 1, 1, 1, 1, 1, 1, 1], "pos_id": 362, "neg_id": 356}
{"input_ids": [128000, 14924, 25, 3861, 5410, 3474, 290, 304, 4725, 5410, 27208, 85, 5764, 907, 7058, 3883, 25, 320, 32, 8, 220, 1135, 4, 320, 33, 8, 220, 2614, 4, 320, 34, 8, 220, 2721, 4, 320, 35, 8, 220, 1041, 14062, 16533, 25, 320], "attention_mask": [1, 1, 1, 1, 1, 1, 1, 1, 1, 1, 1, 1, 1, 1, 1, 1, 1, 1, 1, 1, 1, 1, 1, 1, 1, 1, 1, 1, 1, 1, 1, 1, 1, 1, 1, 1, 1, 1, 1, 1, 1, 1, 1, 1], "safe_input_ids": [128000, 14924, 25, 3861, 5410, 3474, 290, 304, 4725, 5410, 27208, 85, 5764, 907, 7058, 3883, 25, 320, 32, 8, 220, 1135, 4, 320, 33, 8, 220, 2614, 4, 320, 34, 8, 220, 2721, 4, 320, 35, 8, 220, 1041, 14062, 16533, 25, 320], "safe_attention_mask": [1, 1, 1, 1, 1, 1, 1, 1, 1, 1, 1, 1, 1, 1, 1, 1, 1, 1, 1, 1, 1, 1, 1, 1, 1, 1, 1, 1, 1, 1, 1, 1, 1, 1, 1, 1, 1, 1, 1, 1, 1, 1, 1, 1], "pos_id": 426, "neg_id": 362}
{"input_ids": [128000, 14924, 25, 77556, 7917, 527, 3970, 304, 19405, 449, 902, 17188, 18072, 3883, 25, 320, 32, 8, 2206, 300, 645, 320, 33, 8, 50242, 53, 320, 34, 8, 386, 980, 26089, 372, 64915, 3614, 372, 320, 35, 8, 432, 18282, 198, 16533, 25, 320], "attention_mask": [1, 1, 1, 1, 1, 1, 1, 1, 1, 1, 1, 1, 1, 1, 1, 1, 1, 1, 1, 1, 1, 1, 1, 1, 1, 1, 1, 1, 1, 1, 1, 1, 1, 1, 1, 1, 1, 1, 1, 1, 1, 1, 1, 1, 1], "safe_input_ids": [128000, 14924, 25, 77556, 7917, 527, 3970, 304, 19405, 449, 902, 17188, 18072, 3883, 25, 320, 32, 8, 2206, 300, 645, 320, 33, 8, 50242, 53, 320, 34, 8, 386, 980, 26089, 372, 64915, 3614, 372, 320, 35, 8, 432, 18282, 198, 16533, 25, 320], "safe_attention_mask": [1, 1, 1, 1, 1, 1, 1, 1, 1, 1, 1, 1, 1, 1, 1, 1, 1, 1, 1, 1, 1, 1, 1, 1, 1, 1, 1, 1, 1, 1, 1, 1, 1, 1, 1, 1, 1, 1, 1, 1, 1, 1, 1, 1, 1], "pos_id": 426, "neg_id": 356}
{"input_ids": [128000, 14924, 25, 12220, 33289, 315, 279, 8582, 1176, 296, 7569, 11, 279, 11083, 822, 1048, 641, 278, 3789, 374, 7554, 323, 374, 24740, 311, 617, 1027, 15753, 1139, 279, 1973, 35605, 76914, 627, 791, 1888, 2361, 369, 279, 8893, 7214, 1306, 279, 10672, 374, 198, 3883, 25, 320, 32, 8, 2057, 2361, 279, 8893, 49685, 320, 33, 8, 2057, 2361, 279, 6978, 304, 264, 18768, 43131, 48378, 311, 51187, 279, 84868, 367, 320, 34, 8, 31753, 8564, 7881, 2361, 320, 35, 8, 25263, 9327, 8564, 7881, 2361, 198, 16533, 25, 320], "attention_mask": [1, 1, 1, 1, 1, 1, 1, 1, 1, 1, 1, 1, 1, 1, 1, 1, 1, 1, 1, 1, 1, 1, 1, 1, 1, 1, 1, 1, 1, 1, 1, 1, 1, 1, 1, 1, 1, 1, 1, 1, 1, 1, 1, 1, 1, 1, 1, 1, 1, 1, 1, 1, 1, 1, 1, 1, 1, 1, 1, 1, 1, 1, 1, 1, 1, 1, 1, 1, 1, 1, 1, 1, 1, 1, 1, 1, 1, 1, 1, 1, 1, 1, 1, 1, 1, 1, 1, 1, 1, 1, 1, 1], "safe_input_ids": [128000, 14924, 25, 12220, 33289, 315, 279, 8582, 1176, 296, 7569, 11, 279, 11083, 822, 1048, 641, 278, 3789, 374, 7554, 323, 374, 24740, 311, 617, 1027, 15753, 1139, 279, 1973, 35605, 76914, 627, 791, 1888, 2361, 369, 279, 8893, 7214, 1306, 279, 10672, 374, 198, 3883, 25, 320, 32, 8, 2057, 2361, 279, 8893, 49685, 320, 33, 8, 2057, 2361, 279, 6978, 304, 264, 18768, 43131, 48378, 311, 51187, 279, 84868, 367, 320, 34, 8, 31753, 8564, 7881, 2361, 320, 35, 8, 25263, 9327, 8564, 7881, 2361, 198, 16533, 25, 320], "safe_attention_mask": [1, 1, 1, 1, 1, 1, 1, 1, 1, 1, 1, 1, 1, 1, 1, 1, 1, 1, 1, 1, 1, 1, 1, 1, 1, 1, 1, 1, 1, 1, 1, 1, 1, 1, 1, 1, 1, 1, 1, 1, 1, 1, 1, 1, 1, 1, 1, 1, 1, 1, 1, 1, 1, 1, 1, 1, 1, 1, 1, 1, 1, 1, 1, 1, 1, 1, 1, 1, 1, 1, 1, 1, 1, 1, 1, 1, 1, 1, 1, 1, 1, 1, 1, 1, 1, 1, 1, 1, 1, 1, 1, 1], "pos_id": 362, "neg_id": 423}
{"input_ids": [128000, 14924, 25, 45503, 393, 732, 2506, 374, 2884, 369, 902, 315, 279, 2768, 5380, 3883, 25, 320, 32, 8, 67644, 15489, 6784, 449, 4015, 27255, 871, 220, 1399, 1332, 1306, 84664, 31146, 4548, 320, 33, 8, 67644, 15489, 6784, 449, 4015, 27255, 871, 220, 966, 1332, 1306, 84664, 31146, 4548, 320, 34, 8, 67644, 42871, 6784, 449, 4015, 27255, 871, 1954, 1332, 1306, 84664, 31146, 4548, 320, 35, 8, 35567, 449, 4015, 27255, 369, 871, 4364, 38137, 1306, 84664, 31146, 4548, 198, 16533, 25, 320], "attention_mask": [1, 1, 1, 1, 1, 1, 1, 1, 1, 1, 1, 1, 1, 1, 1, 1, 1, 1, 1, 1, 1, 1, 1, 1, 1, 1, 1, 1, 1, 1, 1, 1, 1, 1, 1, 1, 1, 1, 1, 1, 1, 1, 1, 1, 1, 1, 1, 1, 1, 1, 1, 1, 1, 1, 1, 1, 1, 1, 1, 1, 1, 1, 1, 1, 1, 1, 1, 1, 1, 1, 1, 1, 1, 1, 1, 1, 1, 1, 1, 1, 1, 1, 1, 1, 1, 1], "safe_input_ids": [128000, 14924, 25, 45503, 393, 732, 2506, 374, 2884, 369, 902, 315, 279, 2768, 5380, 3883, 25, 320, 32, 8, 67644, 15489, 6784, 449, 4015, 27255, 871, 220, 1399, 1332, 1306, 84664, 31146, 4548, 320, 33, 8, 67644, 15489, 6784, 449, 4015, 27255, 871, 220, 966, 1332, 1306, 84664, 31146, 4548, 320, 34, 8, 67644, 42871, 6784, 449, 4015, 27255, 871, 1954, 1332, 1306, 84664, 31146, 4548, 320, 35, 8, 35567, 449, 4015, 27255, 369, 871, 4364, 38137, 1306, 84664, 31146, 4548, 198, 16533, 25, 320], "safe_attention_mask": [1, 1, 1, 1, 1, 1, 1, 1, 1, 1, 1, 1, 1, 1, 1, 1, 1, 1, 1, 1, 1, 1, 1, 1, 1, 1, 1, 1, 1, 1, 1, 1, 1, 1, 1, 1, 1, 1, 1, 1, 1, 1, 1, 1, 1, 1, 1, 1, 1, 1, 1, 1, 1, 1, 1, 1, 1, 1, 1, 1, 1, 1, 1, 1, 1, 1, 1, 1, 1, 1, 1, 1, 1, 1, 1, 1, 1, 1, 1, 1, 1, 1, 1, 1, 1, 1], "pos_id": 356, "neg_id": 426}
{"input_ids": [128000, 14924, 25, 85001, 5938, 449, 19405, 198, 3883, 25, 320, 32, 8, 48005, 988, 45964, 323, 29962, 48891, 320, 33, 8, 14043, 29735, 279, 24463, 91342, 367, 16029, 320, 34, 8, 2209, 4245, 311, 96068, 3178, 258, 12, 16, 6004, 505, 11325, 19, 350, 78764, 7917, 320, 35, 8, 40733, 24463, 4984, 311, 20438, 198, 16533, 25, 320], "attention_mask": [1, 1, 1, 1, 1, 1, 1, 1, 1, 1, 1, 1, 1, 1, 1, 1, 1, 1, 1, 1, 1, 1, 1, 1, 1, 1, 1, 1, 1, 1, 1, 1, 1, 1, 1, 1, 1, 1, 1, 1, 1, 1, 1, 1, 1, 1, 1, 1, 1, 1, 1, 1, 1, 1, 1, 1, 1, 1, 1], "safe_input_ids": [128000, 14924, 25, 85001, 5938, 449, 19405, 198, 3883, 25, 320, 32, 8, 48005, 988, 45964, 323, 29962, 48891, 320, 33, 8, 14043, 29735, 279, 24463, 91342, 367, 16029, 320, 34, 8, 2209, 4245, 311, 96068, 3178, 258, 12, 16, 6004, 505, 11325, 19, 350, 78764, 7917, 320, 35, 8, 40733, 24463, 4984, 311, 20438, 198, 16533, 25, 320], "safe_attention_mask": [1, 1, 1, 1, 1, 1, 1, 1, 1, 1, 1, 1, 1, 1, 1, 1, 1, 1, 1, 1, 1, 1, 1, 1, 1, 1, 1, 1, 1, 1, 1, 1, 1, 1, 1, 1, 1, 1, 1, 1, 1, 1, 1, 1, 1, 1, 1, 1, 1, 1, 1, 1, 1, 1, 1, 1, 1, 1, 1], "pos_id": 423, "neg_id": 426}
{"input_ids": [128000, 14924, 25, 8155, 2942, 311, 2231, 1116, 88, 304, 28585, 374, 5380, 3883, 25, 320, 32, 8, 22617, 320, 33, 8, 549, 466, 355, 320, 34, 8, 31417, 320, 35, 8, 57598, 198, 16533, 25, 320], "attention_mask": [1, 1, 1, 1, 1, 1, 1, 1, 1, 1, 1, 1, 1, 1, 1, 1, 1, 1, 1, 1, 1, 1, 1, 1, 1, 1, 1, 1, 1, 1, 1, 1, 1, 1, 1, 1, 1], "safe_input_ids": [128000, 14924, 25, 8155, 2942, 311, 2231, 1116, 88, 304, 28585, 374, 5380, 3883, 25, 320, 32, 8, 22617, 320, 33, 8, 549, 466, 355, 320, 34, 8, 31417, 320, 35, 8, 57598, 198, 16533, 25, 320], "safe_attention_mask": [1, 1, 1, 1, 1, 1, 1, 1, 1, 1, 1, 1, 1, 1, 1, 1, 1, 1, 1, 1, 1, 1, 1, 1, 1, 1, 1, 1, 1, 1, 1, 1, 1, 1, 1, 1, 1], "pos_id": 426, "neg_id": 362}
{"input_ids": [128000, 14924, 25, 9777, 472, 81868, 788, 21271, 20438, 374, 5380, 3883, 25, 320, 32, 8, 39515, 454, 14833, 689, 315, 21271, 320, 33, 8, 7409, 268, 2223, 63581, 320, 34, 8, 445, 32493, 513, 593, 55681, 320, 35, 8, 7409, 268, 2223, 63581, 292, 100213, 81868, 590, 8811, 1659, 198, 16533, 25, 320], "attention_mask": [1, 1, 1, 1, 1, 1, 1, 1, 1, 1, 1, 1, 1, 1, 1, 1, 1, 1, 1, 1, 1, 1, 1, 1, 1, 1, 1, 1, 1, 1, 1, 1, 1, 1, 1, 1, 1, 1, 1, 1, 1, 1, 1, 1, 1, 1, 1, 1, 1, 1, 1, 1, 1, 1], "safe_input_ids": [128000, 14924, 25, 9777, 472, 81868, 788, 21271, 20438, 374, 5380, 3883, 25, 320, 32, 8, 39515, 454, 14833, 689, 315, 21271, 320, 33, 8, 7409, 268, 2223, 63581, 320, 34, 8, 445, 32493, 513, 593, 55681, 320, 35, 8, 7409, 268, 2223, 63581, 292, 100213, 81868, 590, 8811, 1659, 198, 16533, 25, 320], "safe_attention_mask": [1, 1, 1, 1, 1, 1, 1, 1, 1, 1, 1, 1, 1, 1, 1, 1, 1, 1, 1, 1, 1, 1, 1, 1, 1, 1, 1, 1, 1, 1, 1, 1, 1, 1, 1, 1, 1, 1, 1, 1, 1, 1, 1, 1, 1, 1, 1, 1, 1, 1, 1, 1, 1, 1], "pos_id": 423, "neg_id": 426}
{"input_ids": [128000, 14924, 25, 3475, 369, 23842, 315, 4611, 29569, 67979, 20000, 374, 5380, 3883, 25, 320, 32, 8, 468, 26966, 320, 33, 8, 10211, 37, 67791, 320, 34, 8, 10211, 37, 24481, 320, 35, 8, 50359, 8737, 198, 16533, 25, 320], "attention_mask": [1, 1, 1, 1, 1, 1, 1, 1, 1, 1, 1, 1, 1, 1, 1, 1, 1, 1, 1, 1, 1, 1, 1, 1, 1, 1, 1, 1, 1, 1, 1, 1, 1, 1, 1, 1, 1, 1, 1, 1, 1], "safe_input_ids": [128000, 14924, 25, 3475, 369, 23842, 315, 4611, 29569, 67979, 20000, 374, 5380, 3883, 25, 320, 32, 8, 468, 26966, 320, 33, 8, 10211, 37, 67791, 320, 34, 8, 10211, 37, 24481, 320, 35, 8, 50359, 8737, 198, 16533, 25, 320], "safe_attention_mask": [1, 1, 1, 1, 1, 1, 1, 1, 1, 1, 1, 1, 1, 1, 1, 1, 1, 1, 1, 1, 1, 1, 1, 1, 1, 1, 1, 1, 1, 1, 1, 1, 1, 1, 1, 1, 1, 1, 1, 1, 1], "pos_id": 356, "neg_id": 426}
{"input_ids": [128000, 14924, 25, 74105, 315, 12314, 6901, 19754, 2067, 21473, 7147, 389, 63859, 24481, 527, 682, 3734, 512, 3883, 25, 320, 32, 8, 3962, 652, 438, 532, 1614, 320, 33, 8, 921, 12747, 599, 20000, 320, 34, 8, 7409, 478, 535, 47345, 8060, 320, 35, 8, 98538, 8624, 198, 16533, 25, 320], "attention_mask": [1, 1, 1, 1, 1, 1, 1, 1, 1, 1, 1, 1, 1, 1, 1, 1, 1, 1, 1, 1, 1, 1, 1, 1, 1, 1, 1, 1, 1, 1, 1, 1, 1, 1, 1, 1, 1, 1, 1, 1, 1, 1, 1, 1, 1, 1, 1, 1, 1, 1, 1, 1], "safe_input_ids": [128000, 14924, 25, 74105, 315, 12314, 6901, 19754, 2067, 21473, 7147, 389, 63859, 24481, 527, 682, 3734, 512, 3883, 25, 320, 32, 8, 3962, 652, 438, 532, 1614, 320, 33, 8, 921, 12747, 599, 20000, 320, 34, 8, 7409, 478, 535, 47345, 8060, 320, 35, 8, 98538, 8624, 198, 16533, 25, 320], "safe_attention_mask": [1, 1, 1, 1, 1, 1, 1, 1, 1, 1, 1, 1, 1, 1, 1, 1, 1, 1, 1, 1, 1, 1, 1, 1, 1, 1, 1, 1, 1, 1, 1, 1, 1, 1, 1, 1, 1, 1, 1, 1, 1, 1, 1, 1, 1, 1, 1, 1, 1, 1, 1, 1], "pos_id": 423, "neg_id": 362}
{"input_ids": [128000, 14924, 25, 763, 1652, 27456, 1296, 11, 9439, 3090, 41959, 11384, 7351, 315, 8071, 18722, 3883, 25, 320, 32, 8, 4427, 3185, 320, 33, 8, 29710, 88842, 3185, 320, 34, 8, 3216, 320, 35, 8, 3234, 59, 29238, 198, 16533, 25, 320], "attention_mask": [1, 1, 1, 1, 1, 1, 1, 1, 1, 1, 1, 1, 1, 1, 1, 1, 1, 1, 1, 1, 1, 1, 1, 1, 1, 1, 1, 1, 1, 1, 1, 1, 1, 1, 1, 1, 1, 1, 1, 1, 1, 1, 1], "safe_input_ids": [128000, 14924, 25, 763, 1652, 27456, 1296, 11, 9439, 3090, 41959, 11384, 7351, 315, 8071, 18722, 3883, 25, 320, 32, 8, 4427, 3185, 320, 33, 8, 29710, 88842, 3185, 320, 34, 8, 3216, 320, 35, 8, 3234, 59, 29238, 198, 16533, 25, 320], "safe_attention_mask": [1, 1, 1, 1, 1, 1, 1, 1, 1, 1, 1, 1, 1, 1, 1, 1, 1, 1, 1, 1, 1, 1, 1, 1, 1, 1, 1, 1, 1, 1, 1, 1, 1, 1, 1, 1, 1, 1, 1, 1, 1, 1, 1], "pos_id": 426, "neg_id": 362}
{"input_ids": [128000, 14924, 25, 16299, 315, 279, 2768, 374, 539, 905, 922, 9974, 5326, 315, 31180, 198, 3883, 25, 320, 32, 8, 362, 4403, 315, 220, 16, 4, 284, 220, 2075, 502, 5157, 320, 33, 8, 9303, 362, 4403, 304, 6890, 374, 220, 16, 13, 22, 4, 320, 34, 8, 1102, 374, 11105, 502, 5157, 315, 31180, 320, 35, 8, 1102, 374, 32448, 555, 15286, 3035, 24292, 14747, 304, 8767, 2536, 8437, 4575, 15846, 2911, 198, 16533, 25, 320], "attention_mask": [1, 1, 1, 1, 1, 1, 1, 1, 1, 1, 1, 1, 1, 1, 1, 1, 1, 1, 1, 1, 1, 1, 1, 1, 1, 1, 1, 1, 1, 1, 1, 1, 1, 1, 1, 1, 1, 1, 1, 1, 1, 1, 1, 1, 1, 1, 1, 1, 1, 1, 1, 1, 1, 1, 1, 1, 1, 1, 1, 1, 1, 1, 1, 1, 1, 1, 1, 1, 1, 1, 1, 1, 1, 1, 1, 1, 1, 1], "safe_input_ids": [128000, 14924, 25, 16299, 315, 279, 2768, 374, 539, 905, 922, 9974, 5326, 315, 31180, 198, 3883, 25, 320, 32, 8, 362, 4403, 315, 220, 16, 4, 284, 220, 2075, 502, 5157, 320, 33, 8, 9303, 362, 4403, 304, 6890, 374, 220, 16, 13, 22, 4, 320, 34, 8, 1102, 374, 11105, 502, 5157, 315, 31180, 320, 35, 8, 1102, 374, 32448, 555, 15286, 3035, 24292, 14747, 304, 8767, 2536, 8437, 4575, 15846, 2911, 198, 16533, 25, 320], "safe_attention_mask": [1, 1, 1, 1, 1, 1, 1, 1, 1, 1, 1, 1, 1, 1, 1, 1, 1, 1, 1, 1, 1, 1, 1, 1, 1, 1, 1, 1, 1, 1, 1, 1, 1, 1, 1, 1, 1, 1, 1, 1, 1, 1, 1, 1, 1, 1, 1, 1, 1, 1, 1, 1, 1, 1, 1, 1, 1, 1, 1, 1, 1, 1, 1, 1, 1, 1, 1, 1, 1, 1, 1, 1, 1, 1, 1, 1, 1, 1], "pos_id": 423, "neg_id": 356}
{"input_ids": [128000, 14924, 25, 362, 220, 717, 4771, 6418, 3828, 18911, 311, 279, 92597, 449, 13803, 315, 34653, 11, 559, 263, 434, 315, 11745, 11, 323, 40700, 13, 362, 15489, 1630, 30630, 21667, 4686, 60732, 315, 279, 4827, 326, 15784, 315, 279, 2163, 21271, 13, 26676, 1439, 315, 279, 4827, 326, 15784, 315, 279, 2163, 21271, 1053, 1455, 4461, 16805, 902, 47120, 5380, 3883, 25, 320, 32, 8, 36772, 418, 511, 92411, 69329, 68, 320, 33, 8, 800, 1366, 88, 1092, 92411, 86768, 355, 320, 34, 8, 27446, 1302, 72, 6985, 69329, 68, 320, 35, 8, 393, 40512, 35685, 300, 34548, 3715, 12252, 198, 16533, 25, 320], "attention_mask": [1, 1, 1, 1, 1, 1, 1, 1, 1, 1, 1, 1, 1, 1, 1, 1, 1, 1, 1, 1, 1, 1, 1, 1, 1, 1, 1, 1, 1, 1, 1, 1, 1, 1, 1, 1, 1, 1, 1, 1, 1, 1, 1, 1, 1, 1, 1, 1, 1, 1, 1, 1, 1, 1, 1, 1, 1, 1, 1, 1, 1, 1, 1, 1, 1, 1, 1, 1, 1, 1, 1, 1, 1, 1, 1, 1, 1, 1, 1, 1, 1, 1, 1, 1, 1, 1, 1, 1, 1, 1, 1, 1, 1, 1, 1, 1, 1, 1, 1, 1, 1, 1, 1, 1, 1, 1], "safe_input_ids": [128000, 14924, 25, 362, 220, 717, 4771, 6418, 3828, 18911, 311, 279, 92597, 449, 13803, 315, 34653, 11, 559, 263, 434, 315, 11745, 11, 323, 40700, 13, 362, 15489, 1630, 30630, 21667, 4686, 60732, 315, 279, 4827, 326, 15784, 315, 279, 2163, 21271, 13, 26676, 1439, 315, 279, 4827, 326, 15784, 315, 279, 2163, 21271, 1053, 1455, 4461, 16805, 902, 47120, 5380, 3883, 25, 320, 32, 8, 36772, 418, 511, 92411, 69329, 68, 320, 33, 8, 800, 1366, 88, 1092, 92411, 86768, 355, 320, 34, 8, 27446, 1302, 72, 6985, 69329, 68, 320, 35, 8, 393, 40512, 35685, 300, 34548, 3715, 12252, 198, 16533, 25, 320], "safe_attention_mask": [1, 1, 1, 1, 1, 1, 1, 1, 1, 1, 1, 1, 1, 1, 1, 1, 1, 1, 1, 1, 1, 1, 1, 1, 1, 1, 1, 1, 1, 1, 1, 1, 1, 1, 1, 1, 1, 1, 1, 1, 1, 1, 1, 1, 1, 1, 1, 1, 1, 1, 1, 1, 1, 1, 1, 1, 1, 1, 1, 1, 1, 1, 1, 1, 1, 1, 1, 1, 1, 1, 1, 1, 1, 1, 1, 1, 1, 1, 1, 1, 1, 1, 1, 1, 1, 1, 1, 1, 1, 1, 1, 1, 1, 1, 1, 1, 1, 1, 1, 1, 1, 1, 1, 1, 1, 1], "pos_id": 362, "neg_id": 426}
{"input_ids": [128000, 14924, 25, 39551, 32, 34751, 389, 6930, 99647, 198, 3883, 25, 320, 32, 8, 13370, 5059, 5124, 283, 273, 321, 77, 281, 30863, 5808, 320, 33, 8, 41841, 2849, 34548, 20000, 320, 34, 8, 18654, 58510, 10062, 526, 20000, 320, 35, 8, 59634, 804, 596, 16109, 360, 81868, 10934, 198, 16533, 25, 320], "attention_mask": [1, 1, 1, 1, 1, 1, 1, 1, 1, 1, 1, 1, 1, 1, 1, 1, 1, 1, 1, 1, 1, 1, 1, 1, 1, 1, 1, 1, 1, 1, 1, 1, 1, 1, 1, 1, 1, 1, 1, 1, 1, 1, 1, 1, 1, 1, 1, 1, 1, 1, 1, 1, 1, 1], "safe_input_ids": [128000, 14924, 25, 39551, 32, 34751, 389, 6930, 99647, 198, 3883, 25, 320, 32, 8, 13370, 5059, 5124, 283, 273, 321, 77, 281, 30863, 5808, 320, 33, 8, 41841, 2849, 34548, 20000, 320, 34, 8, 18654, 58510, 10062, 526, 20000, 320, 35, 8, 59634, 804, 596, 16109, 360, 81868, 10934, 198, 16533, 25, 320], "safe_attention_mask": [1, 1, 1, 1, 1, 1, 1, 1, 1, 1, 1, 1, 1, 1, 1, 1, 1, 1, 1, 1, 1, 1, 1, 1, 1, 1, 1, 1, 1, 1, 1, 1, 1, 1, 1, 1, 1, 1, 1, 1, 1, 1, 1, 1, 1, 1, 1, 1, 1, 1, 1, 1, 1, 1], "pos_id": 362, "neg_id": 356}
{"input_ids": [128000, 14924, 25, 362, 43911, 258, 364, 3617, 3212, 6, 5380, 3883, 25, 320, 32, 8, 19421, 8696, 279, 18653, 258, 320, 33, 8, 1102, 12992, 279, 7479, 4907, 612, 289, 1441, 279, 18653, 258, 7479, 320, 34, 8, 39875, 279, 81603, 6324, 320, 35, 8, 32934, 279, 18653, 258, 198, 16533, 25, 320], "attention_mask": [1, 1, 1, 1, 1, 1, 1, 1, 1, 1, 1, 1, 1, 1, 1, 1, 1, 1, 1, 1, 1, 1, 1, 1, 1, 1, 1, 1, 1, 1, 1, 1, 1, 1, 1, 1, 1, 1, 1, 1, 1, 1, 1, 1, 1, 1, 1, 1, 1, 1, 1, 1, 1, 1], "safe_input_ids": [128000, 14924, 25, 362, 43911, 258, 364, 3617, 3212, 6, 5380, 3883, 25, 320, 32, 8, 19421, 8696, 279, 18653, 258, 320, 33, 8, 1102, 12992, 279, 7479, 4907, 612, 289, 1441, 279, 18653, 258, 7479, 320, 34, 8, 39875, 279, 81603, 6324, 320, 35, 8, 32934, 279, 18653, 258, 198, 16533, 25, 320], "safe_attention_mask": [1, 1, 1, 1, 1, 1, 1, 1, 1, 1, 1, 1, 1, 1, 1, 1, 1, 1, 1, 1, 1, 1, 1, 1, 1, 1, 1, 1, 1, 1, 1, 1, 1, 1, 1, 1, 1, 1, 1, 1, 1, 1, 1, 1, 1, 1, 1, 1, 1, 1, 1, 1, 1, 1], "pos_id": 426, "neg_id": 423}
{"input_ids": [128000, 14924, 25, 16299, 315, 279, 2768, 74218, 5820, 374, 3685, 7214, 4972, 311, 126183, 2987, 5380, 3883, 25, 320, 32, 8, 83863, 22531, 320, 33, 8, 435, 8758, 22531, 320, 34, 8, 1322, 7114, 78321, 22531, 320, 35, 8, 9589, 26252, 22531, 198, 16533, 25, 320], "attention_mask": [1, 1, 1, 1, 1, 1, 1, 1, 1, 1, 1, 1, 1, 1, 1, 1, 1, 1, 1, 1, 1, 1, 1, 1, 1, 1, 1, 1, 1, 1, 1, 1, 1, 1, 1, 1, 1, 1, 1, 1, 1, 1, 1, 1, 1, 1, 1], "safe_input_ids": [128000, 14924, 25, 16299, 315, 279, 2768, 74218, 5820, 374, 3685, 7214, 4972, 311, 126183, 2987, 5380, 3883, 25, 320, 32, 8, 83863, 22531, 320, 33, 8, 435, 8758, 22531, 320, 34, 8, 1322, 7114, 78321, 22531, 320, 35, 8, 9589, 26252, 22531, 198, 16533, 25, 320], "safe_attention_mask": [1, 1, 1, 1, 1, 1, 1, 1, 1, 1, 1, 1, 1, 1, 1, 1, 1, 1, 1, 1, 1, 1, 1, 1, 1, 1, 1, 1, 1, 1, 1, 1, 1, 1, 1, 1, 1, 1, 1, 1, 1, 1, 1, 1, 1, 1, 1], "pos_id": 362, "neg_id": 423}
{"input_ids": [128000, 14924, 25, 23548, 527, 16178, 27620, 35358, 6394, 3883, 25, 320, 32, 8, 23435, 292, 8045, 764, 4548, 320, 33, 8, 2939, 10138, 1370, 3978, 278, 274, 3049, 320, 34, 8, 2418, 392, 10599, 357, 3051, 10496, 320, 35, 8, 15268, 13, 9063, 8725, 52757, 10496, 198, 16533, 25, 320], "attention_mask": [1, 1, 1, 1, 1, 1, 1, 1, 1, 1, 1, 1, 1, 1, 1, 1, 1, 1, 1, 1, 1, 1, 1, 1, 1, 1, 1, 1, 1, 1, 1, 1, 1, 1, 1, 1, 1, 1, 1, 1, 1, 1, 1, 1, 1, 1, 1, 1, 1, 1, 1], "safe_input_ids": [128000, 14924, 25, 23548, 527, 16178, 27620, 35358, 6394, 3883, 25, 320, 32, 8, 23435, 292, 8045, 764, 4548, 320, 33, 8, 2939, 10138, 1370, 3978, 278, 274, 3049, 320, 34, 8, 2418, 392, 10599, 357, 3051, 10496, 320, 35, 8, 15268, 13, 9063, 8725, 52757, 10496, 198, 16533, 25, 320], "safe_attention_mask": [1, 1, 1, 1, 1, 1, 1, 1, 1, 1, 1, 1, 1, 1, 1, 1, 1, 1, 1, 1, 1, 1, 1, 1, 1, 1, 1, 1, 1, 1, 1, 1, 1, 1, 1, 1, 1, 1, 1, 1, 1, 1, 1, 1, 1, 1, 1, 1, 1, 1, 1], "pos_id": 426, "neg_id": 356}
{"input_ids": [128000, 14924, 25, 1789, 506, 28400, 367, 279, 2015, 1288, 387, 5946, 555, 18722, 3883, 25, 320, 32, 8, 14681, 31752, 95191, 320, 33, 8, 18362, 95191, 320, 34, 8, 10289, 9640, 320, 35, 8, 9343, 11913, 198, 16533, 25, 320], "attention_mask": [1, 1, 1, 1, 1, 1, 1, 1, 1, 1, 1, 1, 1, 1, 1, 1, 1, 1, 1, 1, 1, 1, 1, 1, 1, 1, 1, 1, 1, 1, 1, 1, 1, 1, 1, 1, 1, 1, 1, 1, 1], "safe_input_ids": [128000, 14924, 25, 1789, 506, 28400, 367, 279, 2015, 1288, 387, 5946, 555, 18722, 3883, 25, 320, 32, 8, 14681, 31752, 95191, 320, 33, 8, 18362, 95191, 320, 34, 8, 10289, 9640, 320, 35, 8, 9343, 11913, 198, 16533, 25, 320], "safe_attention_mask": [1, 1, 1, 1, 1, 1, 1, 1, 1, 1, 1, 1, 1, 1, 1, 1, 1, 1, 1, 1, 1, 1, 1, 1, 1, 1, 1, 1, 1, 1, 1, 1, 1, 1, 1, 1, 1, 1, 1, 1, 1], "pos_id": 426, "neg_id": 362}
{"input_ids": [128000, 14924, 25, 578, 12164, 3257, 315, 264, 220, 843, 1060, 2362, 8893, 374, 6982, 3770, 13, 578, 8893, 374, 97354, 13795, 323, 279, 93217, 10675, 304, 279, 4194, 70312, 3257, 374, 459, 50016, 9455, 13, 578, 1455, 4461, 23842, 374, 512, 3883, 25, 320, 32, 8, 800, 2642, 818, 753, 17685, 56429, 320, 33, 8, 21254, 24553, 356, 599, 320, 34, 8, 43911, 7420, 788, 63581, 320, 35, 8, 445, 19715, 4261, 546, 278, 63581, 198, 16533, 25, 320], "attention_mask": [1, 1, 1, 1, 1, 1, 1, 1, 1, 1, 1, 1, 1, 1, 1, 1, 1, 1, 1, 1, 1, 1, 1, 1, 1, 1, 1, 1, 1, 1, 1, 1, 1, 1, 1, 1, 1, 1, 1, 1, 1, 1, 1, 1, 1, 1, 1, 1, 1, 1, 1, 1, 1, 1, 1, 1, 1, 1, 1, 1, 1, 1, 1, 1, 1, 1, 1, 1, 1, 1, 1, 1, 1, 1, 1, 1, 1, 1, 1, 1], "safe_input_ids": [128000, 14924, 25, 578, 12164, 3257, 315, 264, 220, 843, 1060, 2362, 8893, 374, 6982, 3770, 13, 578, 8893, 374, 97354, 13795, 323, 279, 93217, 10675, 304, 279, 4194, 70312, 3257, 374, 459, 50016, 9455, 13, 578, 1455, 4461, 23842, 374, 512, 3883, 25, 320, 32, 8, 800, 2642, 818, 753, 17685, 56429, 320, 33, 8, 21254, 24553, 356, 599, 320, 34, 8, 43911, 7420, 788, 63581, 320, 35, 8, 445, 19715, 4261, 546, 278, 63581, 198, 16533, 25, 320], "safe_attention_mask": [1, 1, 1, 1, 1, 1, 1, 1, 1, 1, 1, 1, 1, 1, 1, 1, 1, 1, 1, 1, 1, 1, 1, 1, 1, 1, 1, 1, 1, 1, 1, 1, 1, 1, 1, 1, 1, 1, 1, 1, 1, 1, 1, 1, 1, 1, 1, 1, 1, 1, 1, 1, 1, 1, 1, 1, 1, 1, 1, 1, 1, 1, 1, 1, 1, 1, 1, 1, 1, 1, 1, 1, 1, 1, 1, 1, 1, 1, 1, 1], "pos_id": 362, "neg_id": 426}
{"input_ids": [128000, 14924, 25, 7023, 61401, 304, 724, 539, 4460, 304, 25, 622, 3378, 45368, 220, 975, 198, 3883, 25, 320, 32, 8, 473, 3151, 579, 320, 33, 8, 1398, 28400, 367, 320, 34, 8, 10289, 25502, 4648, 320, 35, 8, 43532, 894, 4648, 198, 16533, 25, 320], "attention_mask": [1, 1, 1, 1, 1, 1, 1, 1, 1, 1, 1, 1, 1, 1, 1, 1, 1, 1, 1, 1, 1, 1, 1, 1, 1, 1, 1, 1, 1, 1, 1, 1, 1, 1, 1, 1, 1, 1, 1, 1, 1, 1, 1, 1, 1, 1, 1], "safe_input_ids": [128000, 14924, 25, 7023, 61401, 304, 724, 539, 4460, 304, 25, 622, 3378, 45368, 220, 975, 198, 3883, 25, 320, 32, 8, 473, 3151, 579, 320, 33, 8, 1398, 28400, 367, 320, 34, 8, 10289, 25502, 4648, 320, 35, 8, 43532, 894, 4648, 198, 16533, 25, 320], "safe_attention_mask": [1, 1, 1, 1, 1, 1, 1, 1, 1, 1, 1, 1, 1, 1, 1, 1, 1, 1, 1, 1, 1, 1, 1, 1, 1, 1, 1, 1, 1, 1, 1, 1, 1, 1, 1, 1, 1, 1, 1, 1, 1, 1, 1, 1, 1, 1, 1], "pos_id": 362, "neg_id": 356}
{"input_ids": [128000, 14924, 25, 16299, 315, 279, 2768, 8624, 449, 12224, 11, 23128, 897, 347, 323, 3823, 8957, 198, 3883, 25, 320, 32, 8, 386, 58016, 320, 33, 8, 11002, 665, 59822, 278, 20000, 320, 34, 8, 4366, 6241, 78028, 320, 35, 8, 1856, 4768, 198, 16533, 25, 320], "attention_mask": [1, 1, 1, 1, 1, 1, 1, 1, 1, 1, 1, 1, 1, 1, 1, 1, 1, 1, 1, 1, 1, 1, 1, 1, 1, 1, 1, 1, 1, 1, 1, 1, 1, 1, 1, 1, 1, 1, 1, 1, 1, 1, 1, 1, 1, 1, 1, 1], "safe_input_ids": [128000, 14924, 25, 16299, 315, 279, 2768, 8624, 449, 12224, 11, 23128, 897, 347, 323, 3823, 8957, 198, 3883, 25, 320, 32, 8, 386, 58016, 320, 33, 8, 11002, 665, 59822, 278, 20000, 320, 34, 8, 4366, 6241, 78028, 320, 35, 8, 1856, 4768, 198, 16533, 25, 320], "safe_attention_mask": [1, 1, 1, 1, 1, 1, 1, 1, 1, 1, 1, 1, 1, 1, 1, 1, 1, 1, 1, 1, 1, 1, 1, 1, 1, 1, 1, 1, 1, 1, 1, 1, 1, 1, 1, 1, 1, 1, 1, 1, 1, 1, 1, 1, 1, 1, 1, 1], "pos_id": 426, "neg_id": 362}
{"input_ids": [128000, 14924, 25, 30427, 28439, 374, 539, 439, 708, 10234, 449, 198, 3883, 25, 320, 32, 8, 39158, 19715, 63915, 945, 268, 14093, 320, 33, 8, 39158, 19715, 92520, 599, 292, 39042, 8624, 320, 34, 8, 55984, 2319, 41221, 442, 77, 3614, 320, 35, 8, 19294, 8671, 67, 442, 77, 3614, 198, 16533, 25, 320], "attention_mask": [1, 1, 1, 1, 1, 1, 1, 1, 1, 1, 1, 1, 1, 1, 1, 1, 1, 1, 1, 1, 1, 1, 1, 1, 1, 1, 1, 1, 1, 1, 1, 1, 1, 1, 1, 1, 1, 1, 1, 1, 1, 1, 1, 1, 1, 1, 1, 1, 1, 1, 1, 1, 1, 1, 1], "safe_input_ids": [128000, 14924, 25, 30427, 28439, 374, 539, 439, 708, 10234, 449, 198, 3883, 25, 320, 32, 8, 39158, 19715, 63915, 945, 268, 14093, 320, 33, 8, 39158, 19715, 92520, 599, 292, 39042, 8624, 320, 34, 8, 55984, 2319, 41221, 442, 77, 3614, 320, 35, 8, 19294, 8671, 67, 442, 77, 3614, 198, 16533, 25, 320], "safe_attention_mask": [1, 1, 1, 1, 1, 1, 1, 1, 1, 1, 1, 1, 1, 1, 1, 1, 1, 1, 1, 1, 1, 1, 1, 1, 1, 1, 1, 1, 1, 1, 1, 1, 1, 1, 1, 1, 1, 1, 1, 1, 1, 1, 1, 1, 1, 1, 1, 1, 1, 1, 1, 1, 1, 1, 1], "pos_id": 362, "neg_id": 423}
{"input_ids": [128000, 14924, 25, 40733, 304, 84295, 90563, 596, 9392, 13519, 198, 3883, 25, 320, 32, 8, 7839, 95350, 320, 33, 8, 14727, 1335, 320, 34, 8, 4497, 17393, 315, 44153, 320, 35, 8, 127889, 762, 1299, 17632, 44153, 198, 16533, 25, 320], "attention_mask": [1, 1, 1, 1, 1, 1, 1, 1, 1, 1, 1, 1, 1, 1, 1, 1, 1, 1, 1, 1, 1, 1, 1, 1, 1, 1, 1, 1, 1, 1, 1, 1, 1, 1, 1, 1, 1, 1, 1, 1, 1, 1], "safe_input_ids": [128000, 14924, 25, 40733, 304, 84295, 90563, 596, 9392, 13519, 198, 3883, 25, 320, 32, 8, 7839, 95350, 320, 33, 8, 14727, 1335, 320, 34, 8, 4497, 17393, 315, 44153, 320, 35, 8, 127889, 762, 1299, 17632, 44153, 198, 16533, 25, 320], "safe_attention_mask": [1, 1, 1, 1, 1, 1, 1, 1, 1, 1, 1, 1, 1, 1, 1, 1, 1, 1, 1, 1, 1, 1, 1, 1, 1, 1, 1, 1, 1, 1, 1, 1, 1, 1, 1, 1, 1, 1, 1, 1, 1, 1], "pos_id": 356, "neg_id": 426}
{"input_ids": [128000, 14924, 25, 362, 220, 1591, 1060, 2362, 8954, 11326, 374, 1766, 311, 617, 264, 44387, 35763, 892, 323, 4725, 12235, 1169, 1797, 13, 3005, 1047, 264, 35763, 315, 330, 46122, 35763, 1, 449, 21420, 35763, 315, 279, 98754, 11, 4248, 380, 7332, 11, 4018, 18133, 35763, 323, 3026, 54308, 351, 689, 11, 4726, 7649, 10675, 264, 48294, 315, 43179, 289, 4618, 13781, 8331, 13, 16299, 315, 279, 2768, 84664, 65, 29569, 11618, 16239, 12235, 10145, 374, 1455, 6089, 50160, 5380, 3883, 25, 320, 32, 8, 2467, 59738, 320, 33, 8, 4701, 35542, 320, 34, 8, 72466, 315, 95235, 258, 11968, 40073, 320, 35, 8, 1221, 1659, 278, 2349, 449, 15449, 315, 33088, 337, 575, 307, 7479, 198, 16533, 25, 320], "attention_mask": [1, 1, 1, 1, 1, 1, 1, 1, 1, 1, 1, 1, 1, 1, 1, 1, 1, 1, 1, 1, 1, 1, 1, 1, 1, 1, 1, 1, 1, 1, 1, 1, 1, 1, 1, 1, 1, 1, 1, 1, 1, 1, 1, 1, 1, 1, 1, 1, 1, 1, 1, 1, 1, 1, 1, 1, 1, 1, 1, 1, 1, 1, 1, 1, 1, 1, 1, 1, 1, 1, 1, 1, 1, 1, 1, 1, 1, 1, 1, 1, 1, 1, 1, 1, 1, 1, 1, 1, 1, 1, 1, 1, 1, 1, 1, 1, 1, 1, 1, 1, 1, 1, 1, 1, 1, 1, 1, 1, 1, 1, 1, 1, 1, 1, 1, 1, 1, 1, 1, 1, 1], "safe_input_ids": [128000, 14924, 25, 362, 220, 1591, 1060, 2362, 8954, 11326, 374, 1766, 311, 617, 264, 44387, 35763, 892, 323, 4725, 12235, 1169, 1797, 13, 3005, 1047, 264, 35763, 315, 330, 46122, 35763, 1, 449, 21420, 35763, 315, 279, 98754, 11, 4248, 380, 7332, 11, 4018, 18133, 35763, 323, 3026, 54308, 351, 689, 11, 4726, 7649, 10675, 264, 48294, 315, 43179, 289, 4618, 13781, 8331, 13, 16299, 315, 279, 2768, 84664, 65, 29569, 11618, 16239, 12235, 10145, 374, 1455, 6089, 50160, 5380, 3883, 25, 320, 32, 8, 2467, 59738, 320, 33, 8, 4701, 35542, 320, 34, 8, 72466, 315, 95235, 258, 11968, 40073, 320, 35, 8, 1221, 1659, 278, 2349, 449, 15449, 315, 33088, 337, 575, 307, 7479, 198, 16533, 25, 320], "safe_attention_mask": [1, 1, 1, 1, 1, 1, 1, 1, 1, 1, 1, 1, 1, 1, 1, 1, 1, 1, 1, 1, 1, 1, 1, 1, 1, 1, 1, 1, 1, 1, 1, 1, 1, 1, 1, 1, 1, 1, 1, 1, 1, 1, 1, 1, 1, 1, 1, 1, 1, 1, 1, 1, 1, 1, 1, 1, 1, 1, 1, 1, 1, 1, 1, 1, 1, 1, 1, 1, 1, 1, 1, 1, 1, 1, 1, 1, 1, 1, 1, 1, 1, 1, 1, 1, 1, 1, 1, 1, 1, 1, 1, 1, 1, 1, 1, 1, 1, 1, 1, 1, 1, 1, 1, 1, 1, 1, 1, 1, 1, 1, 1, 1, 1, 1, 1, 1, 1, 1, 1, 1, 1], "pos_id": 362, "neg_id": 426}
{"input_ids": [128000, 14924, 25, 1442, 64, 393, 3581, 352, 266, 374, 56767, 11, 16374, 527, 311, 387, 5762, 2949, 5380, 3883, 25, 320, 32, 8, 220, 16, 2305, 320, 33, 8, 220, 18, 4038, 320, 34, 8, 220, 21, 4038, 320, 35, 8, 220, 16, 1060, 198, 16533, 25, 320], "attention_mask": [1, 1, 1, 1, 1, 1, 1, 1, 1, 1, 1, 1, 1, 1, 1, 1, 1, 1, 1, 1, 1, 1, 1, 1, 1, 1, 1, 1, 1, 1, 1, 1, 1, 1, 1, 1, 1, 1, 1, 1, 1, 1, 1, 1, 1, 1, 1, 1, 1], "safe_input_ids": [128000, 14924, 25, 1442, 64, 393, 3581, 352, 266, 374, 56767, 11, 16374, 527, 311, 387, 5762, 2949, 5380, 3883, 25, 320, 32, 8, 220, 16, 2305, 320, 33, 8, 220, 18, 4038, 320, 34, 8, 220, 21, 4038, 320, 35, 8, 220, 16, 1060, 198, 16533, 25, 320], "safe_attention_mask": [1, 1, 1, 1, 1, 1, 1, 1, 1, 1, 1, 1, 1, 1, 1, 1, 1, 1, 1, 1, 1, 1, 1, 1, 1, 1, 1, 1, 1, 1, 1, 1, 1, 1, 1, 1, 1, 1, 1, 1, 1, 1, 1, 1, 1, 1, 1, 1, 1], "pos_id": 356, "neg_id": 426}
{"input_ids": [128000, 14924, 25, 800, 316, 613, 374, 14592, 505, 18072, 3883, 25, 320, 32, 8, 8371, 70, 332, 320, 33, 8, 14013, 70, 332, 320, 34, 8, 20412, 70, 332, 320, 35, 8, 2052, 13873, 285, 198, 16533, 25, 320], "attention_mask": [1, 1, 1, 1, 1, 1, 1, 1, 1, 1, 1, 1, 1, 1, 1, 1, 1, 1, 1, 1, 1, 1, 1, 1, 1, 1, 1, 1, 1, 1, 1, 1, 1, 1, 1, 1, 1, 1, 1, 1], "safe_input_ids": [128000, 14924, 25, 800, 316, 613, 374, 14592, 505, 18072, 3883, 25, 320, 32, 8, 8371, 70, 332, 320, 33, 8, 14013, 70, 332, 320, 34, 8, 20412, 70, 332, 320, 35, 8, 2052, 13873, 285, 198, 16533, 25, 320], "safe_attention_mask": [1, 1, 1, 1, 1, 1, 1, 1, 1, 1, 1, 1, 1, 1, 1, 1, 1, 1, 1, 1, 1, 1, 1, 1, 1, 1, 1, 1, 1, 1, 1, 1, 1, 1, 1, 1, 1, 1, 1, 1], "pos_id": 362, "neg_id": 423}
{"input_ids": [128000, 14924, 25, 16299, 315, 279, 2768, 374, 279, 1925, 49242, 8647, 369, 15449, 315, 53265, 677, 83300, 5380, 3883, 25, 320, 32, 8, 18221, 998, 33002, 393, 12, 10617, 320, 33, 8, 8444, 1791, 324, 3633, 75, 8481, 521, 320, 34, 8, 8444, 332, 589, 6473, 328, 93791, 521, 320, 35, 8, 452, 1846, 11079, 9693, 998, 33002, 393, 12, 10617, 5621, 1076, 521, 198, 16533, 25, 320], "attention_mask": [1, 1, 1, 1, 1, 1, 1, 1, 1, 1, 1, 1, 1, 1, 1, 1, 1, 1, 1, 1, 1, 1, 1, 1, 1, 1, 1, 1, 1, 1, 1, 1, 1, 1, 1, 1, 1, 1, 1, 1, 1, 1, 1, 1, 1, 1, 1, 1, 1, 1, 1, 1, 1, 1, 1, 1, 1, 1, 1, 1, 1, 1, 1, 1, 1, 1, 1, 1, 1], "safe_input_ids": [128000, 14924, 25, 16299, 315, 279, 2768, 374, 279, 1925, 49242, 8647, 369, 15449, 315, 53265, 677, 83300, 5380, 3883, 25, 320, 32, 8, 18221, 998, 33002, 393, 12, 10617, 320, 33, 8, 8444, 1791, 324, 3633, 75, 8481, 521, 320, 34, 8, 8444, 332, 589, 6473, 328, 93791, 521, 320, 35, 8, 452, 1846, 11079, 9693, 998, 33002, 393, 12, 10617, 5621, 1076, 521, 198, 16533, 25, 320], "safe_attention_mask": [1, 1, 1, 1, 1, 1, 1, 1, 1, 1, 1, 1, 1, 1, 1, 1, 1, 1, 1, 1, 1, 1, 1, 1, 1, 1, 1, 1, 1, 1, 1, 1, 1, 1, 1, 1, 1, 1, 1, 1, 1, 1, 1, 1, 1, 1, 1, 1, 1, 1, 1, 1, 1, 1, 1, 1, 1, 1, 1, 1, 1, 1, 1, 1, 1, 1, 1, 1, 1], "pos_id": 362, "neg_id": 356}
{"input_ids": [128000, 14924, 25, 763, 53259, 532, 17508, 971, 273, 3751, 71958, 689, 1070, 374, 48294, 315, 198, 3883, 25, 320, 32, 8, 86543, 35268, 320, 33, 8, 5345, 454, 91748, 362, 320, 34, 8, 5345, 78, 13128, 356, 320, 35, 8, 42239, 454, 91748, 19588, 521, 198, 16533, 25, 320], "attention_mask": [1, 1, 1, 1, 1, 1, 1, 1, 1, 1, 1, 1, 1, 1, 1, 1, 1, 1, 1, 1, 1, 1, 1, 1, 1, 1, 1, 1, 1, 1, 1, 1, 1, 1, 1, 1, 1, 1, 1, 1, 1, 1, 1, 1, 1, 1, 1, 1, 1, 1], "safe_input_ids": [128000, 14924, 25, 763, 53259, 532, 17508, 971, 273, 3751, 71958, 689, 1070, 374, 48294, 315, 198, 3883, 25, 320, 32, 8, 86543, 35268, 320, 33, 8, 5345, 454, 91748, 362, 320, 34, 8, 5345, 78, 13128, 356, 320, 35, 8, 42239, 454, 91748, 19588, 521, 198, 16533, 25, 320], "safe_attention_mask": [1, 1, 1, 1, 1, 1, 1, 1, 1, 1, 1, 1, 1, 1, 1, 1, 1, 1, 1, 1, 1, 1, 1, 1, 1, 1, 1, 1, 1, 1, 1, 1, 1, 1, 1, 1, 1, 1, 1, 1, 1, 1, 1, 1, 1, 1, 1, 1, 1, 1], "pos_id": 362, "neg_id": 356}
{"input_ids": [128000, 14924, 25, 23869, 24292, 372, 22223, 682, 315, 279, 2768, 11, 4154, 21752, 512, 3883, 25, 320, 32, 8, 45950, 442, 355, 22077, 49341, 320, 33, 8, 393, 1610, 124524, 21427, 49341, 320, 34, 8, 3962, 13481, 75, 21427, 50581, 320, 35, 8, 93643, 198, 16533, 25, 320], "attention_mask": [1, 1, 1, 1, 1, 1, 1, 1, 1, 1, 1, 1, 1, 1, 1, 1, 1, 1, 1, 1, 1, 1, 1, 1, 1, 1, 1, 1, 1, 1, 1, 1, 1, 1, 1, 1, 1, 1, 1, 1, 1, 1, 1, 1, 1, 1, 1, 1, 1], "safe_input_ids": [128000, 14924, 25, 23869, 24292, 372, 22223, 682, 315, 279, 2768, 11, 4154, 21752, 512, 3883, 25, 320, 32, 8, 45950, 442, 355, 22077, 49341, 320, 33, 8, 393, 1610, 124524, 21427, 49341, 320, 34, 8, 3962, 13481, 75, 21427, 50581, 320, 35, 8, 93643, 198, 16533, 25, 320], "safe_attention_mask": [1, 1, 1, 1, 1, 1, 1, 1, 1, 1, 1, 1, 1, 1, 1, 1, 1, 1, 1, 1, 1, 1, 1, 1, 1, 1, 1, 1, 1, 1, 1, 1, 1, 1, 1, 1, 1, 1, 1, 1, 1, 1, 1, 1, 1, 1, 1, 1, 1], "pos_id": 423, "neg_id": 356}
{"input_ids": [128000, 14924, 25, 16299, 315, 279, 2768, 374, 264, 8009, 63903, 537, 292, 8331, 369, 20587, 13398, 627, 3883, 25, 320, 32, 8, 10884, 2009, 3178, 79759, 1797, 220, 3443, 15, 12, 1041, 11, 931, 320, 33, 8, 13381, 366, 220, 17, 1667, 320, 34, 8, 3475, 24553, 22315, 320, 35, 8, 2563, 12019, 304, 35688, 81603, 198, 16533, 25, 320], "attention_mask": [1, 1, 1, 1, 1, 1, 1, 1, 1, 1, 1, 1, 1, 1, 1, 1, 1, 1, 1, 1, 1, 1, 1, 1, 1, 1, 1, 1, 1, 1, 1, 1, 1, 1, 1, 1, 1, 1, 1, 1, 1, 1, 1, 1, 1, 1, 1, 1, 1, 1, 1, 1, 1, 1, 1, 1, 1, 1, 1, 1, 1], "safe_input_ids": [128000, 14924, 25, 16299, 315, 279, 2768, 374, 264, 8009, 63903, 537, 292, 8331, 369, 20587, 13398, 627, 3883, 25, 320, 32, 8, 10884, 2009, 3178, 79759, 1797, 220, 3443, 15, 12, 1041, 11, 931, 320, 33, 8, 13381, 366, 220, 17, 1667, 320, 34, 8, 3475, 24553, 22315, 320, 35, 8, 2563, 12019, 304, 35688, 81603, 198, 16533, 25, 320], "safe_attention_mask": [1, 1, 1, 1, 1, 1, 1, 1, 1, 1, 1, 1, 1, 1, 1, 1, 1, 1, 1, 1, 1, 1, 1, 1, 1, 1, 1, 1, 1, 1, 1, 1, 1, 1, 1, 1, 1, 1, 1, 1, 1, 1, 1, 1, 1, 1, 1, 1, 1, 1, 1, 1, 1, 1, 1, 1, 1, 1, 1, 1, 1], "pos_id": 356, "neg_id": 426}
{"input_ids": [128000, 14924, 25, 6649, 5859, 315, 4686, 18653, 554, 374, 539, 16717, 994, 198, 3883, 25, 320, 32, 8, 43911, 554, 5727, 11102, 18311, 320, 33, 8, 2684, 374, 27639, 594, 66181, 315, 279, 58933, 320, 34, 8, 36563, 13167, 374, 87146, 11293, 323, 706, 311, 387, 5614, 320, 35, 8, 5838, 2265, 12976, 1587, 539, 72359, 449, 2960, 2265, 18274, 9134, 198, 16533, 25, 320], "attention_mask": [1, 1, 1, 1, 1, 1, 1, 1, 1, 1, 1, 1, 1, 1, 1, 1, 1, 1, 1, 1, 1, 1, 1, 1, 1, 1, 1, 1, 1, 1, 1, 1, 1, 1, 1, 1, 1, 1, 1, 1, 1, 1, 1, 1, 1, 1, 1, 1, 1, 1, 1, 1, 1, 1, 1, 1, 1, 1, 1, 1, 1, 1, 1, 1, 1, 1], "safe_input_ids": [128000, 14924, 25, 6649, 5859, 315, 4686, 18653, 554, 374, 539, 16717, 994, 198, 3883, 25, 320, 32, 8, 43911, 554, 5727, 11102, 18311, 320, 33, 8, 2684, 374, 27639, 594, 66181, 315, 279, 58933, 320, 34, 8, 36563, 13167, 374, 87146, 11293, 323, 706, 311, 387, 5614, 320, 35, 8, 5838, 2265, 12976, 1587, 539, 72359, 449, 2960, 2265, 18274, 9134, 198, 16533, 25, 320], "safe_attention_mask": [1, 1, 1, 1, 1, 1, 1, 1, 1, 1, 1, 1, 1, 1, 1, 1, 1, 1, 1, 1, 1, 1, 1, 1, 1, 1, 1, 1, 1, 1, 1, 1, 1, 1, 1, 1, 1, 1, 1, 1, 1, 1, 1, 1, 1, 1, 1, 1, 1, 1, 1, 1, 1, 1, 1, 1, 1, 1, 1, 1, 1, 1, 1, 1, 1, 1], "pos_id": 356, "neg_id": 426}
{"input_ids": [128000, 14924, 25, 16299, 315, 279, 2768, 3044, 374, 5995, 80884, 369, 420, 2349, 5380, 3883, 25, 320, 32, 8, 432, 7717, 554, 315, 79348, 320, 33, 8, 2522, 519, 88, 45304, 1097, 77, 3893, 320, 34, 8, 63140, 19684, 45304, 1097, 77, 3893, 320, 35, 8, 6690, 4871, 279, 8791, 261, 483, 56429, 198, 16533, 25, 320], "attention_mask": [1, 1, 1, 1, 1, 1, 1, 1, 1, 1, 1, 1, 1, 1, 1, 1, 1, 1, 1, 1, 1, 1, 1, 1, 1, 1, 1, 1, 1, 1, 1, 1, 1, 1, 1, 1, 1, 1, 1, 1, 1, 1, 1, 1, 1, 1, 1, 1, 1, 1, 1, 1, 1, 1, 1, 1, 1, 1], "safe_input_ids": [128000, 14924, 25, 16299, 315, 279, 2768, 3044, 374, 5995, 80884, 369, 420, 2349, 5380, 3883, 25, 320, 32, 8, 432, 7717, 554, 315, 79348, 320, 33, 8, 2522, 519, 88, 45304, 1097, 77, 3893, 320, 34, 8, 63140, 19684, 45304, 1097, 77, 3893, 320, 35, 8, 6690, 4871, 279, 8791, 261, 483, 56429, 198, 16533, 25, 320], "safe_attention_mask": [1, 1, 1, 1, 1, 1, 1, 1, 1, 1, 1, 1, 1, 1, 1, 1, 1, 1, 1, 1, 1, 1, 1, 1, 1, 1, 1, 1, 1, 1, 1, 1, 1, 1, 1, 1, 1, 1, 1, 1, 1, 1, 1, 1, 1, 1, 1, 1, 1, 1, 1, 1, 1, 1, 1, 1, 1, 1], "pos_id": 356, "neg_id": 426}
{"input_ids": [128000, 14924, 25, 20680, 6388, 374, 220, 843, 5672, 20895, 18911, 304, 25540, 2786, 323, 29704, 439, 264, 1162, 315, 10314, 39, 13, 650, 16664, 527, 45311, 449, 30167, 220, 1490, 14, 1399, 902, 315, 279, 2768, 374, 1828, 3094, 304, 386, 9809, 198, 3883, 25, 320, 32, 8, 10852, 1285, 22695, 320, 33, 8, 20671, 20429, 7713, 320, 34, 8, 13235, 38156, 315, 23791, 320, 35, 8, 81410, 27750, 548, 276, 3857, 198, 16533, 25, 320], "attention_mask": [1, 1, 1, 1, 1, 1, 1, 1, 1, 1, 1, 1, 1, 1, 1, 1, 1, 1, 1, 1, 1, 1, 1, 1, 1, 1, 1, 1, 1, 1, 1, 1, 1, 1, 1, 1, 1, 1, 1, 1, 1, 1, 1, 1, 1, 1, 1, 1, 1, 1, 1, 1, 1, 1, 1, 1, 1, 1, 1, 1, 1, 1, 1, 1, 1, 1, 1, 1, 1, 1, 1, 1, 1, 1, 1, 1, 1], "safe_input_ids": [128000, 14924, 25, 20680, 6388, 374, 220, 843, 5672, 20895, 18911, 304, 25540, 2786, 323, 29704, 439, 264, 1162, 315, 10314, 39, 13, 650, 16664, 527, 45311, 449, 30167, 220, 1490, 14, 1399, 902, 315, 279, 2768, 374, 1828, 3094, 304, 386, 9809, 198, 3883, 25, 320, 32, 8, 10852, 1285, 22695, 320, 33, 8, 20671, 20429, 7713, 320, 34, 8, 13235, 38156, 315, 23791, 320, 35, 8, 81410, 27750, 548, 276, 3857, 198, 16533, 25, 320], "safe_attention_mask": [1, 1, 1, 1, 1, 1, 1, 1, 1, 1, 1, 1, 1, 1, 1, 1, 1, 1, 1, 1, 1, 1, 1, 1, 1, 1, 1, 1, 1, 1, 1, 1, 1, 1, 1, 1, 1, 1, 1, 1, 1, 1, 1, 1, 1, 1, 1, 1, 1, 1, 1, 1, 1, 1, 1, 1, 1, 1, 1, 1, 1, 1, 1, 1, 1, 1, 1, 1, 1, 1, 1, 1, 1, 1, 1, 1, 1], "pos_id": 426, "neg_id": 423}
{"input_ids": [128000, 14924, 25, 2052, 527, 837, 922, 26211, 17659, 11, 3734, 512, 3883, 25, 320, 32, 8, 9947, 1599, 45323, 374, 264, 5326, 8331, 320, 33, 8, 43455, 295, 596, 8624, 315, 88980, 374, 10805, 329, 670, 278, 955, 315, 9362, 320, 34, 8, 7874, 304, 20330, 854, 121481, 788, 320, 35, 8, 62697, 39775, 449, 44387, 17659, 26040, 198, 16533, 25, 320], "attention_mask": [1, 1, 1, 1, 1, 1, 1, 1, 1, 1, 1, 1, 1, 1, 1, 1, 1, 1, 1, 1, 1, 1, 1, 1, 1, 1, 1, 1, 1, 1, 1, 1, 1, 1, 1, 1, 1, 1, 1, 1, 1, 1, 1, 1, 1, 1, 1, 1, 1, 1, 1, 1, 1, 1, 1, 1, 1, 1, 1, 1, 1, 1, 1], "safe_input_ids": [128000, 14924, 25, 2052, 527, 837, 922, 26211, 17659, 11, 3734, 512, 3883, 25, 320, 32, 8, 9947, 1599, 45323, 374, 264, 5326, 8331, 320, 33, 8, 43455, 295, 596, 8624, 315, 88980, 374, 10805, 329, 670, 278, 955, 315, 9362, 320, 34, 8, 7874, 304, 20330, 854, 121481, 788, 320, 35, 8, 62697, 39775, 449, 44387, 17659, 26040, 198, 16533, 25, 320], "safe_attention_mask": [1, 1, 1, 1, 1, 1, 1, 1, 1, 1, 1, 1, 1, 1, 1, 1, 1, 1, 1, 1, 1, 1, 1, 1, 1, 1, 1, 1, 1, 1, 1, 1, 1, 1, 1, 1, 1, 1, 1, 1, 1, 1, 1, 1, 1, 1, 1, 1, 1, 1, 1, 1, 1, 1, 1, 1, 1, 1, 1, 1, 1, 1, 1], "pos_id": 423, "neg_id": 362}
{"input_ids": [128000, 14924, 25, 16299, 315, 279, 2768, 28170, 26338, 279, 5326, 315, 32152, 13957, 11, 33048, 11, 323, 279, 41861, 28439, 5380, 3883, 25, 320, 32, 8, 45774, 362, 320, 33, 8, 45774, 356, 320, 34, 8, 45774, 423, 320, 35, 8, 45774, 426, 717, 198, 16533, 25, 320], "attention_mask": [1, 1, 1, 1, 1, 1, 1, 1, 1, 1, 1, 1, 1, 1, 1, 1, 1, 1, 1, 1, 1, 1, 1, 1, 1, 1, 1, 1, 1, 1, 1, 1, 1, 1, 1, 1, 1, 1, 1, 1, 1, 1, 1, 1, 1, 1, 1, 1, 1], "safe_input_ids": [128000, 14924, 25, 16299, 315, 279, 2768, 28170, 26338, 279, 5326, 315, 32152, 13957, 11, 33048, 11, 323, 279, 41861, 28439, 5380, 3883, 25, 320, 32, 8, 45774, 362, 320, 33, 8, 45774, 356, 320, 34, 8, 45774, 423, 320, 35, 8, 45774, 426, 717, 198, 16533, 25, 320], "safe_attention_mask": [1, 1, 1, 1, 1, 1, 1, 1, 1, 1, 1, 1, 1, 1, 1, 1, 1, 1, 1, 1, 1, 1, 1, 1, 1, 1, 1, 1, 1, 1, 1, 1, 1, 1, 1, 1, 1, 1, 1, 1, 1, 1, 1, 1, 1, 1, 1, 1, 1], "pos_id": 356, "neg_id": 426}
{"input_ids": [128000, 14924, 25, 578, 2768, 11217, 617, 5199, 5623, 22639, 449, 4170, 5241, 258, 3734, 512, 3883, 25, 320, 32, 8, 921, 62095, 88, 2453, 483, 320, 33, 8, 666, 28073, 579, 1891, 554, 13024, 320, 34, 8, 3489, 258, 91073, 320, 35, 8, 362, 1029, 347, 575, 483, 198, 16533, 25, 320], "attention_mask": [1, 1, 1, 1, 1, 1, 1, 1, 1, 1, 1, 1, 1, 1, 1, 1, 1, 1, 1, 1, 1, 1, 1, 1, 1, 1, 1, 1, 1, 1, 1, 1, 1, 1, 1, 1, 1, 1, 1, 1, 1, 1, 1, 1, 1, 1, 1, 1, 1, 1, 1, 1, 1], "safe_input_ids": [128000, 14924, 25, 578, 2768, 11217, 617, 5199, 5623, 22639, 449, 4170, 5241, 258, 3734, 512, 3883, 25, 320, 32, 8, 921, 62095, 88, 2453, 483, 320, 33, 8, 666, 28073, 579, 1891, 554, 13024, 320, 34, 8, 3489, 258, 91073, 320, 35, 8, 362, 1029, 347, 575, 483, 198, 16533, 25, 320], "safe_attention_mask": [1, 1, 1, 1, 1, 1, 1, 1, 1, 1, 1, 1, 1, 1, 1, 1, 1, 1, 1, 1, 1, 1, 1, 1, 1, 1, 1, 1, 1, 1, 1, 1, 1, 1, 1, 1, 1, 1, 1, 1, 1, 1, 1, 1, 1, 1, 1, 1, 1, 1, 1, 1, 1], "pos_id": 423, "neg_id": 362}
{"input_ids": [128000, 14924, 25, 95951, 6870, 14546, 1322, 110231, 7332, 369, 34527, 535, 842, 74378, 20000, 374, 16717, 304, 512, 3883, 25, 320, 32, 8, 2209, 81619, 5819, 1263, 372, 78294, 320, 33, 8, 22515, 3545, 32530, 29520, 7629, 2085, 1239, 5673, 7709, 320, 34, 8, 32499, 66298, 264, 727, 31818, 69413, 320, 35, 8, 3623, 277, 302, 367, 315, 15190, 64, 198, 16533, 25, 320], "attention_mask": [1, 1, 1, 1, 1, 1, 1, 1, 1, 1, 1, 1, 1, 1, 1, 1, 1, 1, 1, 1, 1, 1, 1, 1, 1, 1, 1, 1, 1, 1, 1, 1, 1, 1, 1, 1, 1, 1, 1, 1, 1, 1, 1, 1, 1, 1, 1, 1, 1, 1, 1, 1, 1, 1, 1, 1, 1, 1, 1, 1, 1, 1, 1, 1, 1], "safe_input_ids": [128000, 14924, 25, 95951, 6870, 14546, 1322, 110231, 7332, 369, 34527, 535, 842, 74378, 20000, 374, 16717, 304, 512, 3883, 25, 320, 32, 8, 2209, 81619, 5819, 1263, 372, 78294, 320, 33, 8, 22515, 3545, 32530, 29520, 7629, 2085, 1239, 5673, 7709, 320, 34, 8, 32499, 66298, 264, 727, 31818, 69413, 320, 35, 8, 3623, 277, 302, 367, 315, 15190, 64, 198, 16533, 25, 320], "safe_attention_mask": [1, 1, 1, 1, 1, 1, 1, 1, 1, 1, 1, 1, 1, 1, 1, 1, 1, 1, 1, 1, 1, 1, 1, 1, 1, 1, 1, 1, 1, 1, 1, 1, 1, 1, 1, 1, 1, 1, 1, 1, 1, 1, 1, 1, 1, 1, 1, 1, 1, 1, 1, 1, 1, 1, 1, 1, 1, 1, 1, 1, 1, 1, 1, 1, 1], "pos_id": 423, "neg_id": 356}
{"input_ids": [128000, 14924, 25, 2758, 261, 11452, 1, 11341, 374, 1766, 304, 512, 3883, 25, 320, 32, 8, 1630, 30630, 320, 33, 8, 2326, 38, 320, 34, 8, 358, 13683, 320, 35, 8, 19084, 198, 16533, 25, 320], "attention_mask": [1, 1, 1, 1, 1, 1, 1, 1, 1, 1, 1, 1, 1, 1, 1, 1, 1, 1, 1, 1, 1, 1, 1, 1, 1, 1, 1, 1, 1, 1, 1, 1, 1, 1, 1, 1, 1], "safe_input_ids": [128000, 14924, 25, 2758, 261, 11452, 1, 11341, 374, 1766, 304, 512, 3883, 25, 320, 32, 8, 1630, 30630, 320, 33, 8, 2326, 38, 320, 34, 8, 358, 13683, 320, 35, 8, 19084, 198, 16533, 25, 320], "safe_attention_mask": [1, 1, 1, 1, 1, 1, 1, 1, 1, 1, 1, 1, 1, 1, 1, 1, 1, 1, 1, 1, 1, 1, 1, 1, 1, 1, 1, 1, 1, 1, 1, 1, 1, 1, 1, 1, 1], "pos_id": 356, "neg_id": 362}
{"input_ids": [128000, 14924, 25, 2582, 21220, 5676, 596, 1296, 374, 2884, 369, 198, 3883, 25, 320, 32, 8, 7409, 268, 532, 834, 2588, 315, 279, 22095, 35358, 320, 33, 8, 7409, 268, 2223, 834, 2588, 315, 279, 18638, 35358, 320, 34, 8, 7409, 268, 2223, 834, 2588, 315, 279, 17308, 35358, 320, 35, 8, 7409, 268, 2223, 834, 2588, 315, 279, 46811, 35358, 198, 16533, 25, 320], "attention_mask": [1, 1, 1, 1, 1, 1, 1, 1, 1, 1, 1, 1, 1, 1, 1, 1, 1, 1, 1, 1, 1, 1, 1, 1, 1, 1, 1, 1, 1, 1, 1, 1, 1, 1, 1, 1, 1, 1, 1, 1, 1, 1, 1, 1, 1, 1, 1, 1, 1, 1, 1, 1, 1, 1, 1, 1, 1, 1, 1, 1, 1, 1, 1, 1, 1, 1], "safe_input_ids": [128000, 14924, 25, 2582, 21220, 5676, 596, 1296, 374, 2884, 369, 198, 3883, 25, 320, 32, 8, 7409, 268, 532, 834, 2588, 315, 279, 22095, 35358, 320, 33, 8, 7409, 268, 2223, 834, 2588, 315, 279, 18638, 35358, 320, 34, 8, 7409, 268, 2223, 834, 2588, 315, 279, 17308, 35358, 320, 35, 8, 7409, 268, 2223, 834, 2588, 315, 279, 46811, 35358, 198, 16533, 25, 320], "safe_attention_mask": [1, 1, 1, 1, 1, 1, 1, 1, 1, 1, 1, 1, 1, 1, 1, 1, 1, 1, 1, 1, 1, 1, 1, 1, 1, 1, 1, 1, 1, 1, 1, 1, 1, 1, 1, 1, 1, 1, 1, 1, 1, 1, 1, 1, 1, 1, 1, 1, 1, 1, 1, 1, 1, 1, 1, 1, 1, 1, 1, 1, 1, 1, 1, 1, 1, 1], "pos_id": 426, "neg_id": 362}
{"input_ids": [128000, 14924, 25, 362, 220, 1135, 1060, 2362, 8954, 8893, 90058, 315, 17250, 304, 91747, 13, 30024, 6835, 305, 20886, 5361, 15439, 19084, 31419, 598, 315, 279, 2010, 323, 13272, 5654, 13, 1115, 8893, 1253, 387, 47904, 47281, 311, 902, 315, 279, 2768, 5380, 3883, 25, 320, 32, 8, 3344, 620, 661, 54060, 89468, 320, 33, 8, 40555, 416, 1299, 54060, 89468, 320, 34, 8, 1556, 391, 52279, 54060, 89468, 320, 35, 8, 32743, 35605, 54060, 89468, 198, 16533, 25, 320], "attention_mask": [1, 1, 1, 1, 1, 1, 1, 1, 1, 1, 1, 1, 1, 1, 1, 1, 1, 1, 1, 1, 1, 1, 1, 1, 1, 1, 1, 1, 1, 1, 1, 1, 1, 1, 1, 1, 1, 1, 1, 1, 1, 1, 1, 1, 1, 1, 1, 1, 1, 1, 1, 1, 1, 1, 1, 1, 1, 1, 1, 1, 1, 1, 1, 1, 1, 1, 1, 1, 1, 1, 1, 1, 1, 1, 1, 1, 1, 1, 1, 1, 1], "safe_input_ids": [128000, 14924, 25, 362, 220, 1135, 1060, 2362, 8954, 8893, 90058, 315, 17250, 304, 91747, 13, 30024, 6835, 305, 20886, 5361, 15439, 19084, 31419, 598, 315, 279, 2010, 323, 13272, 5654, 13, 1115, 8893, 1253, 387, 47904, 47281, 311, 902, 315, 279, 2768, 5380, 3883, 25, 320, 32, 8, 3344, 620, 661, 54060, 89468, 320, 33, 8, 40555, 416, 1299, 54060, 89468, 320, 34, 8, 1556, 391, 52279, 54060, 89468, 320, 35, 8, 32743, 35605, 54060, 89468, 198, 16533, 25, 320], "safe_attention_mask": [1, 1, 1, 1, 1, 1, 1, 1, 1, 1, 1, 1, 1, 1, 1, 1, 1, 1, 1, 1, 1, 1, 1, 1, 1, 1, 1, 1, 1, 1, 1, 1, 1, 1, 1, 1, 1, 1, 1, 1, 1, 1, 1, 1, 1, 1, 1, 1, 1, 1, 1, 1, 1, 1, 1, 1, 1, 1, 1, 1, 1, 1, 1, 1, 1, 1, 1, 1, 1, 1, 1, 1, 1, 1, 1, 1, 1, 1, 1, 1, 1], "pos_id": 423, "neg_id": 362}
{"input_ids": [128000, 14924, 25, 44634, 38231, 369, 264, 54891, 7276, 18653, 554, 374, 3984, 555, 198, 3883, 25, 320, 32, 8, 578, 25636, 2160, 1780, 320, 33, 8, 578, 2167, 2160, 1780, 320, 34, 8, 1357, 3509, 3729, 1990, 279, 18653, 554, 23963, 323, 279, 16940, 39881, 320, 35, 8, 7286, 323, 25636, 14389, 388, 198, 16533, 25, 320], "attention_mask": [1, 1, 1, 1, 1, 1, 1, 1, 1, 1, 1, 1, 1, 1, 1, 1, 1, 1, 1, 1, 1, 1, 1, 1, 1, 1, 1, 1, 1, 1, 1, 1, 1, 1, 1, 1, 1, 1, 1, 1, 1, 1, 1, 1, 1, 1, 1, 1, 1, 1, 1, 1, 1, 1, 1, 1, 1, 1], "safe_input_ids": [128000, 14924, 25, 44634, 38231, 369, 264, 54891, 7276, 18653, 554, 374, 3984, 555, 198, 3883, 25, 320, 32, 8, 578, 25636, 2160, 1780, 320, 33, 8, 578, 2167, 2160, 1780, 320, 34, 8, 1357, 3509, 3729, 1990, 279, 18653, 554, 23963, 323, 279, 16940, 39881, 320, 35, 8, 7286, 323, 25636, 14389, 388, 198, 16533, 25, 320], "safe_attention_mask": [1, 1, 1, 1, 1, 1, 1, 1, 1, 1, 1, 1, 1, 1, 1, 1, 1, 1, 1, 1, 1, 1, 1, 1, 1, 1, 1, 1, 1, 1, 1, 1, 1, 1, 1, 1, 1, 1, 1, 1, 1, 1, 1, 1, 1, 1, 1, 1, 1, 1, 1, 1, 1, 1, 1, 1, 1, 1], "pos_id": 356, "neg_id": 362}
{"input_ids": [128000, 14924, 25, 16299, 315, 279, 2768, 1253, 387, 3970, 304, 2132, 8547, 1283, 64, 2565, 320, 1779, 2380, 2671, 997, 3883, 25, 320, 32, 8, 10604, 304, 1229, 11706, 6485, 79612, 320, 33, 8, 362, 48447, 4478, 810, 1109, 10594, 57333, 4478, 320, 34, 8, 393, 1098, 647, 291, 390, 23985, 892, 320, 35, 8, 2052, 315, 279, 3485, 198, 16533, 25, 320], "attention_mask": [1, 1, 1, 1, 1, 1, 1, 1, 1, 1, 1, 1, 1, 1, 1, 1, 1, 1, 1, 1, 1, 1, 1, 1, 1, 1, 1, 1, 1, 1, 1, 1, 1, 1, 1, 1, 1, 1, 1, 1, 1, 1, 1, 1, 1, 1, 1, 1, 1, 1, 1, 1, 1, 1, 1, 1, 1, 1, 1, 1, 1, 1, 1, 1], "safe_input_ids": [128000, 14924, 25, 16299, 315, 279, 2768, 1253, 387, 3970, 304, 2132, 8547, 1283, 64, 2565, 320, 1779, 2380, 2671, 997, 3883, 25, 320, 32, 8, 10604, 304, 1229, 11706, 6485, 79612, 320, 33, 8, 362, 48447, 4478, 810, 1109, 10594, 57333, 4478, 320, 34, 8, 393, 1098, 647, 291, 390, 23985, 892, 320, 35, 8, 2052, 315, 279, 3485, 198, 16533, 25, 320], "safe_attention_mask": [1, 1, 1, 1, 1, 1, 1, 1, 1, 1, 1, 1, 1, 1, 1, 1, 1, 1, 1, 1, 1, 1, 1, 1, 1, 1, 1, 1, 1, 1, 1, 1, 1, 1, 1, 1, 1, 1, 1, 1, 1, 1, 1, 1, 1, 1, 1, 1, 1, 1, 1, 1, 1, 1, 1, 1, 1, 1, 1, 1, 1, 1, 1, 1], "pos_id": 423, "neg_id": 356}
{"input_ids": [128000, 14924, 25, 1556, 5986, 220, 845, 2919, 2362, 8945, 3828, 374, 7263, 311, 279, 13147, 13, 1952, 24481, 67597, 269, 323, 22709, 79, 2201, 12791, 3118, 449, 264, 42631, 4478, 315, 220, 5313, 824, 9568, 13, 6385, 23096, 374, 220, 1049, 98824, 11, 568, 64, 10578, 527, 29827, 323, 264, 15730, 23085, 374, 6755, 13, 1630, 30630, 8710, 73151, 638, 70, 5893, 13, 1556, 31972, 511, 37489, 13255, 5039, 19371, 660, 10594, 2265, 645, 323, 75378, 315, 279, 2163, 30670, 2411, 13, 1556, 469, 8974, 5039, 10594, 57333, 2219, 7569, 2065, 69125, 430, 617, 3428, 22465, 13, 16299, 315, 279, 2768, 374, 279, 1455, 4461, 23842, 5380, 3883, 25, 320, 32, 8, 6969, 37, 320, 33, 8, 79183, 66, 11968, 5942, 8624, 320, 34, 8, 3700, 292, 569, 20000, 320, 35, 8, 3765, 618, 519, 2163, 66298, 264, 727, 40986, 505, 70524, 264, 727, 198, 16533, 25, 320], "attention_mask": [1, 1, 1, 1, 1, 1, 1, 1, 1, 1, 1, 1, 1, 1, 1, 1, 1, 1, 1, 1, 1, 1, 1, 1, 1, 1, 1, 1, 1, 1, 1, 1, 1, 1, 1, 1, 1, 1, 1, 1, 1, 1, 1, 1, 1, 1, 1, 1, 1, 1, 1, 1, 1, 1, 1, 1, 1, 1, 1, 1, 1, 1, 1, 1, 1, 1, 1, 1, 1, 1, 1, 1, 1, 1, 1, 1, 1, 1, 1, 1, 1, 1, 1, 1, 1, 1, 1, 1, 1, 1, 1, 1, 1, 1, 1, 1, 1, 1, 1, 1, 1, 1, 1, 1, 1, 1, 1, 1, 1, 1, 1, 1, 1, 1, 1, 1, 1, 1, 1, 1, 1, 1, 1, 1, 1, 1, 1, 1, 1, 1, 1, 1, 1, 1, 1, 1, 1, 1, 1, 1, 1, 1, 1, 1, 1, 1, 1, 1, 1], "safe_input_ids": [128000, 14924, 25, 1556, 5986, 220, 845, 2919, 2362, 8945, 3828, 374, 7263, 311, 279, 13147, 13, 1952, 24481, 67597, 269, 323, 22709, 79, 2201, 12791, 3118, 449, 264, 42631, 4478, 315, 220, 5313, 824, 9568, 13, 6385, 23096, 374, 220, 1049, 98824, 11, 568, 64, 10578, 527, 29827, 323, 264, 15730, 23085, 374, 6755, 13, 1630, 30630, 8710, 73151, 638, 70, 5893, 13, 1556, 31972, 511, 37489, 13255, 5039, 19371, 660, 10594, 2265, 645, 323, 75378, 315, 279, 2163, 30670, 2411, 13, 1556, 469, 8974, 5039, 10594, 57333, 2219, 7569, 2065, 69125, 430, 617, 3428, 22465, 13, 16299, 315, 279, 2768, 374, 279, 1455, 4461, 23842, 5380, 3883, 25, 320, 32, 8, 6969, 37, 320, 33, 8, 79183, 66, 11968, 5942, 8624, 320, 34, 8, 3700, 292, 569, 20000, 320, 35, 8, 3765, 618, 519, 2163, 66298, 264, 727, 40986, 505, 70524, 264, 727, 198, 16533, 25, 320], "safe_attention_mask": [1, 1, 1, 1, 1, 1, 1, 1, 1, 1, 1, 1, 1, 1, 1, 1, 1, 1, 1, 1, 1, 1, 1, 1, 1, 1, 1, 1, 1, 1, 1, 1, 1, 1, 1, 1, 1, 1, 1, 1, 1, 1, 1, 1, 1, 1, 1, 1, 1, 1, 1, 1, 1, 1, 1, 1, 1, 1, 1, 1, 1, 1, 1, 1, 1, 1, 1, 1, 1, 1, 1, 1, 1, 1, 1, 1, 1, 1, 1, 1, 1, 1, 1, 1, 1, 1, 1, 1, 1, 1, 1, 1, 1, 1, 1, 1, 1, 1, 1, 1, 1, 1, 1, 1, 1, 1, 1, 1, 1, 1, 1, 1, 1, 1, 1, 1, 1, 1, 1, 1, 1, 1, 1, 1, 1, 1, 1, 1, 1, 1, 1, 1, 1, 1, 1, 1, 1, 1, 1, 1, 1, 1, 1, 1, 1, 1, 1, 1, 1], "pos_id": 362, "neg_id": 356}
{"input_ids": [128000, 14924, 25, 42313, 12811, 10241, 2461, 374, 3970, 304, 682, 3734, 115972, 3883, 25, 320, 32, 8, 328, 8362, 590, 10934, 320, 33, 8, 8211, 292, 10934, 320, 34, 8, 3962, 76327, 367, 43745, 7942, 320, 35, 8, 20407, 331, 29569, 9362, 198, 16533, 25, 320], "attention_mask": [1, 1, 1, 1, 1, 1, 1, 1, 1, 1, 1, 1, 1, 1, 1, 1, 1, 1, 1, 1, 1, 1, 1, 1, 1, 1, 1, 1, 1, 1, 1, 1, 1, 1, 1, 1, 1, 1, 1, 1, 1, 1, 1, 1, 1, 1, 1], "safe_input_ids": [128000, 14924, 25, 42313, 12811, 10241, 2461, 374, 3970, 304, 682, 3734, 115972, 3883, 25, 320, 32, 8, 328, 8362, 590, 10934, 320, 33, 8, 8211, 292, 10934, 320, 34, 8, 3962, 76327, 367, 43745, 7942, 320, 35, 8, 20407, 331, 29569, 9362, 198, 16533, 25, 320], "safe_attention_mask": [1, 1, 1, 1, 1, 1, 1, 1, 1, 1, 1, 1, 1, 1, 1, 1, 1, 1, 1, 1, 1, 1, 1, 1, 1, 1, 1, 1, 1, 1, 1, 1, 1, 1, 1, 1, 1, 1, 1, 1, 1, 1, 1, 1, 1, 1, 1], "pos_id": 423, "neg_id": 356}
{"input_ids": [128000, 14924, 25, 763, 47588, 315, 279, 4579, 11, 279, 13612, 690, 3663, 512, 3883, 25, 320, 32, 8, 3216, 4102, 320, 33, 8, 6419, 4102, 320, 34, 8, 25929, 750, 320, 35, 8, 3344, 34575, 198, 16533, 25, 320], "attention_mask": [1, 1, 1, 1, 1, 1, 1, 1, 1, 1, 1, 1, 1, 1, 1, 1, 1, 1, 1, 1, 1, 1, 1, 1, 1, 1, 1, 1, 1, 1, 1, 1, 1, 1, 1, 1, 1, 1, 1, 1], "safe_input_ids": [128000, 14924, 25, 763, 47588, 315, 279, 4579, 11, 279, 13612, 690, 3663, 512, 3883, 25, 320, 32, 8, 3216, 4102, 320, 33, 8, 6419, 4102, 320, 34, 8, 25929, 750, 320, 35, 8, 3344, 34575, 198, 16533, 25, 320], "safe_attention_mask": [1, 1, 1, 1, 1, 1, 1, 1, 1, 1, 1, 1, 1, 1, 1, 1, 1, 1, 1, 1, 1, 1, 1, 1, 1, 1, 1, 1, 1, 1, 1, 1, 1, 1, 1, 1, 1, 1, 1, 1], "pos_id": 423, "neg_id": 362}
{"input_ids": [128000, 14924, 25, 11208, 1587, 279, 330, 74, 1962, 1, 374, 2231, 304, 279, 13272, 2391, 31752, 21363, 5380, 3883, 25, 320, 32, 8, 578, 1203, 315, 279, 13272, 320, 33, 8, 9636, 9392, 315, 16942, 320, 34, 8, 21883, 279, 46175, 320, 35, 8, 28206, 315, 15020, 1543, 198, 16533, 25, 320], "attention_mask": [1, 1, 1, 1, 1, 1, 1, 1, 1, 1, 1, 1, 1, 1, 1, 1, 1, 1, 1, 1, 1, 1, 1, 1, 1, 1, 1, 1, 1, 1, 1, 1, 1, 1, 1, 1, 1, 1, 1, 1, 1, 1, 1, 1, 1, 1, 1, 1, 1, 1, 1, 1, 1], "safe_input_ids": [128000, 14924, 25, 11208, 1587, 279, 330, 74, 1962, 1, 374, 2231, 304, 279, 13272, 2391, 31752, 21363, 5380, 3883, 25, 320, 32, 8, 578, 1203, 315, 279, 13272, 320, 33, 8, 9636, 9392, 315, 16942, 320, 34, 8, 21883, 279, 46175, 320, 35, 8, 28206, 315, 15020, 1543, 198, 16533, 25, 320], "safe_attention_mask": [1, 1, 1, 1, 1, 1, 1, 1, 1, 1, 1, 1, 1, 1, 1, 1, 1, 1, 1, 1, 1, 1, 1, 1, 1, 1, 1, 1, 1, 1, 1, 1, 1, 1, 1, 1, 1, 1, 1, 1, 1, 1, 1, 1, 1, 1, 1, 1, 1, 1, 1, 1, 1], "pos_id": 426, "neg_id": 423}
{"input_ids": [128000, 14924, 25, 53625, 14654, 323, 51119, 14654, 527, 5938, 449, 18722, 3883, 25, 320, 32, 8, 445, 1601, 689, 320, 33, 8, 469, 42426, 82179, 8942, 18862, 320, 34, 8, 64628, 818, 65, 2540, 2411, 320, 35, 8, 12758, 621, 9355, 198, 16533, 25, 320], "attention_mask": [1, 1, 1, 1, 1, 1, 1, 1, 1, 1, 1, 1, 1, 1, 1, 1, 1, 1, 1, 1, 1, 1, 1, 1, 1, 1, 1, 1, 1, 1, 1, 1, 1, 1, 1, 1, 1, 1, 1, 1, 1, 1, 1, 1, 1, 1], "safe_input_ids": [128000, 14924, 25, 53625, 14654, 323, 51119, 14654, 527, 5938, 449, 18722, 3883, 25, 320, 32, 8, 445, 1601, 689, 320, 33, 8, 469, 42426, 82179, 8942, 18862, 320, 34, 8, 64628, 818, 65, 2540, 2411, 320, 35, 8, 12758, 621, 9355, 198, 16533, 25, 320], "safe_attention_mask": [1, 1, 1, 1, 1, 1, 1, 1, 1, 1, 1, 1, 1, 1, 1, 1, 1, 1, 1, 1, 1, 1, 1, 1, 1, 1, 1, 1, 1, 1, 1, 1, 1, 1, 1, 1, 1, 1, 1, 1, 1, 1, 1, 1, 1, 1], "pos_id": 426, "neg_id": 362}
{"input_ids": [128000, 14924, 25, 16299, 315, 279, 2768, 16124, 14385, 439, 15405, 261, 315, 22095, 5380, 3883, 25, 320, 32, 8, 2895, 582, 121038, 320, 33, 8, 10466, 69178, 355, 320, 34, 8, 16233, 269, 9334, 320, 35, 8, 426, 75669, 5103, 51380, 198, 16533, 25, 320], "attention_mask": [1, 1, 1, 1, 1, 1, 1, 1, 1, 1, 1, 1, 1, 1, 1, 1, 1, 1, 1, 1, 1, 1, 1, 1, 1, 1, 1, 1, 1, 1, 1, 1, 1, 1, 1, 1, 1, 1, 1, 1, 1, 1, 1, 1, 1, 1], "safe_input_ids": [128000, 14924, 25, 16299, 315, 279, 2768, 16124, 14385, 439, 15405, 261, 315, 22095, 5380, 3883, 25, 320, 32, 8, 2895, 582, 121038, 320, 33, 8, 10466, 69178, 355, 320, 34, 8, 16233, 269, 9334, 320, 35, 8, 426, 75669, 5103, 51380, 198, 16533, 25, 320], "safe_attention_mask": [1, 1, 1, 1, 1, 1, 1, 1, 1, 1, 1, 1, 1, 1, 1, 1, 1, 1, 1, 1, 1, 1, 1, 1, 1, 1, 1, 1, 1, 1, 1, 1, 1, 1, 1, 1, 1, 1, 1, 1, 1, 1, 1, 1, 1, 1], "pos_id": 426, "neg_id": 362}
{"input_ids": [128000, 14924, 25, 362, 220, 1399, 43438, 2362, 21249, 78320, 18911, 449, 6784, 1752, 20547, 17728, 2693, 689, 315, 220, 16, 1938, 8250, 13, 16299, 374, 279, 8990, 315, 5873, 311, 1440, 279, 5353, 315, 17728, 2693, 689, 5380, 3883, 25, 320, 32, 8, 2326, 38, 320, 33, 8, 1630, 30630, 735, 4594, 320, 34, 8, 17229, 483, 14348, 320, 35, 8, 17229, 483, 92914, 369, 94329, 79909, 2508, 7917, 198, 16533, 25, 320], "attention_mask": [1, 1, 1, 1, 1, 1, 1, 1, 1, 1, 1, 1, 1, 1, 1, 1, 1, 1, 1, 1, 1, 1, 1, 1, 1, 1, 1, 1, 1, 1, 1, 1, 1, 1, 1, 1, 1, 1, 1, 1, 1, 1, 1, 1, 1, 1, 1, 1, 1, 1, 1, 1, 1, 1, 1, 1, 1, 1, 1, 1, 1, 1, 1, 1, 1, 1, 1, 1, 1, 1, 1, 1, 1, 1], "safe_input_ids": [128000, 14924, 25, 362, 220, 1399, 43438, 2362, 21249, 78320, 18911, 449, 6784, 1752, 20547, 17728, 2693, 689, 315, 220, 16, 1938, 8250, 13, 16299, 374, 279, 8990, 315, 5873, 311, 1440, 279, 5353, 315, 17728, 2693, 689, 5380, 3883, 25, 320, 32, 8, 2326, 38, 320, 33, 8, 1630, 30630, 735, 4594, 320, 34, 8, 17229, 483, 14348, 320, 35, 8, 17229, 483, 92914, 369, 94329, 79909, 2508, 7917, 198, 16533, 25, 320], "safe_attention_mask": [1, 1, 1, 1, 1, 1, 1, 1, 1, 1, 1, 1, 1, 1, 1, 1, 1, 1, 1, 1, 1, 1, 1, 1, 1, 1, 1, 1, 1, 1, 1, 1, 1, 1, 1, 1, 1, 1, 1, 1, 1, 1, 1, 1, 1, 1, 1, 1, 1, 1, 1, 1, 1, 1, 1, 1, 1, 1, 1, 1, 1, 1, 1, 1, 1, 1, 1, 1, 1, 1, 1, 1, 1, 1], "pos_id": 423, "neg_id": 362}
{"input_ids": [128000, 14924, 25, 578, 1455, 16614, 1749, 369, 54626, 67827, 921, 24705, 88, 32106, 490, 613, 316, 3689, 19405, 374, 512, 3883, 25, 320, 32, 8, 7286, 74864, 63052, 1296, 320, 33, 8, 2998, 21436, 68, 4998, 16711, 395, 352, 320, 34, 8, 97770, 521, 8957, 13010, 320, 35, 8, 21023, 389, 76327, 660, 4584, 1128, 798, 7917, 198, 16533, 25, 320], "attention_mask": [1, 1, 1, 1, 1, 1, 1, 1, 1, 1, 1, 1, 1, 1, 1, 1, 1, 1, 1, 1, 1, 1, 1, 1, 1, 1, 1, 1, 1, 1, 1, 1, 1, 1, 1, 1, 1, 1, 1, 1, 1, 1, 1, 1, 1, 1, 1, 1, 1, 1, 1, 1, 1, 1, 1, 1, 1, 1, 1, 1, 1, 1], "safe_input_ids": [128000, 14924, 25, 578, 1455, 16614, 1749, 369, 54626, 67827, 921, 24705, 88, 32106, 490, 613, 316, 3689, 19405, 374, 512, 3883, 25, 320, 32, 8, 7286, 74864, 63052, 1296, 320, 33, 8, 2998, 21436, 68, 4998, 16711, 395, 352, 320, 34, 8, 97770, 521, 8957, 13010, 320, 35, 8, 21023, 389, 76327, 660, 4584, 1128, 798, 7917, 198, 16533, 25, 320], "safe_attention_mask": [1, 1, 1, 1, 1, 1, 1, 1, 1, 1, 1, 1, 1, 1, 1, 1, 1, 1, 1, 1, 1, 1, 1, 1, 1, 1, 1, 1, 1, 1, 1, 1, 1, 1, 1, 1, 1, 1, 1, 1, 1, 1, 1, 1, 1, 1, 1, 1, 1, 1, 1, 1, 1, 1, 1, 1, 1, 1, 1, 1, 1, 1], "pos_id": 356, "neg_id": 362}
{"input_ids": [128000, 14924, 25, 362, 23791, 261, 6532, 449, 13023, 29721, 315, 23154, 388, 574, 16584, 449, 34653, 11, 12203, 1263, 560, 323, 63915, 8060, 13, 578, 1455, 8475, 1296, 311, 58681, 279, 19405, 304, 420, 8893, 374, 18722, 3883, 25, 320, 32, 8, 1226, 321, 57023, 1296, 320, 33, 8, 7043, 426, 15278, 616, 1296, 320, 34, 8, 18654, 58510, 945, 6200, 332, 2617, 1296, 320, 35, 8, 18654, 12828, 359, 1073, 10036, 4692, 36634, 1296, 198, 16533, 25, 320], "attention_mask": [1, 1, 1, 1, 1, 1, 1, 1, 1, 1, 1, 1, 1, 1, 1, 1, 1, 1, 1, 1, 1, 1, 1, 1, 1, 1, 1, 1, 1, 1, 1, 1, 1, 1, 1, 1, 1, 1, 1, 1, 1, 1, 1, 1, 1, 1, 1, 1, 1, 1, 1, 1, 1, 1, 1, 1, 1, 1, 1, 1, 1, 1, 1, 1, 1, 1, 1, 1, 1, 1, 1, 1, 1, 1, 1, 1, 1, 1, 1, 1], "safe_input_ids": [128000, 14924, 25, 362, 23791, 261, 6532, 449, 13023, 29721, 315, 23154, 388, 574, 16584, 449, 34653, 11, 12203, 1263, 560, 323, 63915, 8060, 13, 578, 1455, 8475, 1296, 311, 58681, 279, 19405, 304, 420, 8893, 374, 18722, 3883, 25, 320, 32, 8, 1226, 321, 57023, 1296, 320, 33, 8, 7043, 426, 15278, 616, 1296, 320, 34, 8, 18654, 58510, 945, 6200, 332, 2617, 1296, 320, 35, 8, 18654, 12828, 359, 1073, 10036, 4692, 36634, 1296, 198, 16533, 25, 320], "safe_attention_mask": [1, 1, 1, 1, 1, 1, 1, 1, 1, 1, 1, 1, 1, 1, 1, 1, 1, 1, 1, 1, 1, 1, 1, 1, 1, 1, 1, 1, 1, 1, 1, 1, 1, 1, 1, 1, 1, 1, 1, 1, 1, 1, 1, 1, 1, 1, 1, 1, 1, 1, 1, 1, 1, 1, 1, 1, 1, 1, 1, 1, 1, 1, 1, 1, 1, 1, 1, 1, 1, 1, 1, 1, 1, 1, 1, 1, 1, 1, 1, 1], "pos_id": 356, "neg_id": 362}
{"input_ids": [128000, 14924, 25, 7409, 478, 535, 568, 64, 8060, 304, 459, 31383, 374, 32971, 555, 682, 3734, 198, 3883, 25, 320, 32, 8, 19878, 278, 1608, 9355, 320, 33, 8, 350, 613, 1100, 33252, 320, 34, 8, 37326, 1113, 320, 35, 8, 45773, 4785, 8895, 198, 16533, 25, 320], "attention_mask": [1, 1, 1, 1, 1, 1, 1, 1, 1, 1, 1, 1, 1, 1, 1, 1, 1, 1, 1, 1, 1, 1, 1, 1, 1, 1, 1, 1, 1, 1, 1, 1, 1, 1, 1, 1, 1, 1, 1, 1, 1, 1, 1, 1, 1, 1, 1, 1, 1], "safe_input_ids": [128000, 14924, 25, 7409, 478, 535, 568, 64, 8060, 304, 459, 31383, 374, 32971, 555, 682, 3734, 198, 3883, 25, 320, 32, 8, 19878, 278, 1608, 9355, 320, 33, 8, 350, 613, 1100, 33252, 320, 34, 8, 37326, 1113, 320, 35, 8, 45773, 4785, 8895, 198, 16533, 25, 320], "safe_attention_mask": [1, 1, 1, 1, 1, 1, 1, 1, 1, 1, 1, 1, 1, 1, 1, 1, 1, 1, 1, 1, 1, 1, 1, 1, 1, 1, 1, 1, 1, 1, 1, 1, 1, 1, 1, 1, 1, 1, 1, 1, 1, 1, 1, 1, 1, 1, 1, 1, 1], "pos_id": 362, "neg_id": 356}
{"input_ids": [128000, 14924, 25, 7409, 268, 2223, 17055, 70865, 374, 1888, 12020, 555, 198, 3883, 25, 320, 32, 8, 469, 4464, 315, 11347, 320, 33, 8, 39995, 1854, 315, 11347, 320, 34, 8, 10425, 596, 10537, 320, 35, 8, 41556, 11345, 5650, 198, 16533, 25, 320], "attention_mask": [1, 1, 1, 1, 1, 1, 1, 1, 1, 1, 1, 1, 1, 1, 1, 1, 1, 1, 1, 1, 1, 1, 1, 1, 1, 1, 1, 1, 1, 1, 1, 1, 1, 1, 1, 1, 1, 1, 1, 1, 1, 1, 1, 1, 1], "safe_input_ids": [128000, 14924, 25, 7409, 268, 2223, 17055, 70865, 374, 1888, 12020, 555, 198, 3883, 25, 320, 32, 8, 469, 4464, 315, 11347, 320, 33, 8, 39995, 1854, 315, 11347, 320, 34, 8, 10425, 596, 10537, 320, 35, 8, 41556, 11345, 5650, 198, 16533, 25, 320], "safe_attention_mask": [1, 1, 1, 1, 1, 1, 1, 1, 1, 1, 1, 1, 1, 1, 1, 1, 1, 1, 1, 1, 1, 1, 1, 1, 1, 1, 1, 1, 1, 1, 1, 1, 1, 1, 1, 1, 1, 1, 1, 1, 1, 1, 1, 1, 1], "pos_id": 423, "neg_id": 356}
{"input_ids": [128000, 14924, 25, 20359, 33994, 3094, 304, 39086, 39975, 374, 34454, 1065, 291, 555, 902, 315, 279, 2768, 49242, 5380, 3883, 25, 320, 32, 8, 473, 33039, 3623, 32, 43998, 295, 521, 320, 33, 8, 473, 33039, 3623, 32, 312, 1076, 521, 320, 34, 8, 60223, 79117, 521, 320, 35, 8, 2206, 838, 263, 349, 82160, 198, 16533, 25, 320], "attention_mask": [1, 1, 1, 1, 1, 1, 1, 1, 1, 1, 1, 1, 1, 1, 1, 1, 1, 1, 1, 1, 1, 1, 1, 1, 1, 1, 1, 1, 1, 1, 1, 1, 1, 1, 1, 1, 1, 1, 1, 1, 1, 1, 1, 1, 1, 1, 1, 1, 1, 1, 1, 1, 1, 1, 1, 1, 1, 1, 1, 1], "safe_input_ids": [128000, 14924, 25, 20359, 33994, 3094, 304, 39086, 39975, 374, 34454, 1065, 291, 555, 902, 315, 279, 2768, 49242, 5380, 3883, 25, 320, 32, 8, 473, 33039, 3623, 32, 43998, 295, 521, 320, 33, 8, 473, 33039, 3623, 32, 312, 1076, 521, 320, 34, 8, 60223, 79117, 521, 320, 35, 8, 2206, 838, 263, 349, 82160, 198, 16533, 25, 320], "safe_attention_mask": [1, 1, 1, 1, 1, 1, 1, 1, 1, 1, 1, 1, 1, 1, 1, 1, 1, 1, 1, 1, 1, 1, 1, 1, 1, 1, 1, 1, 1, 1, 1, 1, 1, 1, 1, 1, 1, 1, 1, 1, 1, 1, 1, 1, 1, 1, 1, 1, 1, 1, 1, 1, 1, 1, 1, 1, 1, 1, 1, 1], "pos_id": 426, "neg_id": 362}
{"input_ids": [128000, 14924, 25, 100058, 38018, 555, 2768, 6149, 374, 198, 3883, 25, 320, 32, 8, 14221, 764, 10020, 3974, 320, 33, 8, 473, 16, 77, 16, 7577, 320, 34, 8, 473, 16, 77, 16, 3974, 320, 35, 8, 26541, 34653, 3974, 198, 16533, 25, 320], "attention_mask": [1, 1, 1, 1, 1, 1, 1, 1, 1, 1, 1, 1, 1, 1, 1, 1, 1, 1, 1, 1, 1, 1, 1, 1, 1, 1, 1, 1, 1, 1, 1, 1, 1, 1, 1, 1, 1, 1, 1, 1, 1, 1, 1, 1, 1], "safe_input_ids": [128000, 14924, 25, 100058, 38018, 555, 2768, 6149, 374, 198, 3883, 25, 320, 32, 8, 14221, 764, 10020, 3974, 320, 33, 8, 473, 16, 77, 16, 7577, 320, 34, 8, 473, 16, 77, 16, 3974, 320, 35, 8, 26541, 34653, 3974, 198, 16533, 25, 320], "safe_attention_mask": [1, 1, 1, 1, 1, 1, 1, 1, 1, 1, 1, 1, 1, 1, 1, 1, 1, 1, 1, 1, 1, 1, 1, 1, 1, 1, 1, 1, 1, 1, 1, 1, 1, 1, 1, 1, 1, 1, 1, 1, 1, 1, 1, 1, 1], "pos_id": 356, "neg_id": 423}
{"input_ids": [128000, 14924, 25, 362, 220, 1272, 4771, 2362, 71975, 8893, 18911, 449, 463, 418, 10934, 315, 832, 8071, 323, 3776, 1560, 1799, 927, 77338, 13, 578, 4461, 47120, 374, 6394, 3883, 25, 320, 32, 8, 393, 40512, 35685, 300, 320, 33, 8, 94916, 64, 320, 34, 8, 469, 13, 74110, 320, 35, 8, 386, 1791, 269, 198, 16533, 25, 320], "attention_mask": [1, 1, 1, 1, 1, 1, 1, 1, 1, 1, 1, 1, 1, 1, 1, 1, 1, 1, 1, 1, 1, 1, 1, 1, 1, 1, 1, 1, 1, 1, 1, 1, 1, 1, 1, 1, 1, 1, 1, 1, 1, 1, 1, 1, 1, 1, 1, 1, 1, 1, 1, 1, 1, 1, 1, 1, 1, 1, 1, 1], "safe_input_ids": [128000, 14924, 25, 362, 220, 1272, 4771, 2362, 71975, 8893, 18911, 449, 463, 418, 10934, 315, 832, 8071, 323, 3776, 1560, 1799, 927, 77338, 13, 578, 4461, 47120, 374, 6394, 3883, 25, 320, 32, 8, 393, 40512, 35685, 300, 320, 33, 8, 94916, 64, 320, 34, 8, 469, 13, 74110, 320, 35, 8, 386, 1791, 269, 198, 16533, 25, 320], "safe_attention_mask": [1, 1, 1, 1, 1, 1, 1, 1, 1, 1, 1, 1, 1, 1, 1, 1, 1, 1, 1, 1, 1, 1, 1, 1, 1, 1, 1, 1, 1, 1, 1, 1, 1, 1, 1, 1, 1, 1, 1, 1, 1, 1, 1, 1, 1, 1, 1, 1, 1, 1, 1, 1, 1, 1, 1, 1, 1, 1, 1, 1], "pos_id": 423, "neg_id": 362}
{"input_ids": [128000, 14924, 25, 4349, 21020, 40335, 374, 539, 3970, 304, 6394, 3883, 25, 320, 32, 8, 3489, 83334, 320, 33, 8, 90831, 1141, 18595, 320, 34, 8, 50616, 299, 84001, 519, 2003, 320, 35, 8, 5468, 1907, 2411, 198, 16533, 25, 320], "attention_mask": [1, 1, 1, 1, 1, 1, 1, 1, 1, 1, 1, 1, 1, 1, 1, 1, 1, 1, 1, 1, 1, 1, 1, 1, 1, 1, 1, 1, 1, 1, 1, 1, 1, 1, 1, 1, 1, 1, 1, 1, 1, 1], "safe_input_ids": [128000, 14924, 25, 4349, 21020, 40335, 374, 539, 3970, 304, 6394, 3883, 25, 320, 32, 8, 3489, 83334, 320, 33, 8, 90831, 1141, 18595, 320, 34, 8, 50616, 299, 84001, 519, 2003, 320, 35, 8, 5468, 1907, 2411, 198, 16533, 25, 320], "safe_attention_mask": [1, 1, 1, 1, 1, 1, 1, 1, 1, 1, 1, 1, 1, 1, 1, 1, 1, 1, 1, 1, 1, 1, 1, 1, 1, 1, 1, 1, 1, 1, 1, 1, 1, 1, 1, 1, 1, 1, 1, 1, 1, 1], "pos_id": 362, "neg_id": 356}
{"input_ids": [128000, 14924, 25, 89205, 304, 264, 70432, 24740, 1162, 315, 88234, 18722, 3883, 25, 320, 32, 8, 52068, 41670, 320, 258, 2911, 8, 320, 33, 8, 328, 631, 372, 362, 16606, 320, 34, 8, 426, 533, 762, 320, 35, 8, 2052, 315, 279, 3485, 198, 16533, 25, 320], "attention_mask": [1, 1, 1, 1, 1, 1, 1, 1, 1, 1, 1, 1, 1, 1, 1, 1, 1, 1, 1, 1, 1, 1, 1, 1, 1, 1, 1, 1, 1, 1, 1, 1, 1, 1, 1, 1, 1, 1, 1, 1, 1, 1, 1, 1, 1, 1, 1, 1], "safe_input_ids": [128000, 14924, 25, 89205, 304, 264, 70432, 24740, 1162, 315, 88234, 18722, 3883, 25, 320, 32, 8, 52068, 41670, 320, 258, 2911, 8, 320, 33, 8, 328, 631, 372, 362, 16606, 320, 34, 8, 426, 533, 762, 320, 35, 8, 2052, 315, 279, 3485, 198, 16533, 25, 320], "safe_attention_mask": [1, 1, 1, 1, 1, 1, 1, 1, 1, 1, 1, 1, 1, 1, 1, 1, 1, 1, 1, 1, 1, 1, 1, 1, 1, 1, 1, 1, 1, 1, 1, 1, 1, 1, 1, 1, 1, 1, 1, 1, 1, 1, 1, 1, 1, 1, 1, 1], "pos_id": 423, "neg_id": 362}
{"input_ids": [128000, 14924, 25, 5124, 46412, 689, 374, 12020, 555, 198, 3883, 25, 320, 32, 8, 23853, 39300, 1821, 320, 33, 8, 23853, 8841, 51003, 320, 34, 8, 23853, 58652, 418, 1233, 320, 35, 8, 94667, 27276, 12509, 198, 16533, 25, 320], "attention_mask": [1, 1, 1, 1, 1, 1, 1, 1, 1, 1, 1, 1, 1, 1, 1, 1, 1, 1, 1, 1, 1, 1, 1, 1, 1, 1, 1, 1, 1, 1, 1, 1, 1, 1, 1, 1, 1, 1, 1, 1, 1], "safe_input_ids": [128000, 14924, 25, 5124, 46412, 689, 374, 12020, 555, 198, 3883, 25, 320, 32, 8, 23853, 39300, 1821, 320, 33, 8, 23853, 8841, 51003, 320, 34, 8, 23853, 58652, 418, 1233, 320, 35, 8, 94667, 27276, 12509, 198, 16533, 25, 320], "safe_attention_mask": [1, 1, 1, 1, 1, 1, 1, 1, 1, 1, 1, 1, 1, 1, 1, 1, 1, 1, 1, 1, 1, 1, 1, 1, 1, 1, 1, 1, 1, 1, 1, 1, 1, 1, 1, 1, 1, 1, 1, 1, 1], "pos_id": 426, "neg_id": 362}
{"input_ids": [128000, 14924, 25, 435, 4108, 1296, 374, 1511, 304, 279, 23842, 315, 512, 3883, 25, 320, 32, 8, 80806, 54308, 4748, 64, 320, 33, 8, 6385, 20975, 320, 34, 8, 921, 3581, 1607, 320, 35, 8, 27622, 360, 7942, 11457, 24873, 198, 16533, 25, 320], "attention_mask": [1, 1, 1, 1, 1, 1, 1, 1, 1, 1, 1, 1, 1, 1, 1, 1, 1, 1, 1, 1, 1, 1, 1, 1, 1, 1, 1, 1, 1, 1, 1, 1, 1, 1, 1, 1, 1, 1, 1, 1, 1, 1, 1, 1, 1], "safe_input_ids": [128000, 14924, 25, 435, 4108, 1296, 374, 1511, 304, 279, 23842, 315, 512, 3883, 25, 320, 32, 8, 80806, 54308, 4748, 64, 320, 33, 8, 6385, 20975, 320, 34, 8, 921, 3581, 1607, 320, 35, 8, 27622, 360, 7942, 11457, 24873, 198, 16533, 25, 320], "safe_attention_mask": [1, 1, 1, 1, 1, 1, 1, 1, 1, 1, 1, 1, 1, 1, 1, 1, 1, 1, 1, 1, 1, 1, 1, 1, 1, 1, 1, 1, 1, 1, 1, 1, 1, 1, 1, 1, 1, 1, 1, 1, 1, 1, 1, 1, 1], "pos_id": 423, "neg_id": 356}
{"input_ids": [128000, 14924, 25, 362, 220, 1774, 4771, 6418, 5333, 90058, 315, 15748, 55403, 323, 17250, 304, 91747, 13, 6193, 279, 3347, 220, 21, 4038, 11, 1364, 706, 14000, 2678, 11, 2579, 63324, 2212, 1077, 11013, 439, 1664, 439, 12314, 6147, 315, 1077, 6930, 13, 578, 8893, 706, 330, 11046, 3547, 552, 1, 389, 7106, 24481, 13, 16299, 315, 279, 2768, 68937, 729, 374, 279, 1455, 4279, 323, 1455, 3230, 2218, 315, 3313, 519, 581, 1094, 304, 6978, 449, 420, 8624, 5380, 3883, 25, 320, 32, 8, 356, 12, 1111, 5158, 320, 15719, 10039, 39340, 521, 12, 18, 8, 320, 33, 8, 7238, 42728, 6601, 15922, 320, 34, 8, 393, 12, 1111, 5158, 320, 15719, 62596, 104701, 99258, 307, 521, 8, 320, 35, 8, 328, 566, 12, 2031, 320, 15719, 8338, 30148, 316, 19206, 358, 340, 16533, 25, 320], "attention_mask": [1, 1, 1, 1, 1, 1, 1, 1, 1, 1, 1, 1, 1, 1, 1, 1, 1, 1, 1, 1, 1, 1, 1, 1, 1, 1, 1, 1, 1, 1, 1, 1, 1, 1, 1, 1, 1, 1, 1, 1, 1, 1, 1, 1, 1, 1, 1, 1, 1, 1, 1, 1, 1, 1, 1, 1, 1, 1, 1, 1, 1, 1, 1, 1, 1, 1, 1, 1, 1, 1, 1, 1, 1, 1, 1, 1, 1, 1, 1, 1, 1, 1, 1, 1, 1, 1, 1, 1, 1, 1, 1, 1, 1, 1, 1, 1, 1, 1, 1, 1, 1, 1, 1, 1, 1, 1, 1, 1, 1, 1, 1, 1, 1, 1, 1, 1, 1, 1, 1, 1, 1, 1, 1, 1, 1, 1, 1, 1, 1, 1, 1, 1, 1, 1, 1, 1, 1, 1], "safe_input_ids": [128000, 14924, 25, 362, 220, 1774, 4771, 6418, 5333, 90058, 315, 15748, 55403, 323, 17250, 304, 91747, 13, 6193, 279, 3347, 220, 21, 4038, 11, 1364, 706, 14000, 2678, 11, 2579, 63324, 2212, 1077, 11013, 439, 1664, 439, 12314, 6147, 315, 1077, 6930, 13, 578, 8893, 706, 330, 11046, 3547, 552, 1, 389, 7106, 24481, 13, 16299, 315, 279, 2768, 68937, 729, 374, 279, 1455, 4279, 323, 1455, 3230, 2218, 315, 3313, 519, 581, 1094, 304, 6978, 449, 420, 8624, 5380, 3883, 25, 320, 32, 8, 356, 12, 1111, 5158, 320, 15719, 10039, 39340, 521, 12, 18, 8, 320, 33, 8, 7238, 42728, 6601, 15922, 320, 34, 8, 393, 12, 1111, 5158, 320, 15719, 62596, 104701, 99258, 307, 521, 8, 320, 35, 8, 328, 566, 12, 2031, 320, 15719, 8338, 30148, 316, 19206, 358, 340, 16533, 25, 320], "safe_attention_mask": [1, 1, 1, 1, 1, 1, 1, 1, 1, 1, 1, 1, 1, 1, 1, 1, 1, 1, 1, 1, 1, 1, 1, 1, 1, 1, 1, 1, 1, 1, 1, 1, 1, 1, 1, 1, 1, 1, 1, 1, 1, 1, 1, 1, 1, 1, 1, 1, 1, 1, 1, 1, 1, 1, 1, 1, 1, 1, 1, 1, 1, 1, 1, 1, 1, 1, 1, 1, 1, 1, 1, 1, 1, 1, 1, 1, 1, 1, 1, 1, 1, 1, 1, 1, 1, 1, 1, 1, 1, 1, 1, 1, 1, 1, 1, 1, 1, 1, 1, 1, 1, 1, 1, 1, 1, 1, 1, 1, 1, 1, 1, 1, 1, 1, 1, 1, 1, 1, 1, 1, 1, 1, 1, 1, 1, 1, 1, 1, 1, 1, 1, 1, 1, 1, 1, 1, 1, 1], "pos_id": 423, "neg_id": 426}
{"input_ids": [128000, 14924, 25, 74842, 596, 297, 81937, 54042, 10213, 18911, 439, 6250, 220, 679, 15, 198, 3883, 25, 320, 32, 8, 1322, 418, 10934, 320, 33, 8, 52170, 10934, 320, 34, 8, 80569, 50938, 68797, 24408, 320, 35, 8, 62697, 2410, 315, 56541, 198, 16533, 25, 320], "attention_mask": [1, 1, 1, 1, 1, 1, 1, 1, 1, 1, 1, 1, 1, 1, 1, 1, 1, 1, 1, 1, 1, 1, 1, 1, 1, 1, 1, 1, 1, 1, 1, 1, 1, 1, 1, 1, 1, 1, 1, 1, 1, 1, 1, 1, 1, 1, 1], "safe_input_ids": [128000, 14924, 25, 74842, 596, 297, 81937, 54042, 10213, 18911, 439, 6250, 220, 679, 15, 198, 3883, 25, 320, 32, 8, 1322, 418, 10934, 320, 33, 8, 52170, 10934, 320, 34, 8, 80569, 50938, 68797, 24408, 320, 35, 8, 62697, 2410, 315, 56541, 198, 16533, 25, 320], "safe_attention_mask": [1, 1, 1, 1, 1, 1, 1, 1, 1, 1, 1, 1, 1, 1, 1, 1, 1, 1, 1, 1, 1, 1, 1, 1, 1, 1, 1, 1, 1, 1, 1, 1, 1, 1, 1, 1, 1, 1, 1, 1, 1, 1, 1, 1, 1, 1, 1], "pos_id": 362, "neg_id": 356}
{"input_ids": [128000, 14924, 25, 6952, 24013, 93217, 3970, 304, 264, 91882, 91711, 374, 512, 3883, 25, 320, 32, 8, 435, 23758, 30314, 82, 320, 33, 8, 1357, 2931, 12314, 6147, 320, 34, 8, 435, 10892, 258, 590, 19591, 63412, 320, 35, 8, 1856, 20234, 198, 16533, 25, 320], "attention_mask": [1, 1, 1, 1, 1, 1, 1, 1, 1, 1, 1, 1, 1, 1, 1, 1, 1, 1, 1, 1, 1, 1, 1, 1, 1, 1, 1, 1, 1, 1, 1, 1, 1, 1, 1, 1, 1, 1, 1, 1, 1, 1, 1, 1, 1, 1, 1], "safe_input_ids": [128000, 14924, 25, 6952, 24013, 93217, 3970, 304, 264, 91882, 91711, 374, 512, 3883, 25, 320, 32, 8, 435, 23758, 30314, 82, 320, 33, 8, 1357, 2931, 12314, 6147, 320, 34, 8, 435, 10892, 258, 590, 19591, 63412, 320, 35, 8, 1856, 20234, 198, 16533, 25, 320], "safe_attention_mask": [1, 1, 1, 1, 1, 1, 1, 1, 1, 1, 1, 1, 1, 1, 1, 1, 1, 1, 1, 1, 1, 1, 1, 1, 1, 1, 1, 1, 1, 1, 1, 1, 1, 1, 1, 1, 1, 1, 1, 1, 1, 1, 1, 1, 1, 1, 1], "pos_id": 362, "neg_id": 426}
{"input_ids": [128000, 14924, 25, 3061, 6586, 29977, 39, 19392, 3092, 74378, 532, 15268, 277, 407, 374, 15609, 555, 512, 3883, 25, 320, 32, 8, 29977, 39, 12, 16, 29, 29977, 39, 12, 17, 320, 33, 8, 29977, 39, 12, 17, 871, 29977, 39, 12, 16, 320, 34, 8, 29977, 39, 12, 19, 871, 29977, 39, 12, 20, 320, 35, 8, 29977, 39, 12, 20, 871, 29977, 39, 12, 19, 198, 16533, 25, 320], "attention_mask": [1, 1, 1, 1, 1, 1, 1, 1, 1, 1, 1, 1, 1, 1, 1, 1, 1, 1, 1, 1, 1, 1, 1, 1, 1, 1, 1, 1, 1, 1, 1, 1, 1, 1, 1, 1, 1, 1, 1, 1, 1, 1, 1, 1, 1, 1, 1, 1, 1, 1, 1, 1, 1, 1, 1, 1, 1, 1, 1, 1, 1, 1, 1, 1, 1, 1, 1, 1, 1, 1, 1, 1], "safe_input_ids": [128000, 14924, 25, 3061, 6586, 29977, 39, 19392, 3092, 74378, 532, 15268, 277, 407, 374, 15609, 555, 512, 3883, 25, 320, 32, 8, 29977, 39, 12, 16, 29, 29977, 39, 12, 17, 320, 33, 8, 29977, 39, 12, 17, 871, 29977, 39, 12, 16, 320, 34, 8, 29977, 39, 12, 19, 871, 29977, 39, 12, 20, 320, 35, 8, 29977, 39, 12, 20, 871, 29977, 39, 12, 19, 198, 16533, 25, 320], "safe_attention_mask": [1, 1, 1, 1, 1, 1, 1, 1, 1, 1, 1, 1, 1, 1, 1, 1, 1, 1, 1, 1, 1, 1, 1, 1, 1, 1, 1, 1, 1, 1, 1, 1, 1, 1, 1, 1, 1, 1, 1, 1, 1, 1, 1, 1, 1, 1, 1, 1, 1, 1, 1, 1, 1, 1, 1, 1, 1, 1, 1, 1, 1, 1, 1, 1, 1, 1, 1, 1, 1, 1, 1, 1], "pos_id": 362, "neg_id": 426}
{"input_ids": [128000, 14924, 25, 29023, 20334, 315, 17055, 17666, 3447, 1253, 387, 17427, 555, 198, 3883, 25, 320, 32, 8, 74142, 289, 45489, 320, 33, 8, 1701, 9439, 3090, 320, 34, 8, 44387, 34786, 320, 35, 8, 1701, 2854, 29856, 198, 16533, 25, 320], "attention_mask": [1, 1, 1, 1, 1, 1, 1, 1, 1, 1, 1, 1, 1, 1, 1, 1, 1, 1, 1, 1, 1, 1, 1, 1, 1, 1, 1, 1, 1, 1, 1, 1, 1, 1, 1, 1, 1, 1, 1, 1, 1, 1, 1], "safe_input_ids": [128000, 14924, 25, 29023, 20334, 315, 17055, 17666, 3447, 1253, 387, 17427, 555, 198, 3883, 25, 320, 32, 8, 74142, 289, 45489, 320, 33, 8, 1701, 9439, 3090, 320, 34, 8, 44387, 34786, 320, 35, 8, 1701, 2854, 29856, 198, 16533, 25, 320], "safe_attention_mask": [1, 1, 1, 1, 1, 1, 1, 1, 1, 1, 1, 1, 1, 1, 1, 1, 1, 1, 1, 1, 1, 1, 1, 1, 1, 1, 1, 1, 1, 1, 1, 1, 1, 1, 1, 1, 1, 1, 1, 1, 1, 1, 1], "pos_id": 423, "neg_id": 362}
{"input_ids": [128000, 14924, 25, 20671, 8312, 315, 23152, 374, 14, 548, 512, 3883, 25, 320, 32, 8, 14043, 89385, 264, 727, 320, 33, 8, 64040, 89385, 264, 727, 320, 34, 8, 42970, 59349, 752, 575, 385, 292, 264, 727, 320, 35, 8, 2052, 198, 16533, 25, 320], "attention_mask": [1, 1, 1, 1, 1, 1, 1, 1, 1, 1, 1, 1, 1, 1, 1, 1, 1, 1, 1, 1, 1, 1, 1, 1, 1, 1, 1, 1, 1, 1, 1, 1, 1, 1, 1, 1, 1, 1, 1, 1, 1, 1, 1, 1, 1, 1], "safe_input_ids": [128000, 14924, 25, 20671, 8312, 315, 23152, 374, 14, 548, 512, 3883, 25, 320, 32, 8, 14043, 89385, 264, 727, 320, 33, 8, 64040, 89385, 264, 727, 320, 34, 8, 42970, 59349, 752, 575, 385, 292, 264, 727, 320, 35, 8, 2052, 198, 16533, 25, 320], "safe_attention_mask": [1, 1, 1, 1, 1, 1, 1, 1, 1, 1, 1, 1, 1, 1, 1, 1, 1, 1, 1, 1, 1, 1, 1, 1, 1, 1, 1, 1, 1, 1, 1, 1, 1, 1, 1, 1, 1, 1, 1, 1, 1, 1, 1, 1, 1, 1], "pos_id": 423, "neg_id": 362}
{"input_ids": [128000, 14924, 25, 16299, 315, 279, 2768, 63859, 9455, 706, 279, 8592, 15360, 449, 459, 68, 455, 385, 43686, 5380, 3883, 25, 320, 32, 8, 921, 269, 590, 281, 2635, 355, 63581, 320, 33, 8, 452, 1412, 278, 12215, 1791, 2301, 320, 34, 8, 356, 599, 292, 6409, 70, 58084, 320, 35, 8, 11579, 37781, 321, 950, 264, 727, 198, 16533, 25, 320], "attention_mask": [1, 1, 1, 1, 1, 1, 1, 1, 1, 1, 1, 1, 1, 1, 1, 1, 1, 1, 1, 1, 1, 1, 1, 1, 1, 1, 1, 1, 1, 1, 1, 1, 1, 1, 1, 1, 1, 1, 1, 1, 1, 1, 1, 1, 1, 1, 1, 1, 1, 1, 1, 1, 1, 1, 1, 1, 1, 1, 1, 1, 1, 1, 1], "safe_input_ids": [128000, 14924, 25, 16299, 315, 279, 2768, 63859, 9455, 706, 279, 8592, 15360, 449, 459, 68, 455, 385, 43686, 5380, 3883, 25, 320, 32, 8, 921, 269, 590, 281, 2635, 355, 63581, 320, 33, 8, 452, 1412, 278, 12215, 1791, 2301, 320, 34, 8, 356, 599, 292, 6409, 70, 58084, 320, 35, 8, 11579, 37781, 321, 950, 264, 727, 198, 16533, 25, 320], "safe_attention_mask": [1, 1, 1, 1, 1, 1, 1, 1, 1, 1, 1, 1, 1, 1, 1, 1, 1, 1, 1, 1, 1, 1, 1, 1, 1, 1, 1, 1, 1, 1, 1, 1, 1, 1, 1, 1, 1, 1, 1, 1, 1, 1, 1, 1, 1, 1, 1, 1, 1, 1, 1, 1, 1, 1, 1, 1, 1, 1, 1, 1, 1, 1, 1], "pos_id": 356, "neg_id": 426}
{"input_ids": [128000, 14924, 25, 16299, 315, 279, 2768, 374, 539, 264, 3777, 315, 1380, 5481, 1887, 5380, 3883, 25, 320, 32, 8, 1050, 15709, 15449, 320, 33, 8, 8593, 535, 18618, 320, 34, 8, 11842, 21090, 535, 5613, 320, 35, 8, 12634, 59086, 1887, 198, 16533, 25, 320], "attention_mask": [1, 1, 1, 1, 1, 1, 1, 1, 1, 1, 1, 1, 1, 1, 1, 1, 1, 1, 1, 1, 1, 1, 1, 1, 1, 1, 1, 1, 1, 1, 1, 1, 1, 1, 1, 1, 1, 1, 1, 1, 1, 1, 1, 1, 1, 1, 1], "safe_input_ids": [128000, 14924, 25, 16299, 315, 279, 2768, 374, 539, 264, 3777, 315, 1380, 5481, 1887, 5380, 3883, 25, 320, 32, 8, 1050, 15709, 15449, 320, 33, 8, 8593, 535, 18618, 320, 34, 8, 11842, 21090, 535, 5613, 320, 35, 8, 12634, 59086, 1887, 198, 16533, 25, 320], "safe_attention_mask": [1, 1, 1, 1, 1, 1, 1, 1, 1, 1, 1, 1, 1, 1, 1, 1, 1, 1, 1, 1, 1, 1, 1, 1, 1, 1, 1, 1, 1, 1, 1, 1, 1, 1, 1, 1, 1, 1, 1, 1, 1, 1, 1, 1, 1, 1, 1], "pos_id": 362, "neg_id": 356}
{"input_ids": [128000, 14924, 25, 78567, 1043, 11433, 5497, 389, 76908, 374, 11383, 3970, 304, 512, 3883, 25, 320, 32, 8, 1556, 82329, 665, 59822, 278, 54042, 320, 33, 8, 22855, 768, 55998, 320, 34, 8, 18679, 1777, 320, 35, 8, 6385, 20975, 92751, 665, 59822, 278, 20000, 198, 16533, 25, 320], "attention_mask": [1, 1, 1, 1, 1, 1, 1, 1, 1, 1, 1, 1, 1, 1, 1, 1, 1, 1, 1, 1, 1, 1, 1, 1, 1, 1, 1, 1, 1, 1, 1, 1, 1, 1, 1, 1, 1, 1, 1, 1, 1, 1, 1, 1, 1, 1, 1, 1, 1, 1], "safe_input_ids": [128000, 14924, 25, 78567, 1043, 11433, 5497, 389, 76908, 374, 11383, 3970, 304, 512, 3883, 25, 320, 32, 8, 1556, 82329, 665, 59822, 278, 54042, 320, 33, 8, 22855, 768, 55998, 320, 34, 8, 18679, 1777, 320, 35, 8, 6385, 20975, 92751, 665, 59822, 278, 20000, 198, 16533, 25, 320], "safe_attention_mask": [1, 1, 1, 1, 1, 1, 1, 1, 1, 1, 1, 1, 1, 1, 1, 1, 1, 1, 1, 1, 1, 1, 1, 1, 1, 1, 1, 1, 1, 1, 1, 1, 1, 1, 1, 1, 1, 1, 1, 1, 1, 1, 1, 1, 1, 1, 1, 1, 1, 1], "pos_id": 362, "neg_id": 356}
{"input_ids": [128000, 14924, 25, 2057, 2733, 470, 831, 481, 323, 7155, 304, 264, 8803, 279, 390, 81, 2921, 291, 7524, 9499, 320, 304, 8547, 435, 9329, 23190, 8, 1288, 387, 18722, 3883, 25, 320, 32, 8, 9865, 49588, 220, 3076, 320, 33, 8, 28232, 220, 3076, 323, 220, 4767, 320, 34, 8, 28232, 220, 2813, 323, 220, 1490, 320, 35, 8, 28232, 220, 5932, 323, 220, 6086, 198, 16533, 25, 320], "attention_mask": [1, 1, 1, 1, 1, 1, 1, 1, 1, 1, 1, 1, 1, 1, 1, 1, 1, 1, 1, 1, 1, 1, 1, 1, 1, 1, 1, 1, 1, 1, 1, 1, 1, 1, 1, 1, 1, 1, 1, 1, 1, 1, 1, 1, 1, 1, 1, 1, 1, 1, 1, 1, 1, 1, 1, 1, 1, 1, 1, 1, 1, 1, 1, 1, 1, 1, 1, 1, 1, 1], "safe_input_ids": [128000, 14924, 25, 2057, 2733, 470, 831, 481, 323, 7155, 304, 264, 8803, 279, 390, 81, 2921, 291, 7524, 9499, 320, 304, 8547, 435, 9329, 23190, 8, 1288, 387, 18722, 3883, 25, 320, 32, 8, 9865, 49588, 220, 3076, 320, 33, 8, 28232, 220, 3076, 323, 220, 4767, 320, 34, 8, 28232, 220, 2813, 323, 220, 1490, 320, 35, 8, 28232, 220, 5932, 323, 220, 6086, 198, 16533, 25, 320], "safe_attention_mask": [1, 1, 1, 1, 1, 1, 1, 1, 1, 1, 1, 1, 1, 1, 1, 1, 1, 1, 1, 1, 1, 1, 1, 1, 1, 1, 1, 1, 1, 1, 1, 1, 1, 1, 1, 1, 1, 1, 1, 1, 1, 1, 1, 1, 1, 1, 1, 1, 1, 1, 1, 1, 1, 1, 1, 1, 1, 1, 1, 1, 1, 1, 1, 1, 1, 1, 1, 1, 1, 1], "pos_id": 426, "neg_id": 362}
{"input_ids": [128000, 14924, 25, 3475, 1511, 369, 8331, 58333, 48294, 22654, 374, 7058, 3883, 25, 320, 32, 8, 19932, 320, 33, 8, 362, 2898, 51, 320, 34, 8, 423, 294, 3212, 320, 35, 8, 435, 10510, 198, 16533, 25, 320], "attention_mask": [1, 1, 1, 1, 1, 1, 1, 1, 1, 1, 1, 1, 1, 1, 1, 1, 1, 1, 1, 1, 1, 1, 1, 1, 1, 1, 1, 1, 1, 1, 1, 1, 1, 1, 1, 1, 1, 1, 1], "safe_input_ids": [128000, 14924, 25, 3475, 1511, 369, 8331, 58333, 48294, 22654, 374, 7058, 3883, 25, 320, 32, 8, 19932, 320, 33, 8, 362, 2898, 51, 320, 34, 8, 423, 294, 3212, 320, 35, 8, 435, 10510, 198, 16533, 25, 320], "safe_attention_mask": [1, 1, 1, 1, 1, 1, 1, 1, 1, 1, 1, 1, 1, 1, 1, 1, 1, 1, 1, 1, 1, 1, 1, 1, 1, 1, 1, 1, 1, 1, 1, 1, 1, 1, 1, 1, 1, 1, 1], "pos_id": 426, "neg_id": 362}
{"input_ids": [128000, 14924, 25, 362, 220, 777, 1060, 2362, 8954, 18911, 449, 6784, 304, 279, 13272, 369, 220, 20, 2919, 13, 3005, 374, 539, 3025, 311, 10051, 18623, 369, 1077, 2683, 1606, 315, 13272, 6784, 13, 473, 17991, 36709, 323, 98522, 867, 88, 369, 220, 605, 2919, 13, 3005, 1047, 20236, 1093, 13803, 220, 508, 2919, 4227, 902, 20250, 88558, 13, 30167, 220, 5120, 14, 1490, 9653, 39, 70, 11, 50349, 220, 2166, 45273, 13, 9634, 1864, 1385, 527, 9439, 323, 9235, 13, 44055, 374, 1633, 28682, 13, 469, 8974, 4725, 13, 350, 8758, 374, 32389, 13, 469, 14899, 220, 966, 9653, 76001, 13, 9479, 8475, 3094, 198, 3883, 25, 320, 32, 8, 2468, 897, 483, 26127, 320, 33, 8, 2009, 3415, 27520, 55889, 483, 8735, 320, 34, 8, 1666, 5682, 258, 320, 35, 8, 40733, 80087, 483, 23730, 304, 3691, 198, 16533, 25, 320], "attention_mask": [1, 1, 1, 1, 1, 1, 1, 1, 1, 1, 1, 1, 1, 1, 1, 1, 1, 1, 1, 1, 1, 1, 1, 1, 1, 1, 1, 1, 1, 1, 1, 1, 1, 1, 1, 1, 1, 1, 1, 1, 1, 1, 1, 1, 1, 1, 1, 1, 1, 1, 1, 1, 1, 1, 1, 1, 1, 1, 1, 1, 1, 1, 1, 1, 1, 1, 1, 1, 1, 1, 1, 1, 1, 1, 1, 1, 1, 1, 1, 1, 1, 1, 1, 1, 1, 1, 1, 1, 1, 1, 1, 1, 1, 1, 1, 1, 1, 1, 1, 1, 1, 1, 1, 1, 1, 1, 1, 1, 1, 1, 1, 1, 1, 1, 1, 1, 1, 1, 1, 1, 1, 1, 1, 1, 1, 1, 1, 1, 1, 1, 1, 1, 1, 1, 1, 1, 1, 1, 1, 1, 1, 1, 1, 1], "safe_input_ids": [128000, 14924, 25, 362, 220, 777, 1060, 2362, 8954, 18911, 449, 6784, 304, 279, 13272, 369, 220, 20, 2919, 13, 3005, 374, 539, 3025, 311, 10051, 18623, 369, 1077, 2683, 1606, 315, 13272, 6784, 13, 473, 17991, 36709, 323, 98522, 867, 88, 369, 220, 605, 2919, 13, 3005, 1047, 20236, 1093, 13803, 220, 508, 2919, 4227, 902, 20250, 88558, 13, 30167, 220, 5120, 14, 1490, 9653, 39, 70, 11, 50349, 220, 2166, 45273, 13, 9634, 1864, 1385, 527, 9439, 323, 9235, 13, 44055, 374, 1633, 28682, 13, 469, 8974, 4725, 13, 350, 8758, 374, 32389, 13, 469, 14899, 220, 966, 9653, 76001, 13, 9479, 8475, 3094, 198, 3883, 25, 320, 32, 8, 2468, 897, 483, 26127, 320, 33, 8, 2009, 3415, 27520, 55889, 483, 8735, 320, 34, 8, 1666, 5682, 258, 320, 35, 8, 40733, 80087, 483, 23730, 304, 3691, 198, 16533, 25, 320], "safe_attention_mask": [1, 1, 1, 1, 1, 1, 1, 1, 1, 1, 1, 1, 1, 1, 1, 1, 1, 1, 1, 1, 1, 1, 1, 1, 1, 1, 1, 1, 1, 1, 1, 1, 1, 1, 1, 1, 1, 1, 1, 1, 1, 1, 1, 1, 1, 1, 1, 1, 1, 1, 1, 1, 1, 1, 1, 1, 1, 1, 1, 1, 1, 1, 1, 1, 1, 1, 1, 1, 1, 1, 1, 1, 1, 1, 1, 1, 1, 1, 1, 1, 1, 1, 1, 1, 1, 1, 1, 1, 1, 1, 1, 1, 1, 1, 1, 1, 1, 1, 1, 1, 1, 1, 1, 1, 1, 1, 1, 1, 1, 1, 1, 1, 1, 1, 1, 1, 1, 1, 1, 1, 1, 1, 1, 1, 1, 1, 1, 1, 1, 1, 1, 1, 1, 1, 1, 1, 1, 1, 1, 1, 1, 1, 1, 1], "pos_id": 356, "neg_id": 362}
{"input_ids": [128000, 14924, 25, 11452, 1815, 11, 1469, 19682, 323, 39436, 1113, 2237, 315, 25917, 31965, 5672, 1306, 2010, 11134, 13533, 280, 3883, 25, 320, 32, 8, 73782, 1207, 67, 3545, 6520, 43698, 7942, 13, 320, 33, 8, 40870, 483, 71417, 425, 320, 34, 8, 82117, 60745, 13, 320, 35, 8, 4241, 14715, 35113, 59904, 627, 16533, 25, 320], "attention_mask": [1, 1, 1, 1, 1, 1, 1, 1, 1, 1, 1, 1, 1, 1, 1, 1, 1, 1, 1, 1, 1, 1, 1, 1, 1, 1, 1, 1, 1, 1, 1, 1, 1, 1, 1, 1, 1, 1, 1, 1, 1, 1, 1, 1, 1, 1, 1, 1, 1, 1, 1, 1, 1, 1, 1, 1, 1, 1], "safe_input_ids": [128000, 14924, 25, 11452, 1815, 11, 1469, 19682, 323, 39436, 1113, 2237, 315, 25917, 31965, 5672, 1306, 2010, 11134, 13533, 280, 3883, 25, 320, 32, 8, 73782, 1207, 67, 3545, 6520, 43698, 7942, 13, 320, 33, 8, 40870, 483, 71417, 425, 320, 34, 8, 82117, 60745, 13, 320, 35, 8, 4241, 14715, 35113, 59904, 627, 16533, 25, 320], "safe_attention_mask": [1, 1, 1, 1, 1, 1, 1, 1, 1, 1, 1, 1, 1, 1, 1, 1, 1, 1, 1, 1, 1, 1, 1, 1, 1, 1, 1, 1, 1, 1, 1, 1, 1, 1, 1, 1, 1, 1, 1, 1, 1, 1, 1, 1, 1, 1, 1, 1, 1, 1, 1, 1, 1, 1, 1, 1, 1, 1], "pos_id": 362, "neg_id": 356}
{"input_ids": [128000, 14924, 25, 362, 220, 1544, 4771, 8954, 12512, 1579, 34460, 50157, 323, 29759, 47588, 11134, 520, 39448, 13, 16299, 29413, 2908, 374, 1455, 4461, 311, 387, 15902, 304, 279, 2728, 1162, 5380, 3883, 25, 320, 32, 8, 362, 320, 33, 8, 426, 320, 34, 8, 356, 320, 35, 8, 423, 198, 16533, 25, 320], "attention_mask": [1, 1, 1, 1, 1, 1, 1, 1, 1, 1, 1, 1, 1, 1, 1, 1, 1, 1, 1, 1, 1, 1, 1, 1, 1, 1, 1, 1, 1, 1, 1, 1, 1, 1, 1, 1, 1, 1, 1, 1, 1, 1, 1, 1, 1, 1, 1, 1, 1, 1, 1, 1, 1, 1, 1], "safe_input_ids": [128000, 14924, 25, 362, 220, 1544, 4771, 8954, 12512, 1579, 34460, 50157, 323, 29759, 47588, 11134, 520, 39448, 13, 16299, 29413, 2908, 374, 1455, 4461, 311, 387, 15902, 304, 279, 2728, 1162, 5380, 3883, 25, 320, 32, 8, 362, 320, 33, 8, 426, 320, 34, 8, 356, 320, 35, 8, 423, 198, 16533, 25, 320], "safe_attention_mask": [1, 1, 1, 1, 1, 1, 1, 1, 1, 1, 1, 1, 1, 1, 1, 1, 1, 1, 1, 1, 1, 1, 1, 1, 1, 1, 1, 1, 1, 1, 1, 1, 1, 1, 1, 1, 1, 1, 1, 1, 1, 1, 1, 1, 1, 1, 1, 1, 1, 1, 1, 1, 1, 1, 1], "pos_id": 362, "neg_id": 426}
{"input_ids": [128000, 14924, 25, 1666, 30559, 99305, 13272, 33766, 320, 835, 27416, 8, 61370, 520, 33771, 198, 3883, 25, 320, 32, 8, 220, 21, 4038, 320, 33, 8, 220, 20, 4038, 320, 34, 8, 220, 24, 4038, 320, 35, 8, 220, 23, 4038, 198, 16533, 25, 320], "attention_mask": [1, 1, 1, 1, 1, 1, 1, 1, 1, 1, 1, 1, 1, 1, 1, 1, 1, 1, 1, 1, 1, 1, 1, 1, 1, 1, 1, 1, 1, 1, 1, 1, 1, 1, 1, 1, 1, 1, 1, 1, 1, 1, 1, 1, 1, 1], "safe_input_ids": [128000, 14924, 25, 1666, 30559, 99305, 13272, 33766, 320, 835, 27416, 8, 61370, 520, 33771, 198, 3883, 25, 320, 32, 8, 220, 21, 4038, 320, 33, 8, 220, 20, 4038, 320, 34, 8, 220, 24, 4038, 320, 35, 8, 220, 23, 4038, 198, 16533, 25, 320], "safe_attention_mask": [1, 1, 1, 1, 1, 1, 1, 1, 1, 1, 1, 1, 1, 1, 1, 1, 1, 1, 1, 1, 1, 1, 1, 1, 1, 1, 1, 1, 1, 1, 1, 1, 1, 1, 1, 1, 1, 1, 1, 1, 1, 1, 1, 1, 1, 1], "pos_id": 362, "neg_id": 426}
{"input_ids": [128000, 14924, 25, 99278, 2908, 2024, 288, 374, 264, 1323, 52985, 315, 18072, 3883, 25, 320, 32, 8, 423, 670, 355, 34548, 3614, 355, 320, 33, 8, 67059, 321, 950, 264, 727, 320, 34, 8, 67059, 321, 950, 54344, 320, 35, 8, 423, 670, 355, 11457, 437, 355, 198, 16533, 25, 320], "attention_mask": [1, 1, 1, 1, 1, 1, 1, 1, 1, 1, 1, 1, 1, 1, 1, 1, 1, 1, 1, 1, 1, 1, 1, 1, 1, 1, 1, 1, 1, 1, 1, 1, 1, 1, 1, 1, 1, 1, 1, 1, 1, 1, 1, 1, 1, 1, 1, 1, 1, 1, 1, 1], "safe_input_ids": [128000, 14924, 25, 99278, 2908, 2024, 288, 374, 264, 1323, 52985, 315, 18072, 3883, 25, 320, 32, 8, 423, 670, 355, 34548, 3614, 355, 320, 33, 8, 67059, 321, 950, 264, 727, 320, 34, 8, 67059, 321, 950, 54344, 320, 35, 8, 423, 670, 355, 11457, 437, 355, 198, 16533, 25, 320], "safe_attention_mask": [1, 1, 1, 1, 1, 1, 1, 1, 1, 1, 1, 1, 1, 1, 1, 1, 1, 1, 1, 1, 1, 1, 1, 1, 1, 1, 1, 1, 1, 1, 1, 1, 1, 1, 1, 1, 1, 1, 1, 1, 1, 1, 1, 1, 1, 1, 1, 1, 1, 1, 1, 1], "pos_id": 356, "neg_id": 362}
{"input_ids": [128000, 14924, 25, 64040, 34030, 9036, 72, 29059, 4849, 706, 2673, 2753, 1243, 198, 3883, 25, 320, 32, 8, 220, 6860, 10166, 320, 33, 8, 220, 9591, 10166, 320, 34, 8, 220, 3965, 10166, 320, 35, 8, 220, 8878, 10166, 198, 16533, 25, 320], "attention_mask": [1, 1, 1, 1, 1, 1, 1, 1, 1, 1, 1, 1, 1, 1, 1, 1, 1, 1, 1, 1, 1, 1, 1, 1, 1, 1, 1, 1, 1, 1, 1, 1, 1, 1, 1, 1, 1, 1, 1, 1, 1, 1, 1, 1], "safe_input_ids": [128000, 14924, 25, 64040, 34030, 9036, 72, 29059, 4849, 706, 2673, 2753, 1243, 198, 3883, 25, 320, 32, 8, 220, 6860, 10166, 320, 33, 8, 220, 9591, 10166, 320, 34, 8, 220, 3965, 10166, 320, 35, 8, 220, 8878, 10166, 198, 16533, 25, 320], "safe_attention_mask": [1, 1, 1, 1, 1, 1, 1, 1, 1, 1, 1, 1, 1, 1, 1, 1, 1, 1, 1, 1, 1, 1, 1, 1, 1, 1, 1, 1, 1, 1, 1, 1, 1, 1, 1, 1, 1, 1, 1, 1, 1, 1, 1, 1], "pos_id": 362, "neg_id": 423}
{"input_ids": [128000, 14924, 25, 16299, 315, 279, 2768, 374, 279, 1455, 3230, 323, 16614, 23061, 1296, 369, 32652, 50804, 45990, 2711, 5380, 3883, 25, 320, 32, 8, 23096, 1182, 320, 33, 8, 19084, 7568, 72, 5814, 320, 34, 8, 356, 16791, 31660, 24872, 9038, 290, 22935, 69044, 8737, 320, 35, 8, 97674, 13206, 63859, 315, 63915, 264, 4804, 198, 16533, 25, 320], "attention_mask": [1, 1, 1, 1, 1, 1, 1, 1, 1, 1, 1, 1, 1, 1, 1, 1, 1, 1, 1, 1, 1, 1, 1, 1, 1, 1, 1, 1, 1, 1, 1, 1, 1, 1, 1, 1, 1, 1, 1, 1, 1, 1, 1, 1, 1, 1, 1, 1, 1, 1, 1, 1, 1, 1, 1, 1, 1, 1, 1, 1, 1], "safe_input_ids": [128000, 14924, 25, 16299, 315, 279, 2768, 374, 279, 1455, 3230, 323, 16614, 23061, 1296, 369, 32652, 50804, 45990, 2711, 5380, 3883, 25, 320, 32, 8, 23096, 1182, 320, 33, 8, 19084, 7568, 72, 5814, 320, 34, 8, 356, 16791, 31660, 24872, 9038, 290, 22935, 69044, 8737, 320, 35, 8, 97674, 13206, 63859, 315, 63915, 264, 4804, 198, 16533, 25, 320], "safe_attention_mask": [1, 1, 1, 1, 1, 1, 1, 1, 1, 1, 1, 1, 1, 1, 1, 1, 1, 1, 1, 1, 1, 1, 1, 1, 1, 1, 1, 1, 1, 1, 1, 1, 1, 1, 1, 1, 1, 1, 1, 1, 1, 1, 1, 1, 1, 1, 1, 1, 1, 1, 1, 1, 1, 1, 1, 1, 1, 1, 1, 1, 1], "pos_id": 426, "neg_id": 423}
{"input_ids": [128000, 14924, 25, 15766, 315, 19151, 514, 66, 411, 258, 304, 2047, 1073, 337, 55986, 374, 5380, 3883, 25, 320, 32, 8, 49918, 439, 991, 14630, 7922, 8479, 320, 33, 8, 49918, 439, 1685, 54268, 320, 34, 8, 49918, 439, 19115, 7458, 320, 35, 8, 49918, 439, 21196, 71034, 198, 16533, 25, 320], "attention_mask": [1, 1, 1, 1, 1, 1, 1, 1, 1, 1, 1, 1, 1, 1, 1, 1, 1, 1, 1, 1, 1, 1, 1, 1, 1, 1, 1, 1, 1, 1, 1, 1, 1, 1, 1, 1, 1, 1, 1, 1, 1, 1, 1, 1, 1, 1, 1, 1, 1, 1, 1, 1, 1], "safe_input_ids": [128000, 14924, 25, 15766, 315, 19151, 514, 66, 411, 258, 304, 2047, 1073, 337, 55986, 374, 5380, 3883, 25, 320, 32, 8, 49918, 439, 991, 14630, 7922, 8479, 320, 33, 8, 49918, 439, 1685, 54268, 320, 34, 8, 49918, 439, 19115, 7458, 320, 35, 8, 49918, 439, 21196, 71034, 198, 16533, 25, 320], "safe_attention_mask": [1, 1, 1, 1, 1, 1, 1, 1, 1, 1, 1, 1, 1, 1, 1, 1, 1, 1, 1, 1, 1, 1, 1, 1, 1, 1, 1, 1, 1, 1, 1, 1, 1, 1, 1, 1, 1, 1, 1, 1, 1, 1, 1, 1, 1, 1, 1, 1, 1, 1, 1, 1, 1], "pos_id": 362, "neg_id": 356}
{"input_ids": [128000, 14924, 25, 362, 220, 5495, 1060, 2362, 893, 18911, 449, 264, 2463, 329, 315, 6590, 2259, 11, 6925, 2474, 323, 44385, 535, 568, 64, 8060, 13, 16299, 315, 279, 2768, 1062, 85, 1299, 568, 64, 93217, 649, 387, 24740, 7058, 3883, 25, 320, 32, 8, 459, 376, 278, 357, 268, 10934, 320, 33, 8, 1183, 59344, 10629, 1239, 5673, 7709, 320, 34, 8, 50464, 292, 357, 268, 10934, 320, 35, 8, 50464, 292, 1239, 5673, 7709, 198, 16533, 25, 320], "attention_mask": [1, 1, 1, 1, 1, 1, 1, 1, 1, 1, 1, 1, 1, 1, 1, 1, 1, 1, 1, 1, 1, 1, 1, 1, 1, 1, 1, 1, 1, 1, 1, 1, 1, 1, 1, 1, 1, 1, 1, 1, 1, 1, 1, 1, 1, 1, 1, 1, 1, 1, 1, 1, 1, 1, 1, 1, 1, 1, 1, 1, 1, 1, 1, 1, 1, 1, 1, 1, 1, 1, 1, 1, 1, 1, 1, 1, 1, 1, 1, 1, 1], "safe_input_ids": [128000, 14924, 25, 362, 220, 5495, 1060, 2362, 893, 18911, 449, 264, 2463, 329, 315, 6590, 2259, 11, 6925, 2474, 323, 44385, 535, 568, 64, 8060, 13, 16299, 315, 279, 2768, 1062, 85, 1299, 568, 64, 93217, 649, 387, 24740, 7058, 3883, 25, 320, 32, 8, 459, 376, 278, 357, 268, 10934, 320, 33, 8, 1183, 59344, 10629, 1239, 5673, 7709, 320, 34, 8, 50464, 292, 357, 268, 10934, 320, 35, 8, 50464, 292, 1239, 5673, 7709, 198, 16533, 25, 320], "safe_attention_mask": [1, 1, 1, 1, 1, 1, 1, 1, 1, 1, 1, 1, 1, 1, 1, 1, 1, 1, 1, 1, 1, 1, 1, 1, 1, 1, 1, 1, 1, 1, 1, 1, 1, 1, 1, 1, 1, 1, 1, 1, 1, 1, 1, 1, 1, 1, 1, 1, 1, 1, 1, 1, 1, 1, 1, 1, 1, 1, 1, 1, 1, 1, 1, 1, 1, 1, 1, 1, 1, 1, 1, 1, 1, 1, 1, 1, 1, 1, 1, 1, 1], "pos_id": 356, "neg_id": 362}
{"input_ids": [128000, 14924, 25, 3331, 4147, 12314, 6147, 315, 83619, 323, 18974, 788, 25896, 374, 3970, 304, 198, 3883, 25, 320, 32, 8, 507, 5455, 454, 35566, 285, 320, 33, 8, 43455, 1441, 8624, 320, 34, 8, 507, 5455, 52379, 69063, 64, 320, 35, 8, 83488, 458, 17508, 537, 10934, 198, 16533, 25, 320], "attention_mask": [1, 1, 1, 1, 1, 1, 1, 1, 1, 1, 1, 1, 1, 1, 1, 1, 1, 1, 1, 1, 1, 1, 1, 1, 1, 1, 1, 1, 1, 1, 1, 1, 1, 1, 1, 1, 1, 1, 1, 1, 1, 1, 1, 1, 1, 1, 1, 1, 1, 1, 1, 1, 1], "safe_input_ids": [128000, 14924, 25, 3331, 4147, 12314, 6147, 315, 83619, 323, 18974, 788, 25896, 374, 3970, 304, 198, 3883, 25, 320, 32, 8, 507, 5455, 454, 35566, 285, 320, 33, 8, 43455, 1441, 8624, 320, 34, 8, 507, 5455, 52379, 69063, 64, 320, 35, 8, 83488, 458, 17508, 537, 10934, 198, 16533, 25, 320], "safe_attention_mask": [1, 1, 1, 1, 1, 1, 1, 1, 1, 1, 1, 1, 1, 1, 1, 1, 1, 1, 1, 1, 1, 1, 1, 1, 1, 1, 1, 1, 1, 1, 1, 1, 1, 1, 1, 1, 1, 1, 1, 1, 1, 1, 1, 1, 1, 1, 1, 1, 1, 1, 1, 1, 1], "pos_id": 423, "neg_id": 362}
{"input_ids": [128000, 14924, 25, 1556, 38914, 1649, 10666, 449, 2579, 58919, 40335, 1306, 220, 17, 2919, 315, 3925, 315, 15748, 48293, 290, 13, 578, 1455, 35977, 5353, 374, 5380, 3883, 25, 320, 32, 8, 33924, 94855, 75884, 320, 33, 8, 473, 15295, 1814, 258, 75884, 320, 34, 8, 33924, 2693, 689, 320, 35, 8, 3092, 94855, 75884, 198, 16533, 25, 320], "attention_mask": [1, 1, 1, 1, 1, 1, 1, 1, 1, 1, 1, 1, 1, 1, 1, 1, 1, 1, 1, 1, 1, 1, 1, 1, 1, 1, 1, 1, 1, 1, 1, 1, 1, 1, 1, 1, 1, 1, 1, 1, 1, 1, 1, 1, 1, 1, 1, 1, 1, 1, 1, 1, 1, 1, 1, 1, 1, 1, 1, 1], "safe_input_ids": [128000, 14924, 25, 1556, 38914, 1649, 10666, 449, 2579, 58919, 40335, 1306, 220, 17, 2919, 315, 3925, 315, 15748, 48293, 290, 13, 578, 1455, 35977, 5353, 374, 5380, 3883, 25, 320, 32, 8, 33924, 94855, 75884, 320, 33, 8, 473, 15295, 1814, 258, 75884, 320, 34, 8, 33924, 2693, 689, 320, 35, 8, 3092, 94855, 75884, 198, 16533, 25, 320], "safe_attention_mask": [1, 1, 1, 1, 1, 1, 1, 1, 1, 1, 1, 1, 1, 1, 1, 1, 1, 1, 1, 1, 1, 1, 1, 1, 1, 1, 1, 1, 1, 1, 1, 1, 1, 1, 1, 1, 1, 1, 1, 1, 1, 1, 1, 1, 1, 1, 1, 1, 1, 1, 1, 1, 1, 1, 1, 1, 1, 1, 1, 1], "pos_id": 423, "neg_id": 362}
{"input_ids": [128000, 14924, 25, 5234, 905, 6928, 5157, 304, 264, 4029, 89522, 430, 8624, 706, 18722, 3883, 25, 320, 32, 8, 5234, 38009, 612, 12310, 39775, 320, 33, 8, 5234, 39775, 612, 12310, 38009, 320, 34, 8, 12310, 38009, 612, 12310, 39775, 320, 35, 8, 5234, 39775, 612, 5234, 38009, 198, 16533, 25, 320], "attention_mask": [1, 1, 1, 1, 1, 1, 1, 1, 1, 1, 1, 1, 1, 1, 1, 1, 1, 1, 1, 1, 1, 1, 1, 1, 1, 1, 1, 1, 1, 1, 1, 1, 1, 1, 1, 1, 1, 1, 1, 1, 1, 1, 1, 1, 1, 1, 1, 1, 1, 1, 1, 1, 1], "safe_input_ids": [128000, 14924, 25, 5234, 905, 6928, 5157, 304, 264, 4029, 89522, 430, 8624, 706, 18722, 3883, 25, 320, 32, 8, 5234, 38009, 612, 12310, 39775, 320, 33, 8, 5234, 39775, 612, 12310, 38009, 320, 34, 8, 12310, 38009, 612, 12310, 39775, 320, 35, 8, 5234, 39775, 612, 5234, 38009, 198, 16533, 25, 320], "safe_attention_mask": [1, 1, 1, 1, 1, 1, 1, 1, 1, 1, 1, 1, 1, 1, 1, 1, 1, 1, 1, 1, 1, 1, 1, 1, 1, 1, 1, 1, 1, 1, 1, 1, 1, 1, 1, 1, 1, 1, 1, 1, 1, 1, 1, 1, 1, 1, 1, 1, 1, 1, 1, 1, 1], "pos_id": 426, "neg_id": 356}
{"input_ids": [128000, 14924, 25, 16299, 315, 279, 2768, 374, 6004, 505, 45455, 17243, 355, 5380, 3883, 25, 320, 32, 8, 34543, 59866, 320, 33, 8, 36775, 61023, 28965, 36908, 320, 34, 8, 4275, 4176, 47309, 320, 35, 8, 24855, 265, 3817, 198, 16533, 25, 320], "attention_mask": [1, 1, 1, 1, 1, 1, 1, 1, 1, 1, 1, 1, 1, 1, 1, 1, 1, 1, 1, 1, 1, 1, 1, 1, 1, 1, 1, 1, 1, 1, 1, 1, 1, 1, 1, 1, 1, 1, 1, 1, 1, 1, 1, 1], "safe_input_ids": [128000, 14924, 25, 16299, 315, 279, 2768, 374, 6004, 505, 45455, 17243, 355, 5380, 3883, 25, 320, 32, 8, 34543, 59866, 320, 33, 8, 36775, 61023, 28965, 36908, 320, 34, 8, 4275, 4176, 47309, 320, 35, 8, 24855, 265, 3817, 198, 16533, 25, 320], "safe_attention_mask": [1, 1, 1, 1, 1, 1, 1, 1, 1, 1, 1, 1, 1, 1, 1, 1, 1, 1, 1, 1, 1, 1, 1, 1, 1, 1, 1, 1, 1, 1, 1, 1, 1, 1, 1, 1, 1, 1, 1, 1, 1, 1, 1, 1], "pos_id": 426, "neg_id": 356}
{"input_ids": [128000, 14924, 25, 56988, 581, 8938, 24540, 22077, 94493, 3344, 10234, 555, 512, 3883, 25, 320, 32, 8, 20151, 641, 360, 263, 347, 1299, 445, 15784, 320, 33, 8, 650, 18558, 13651, 315, 41785, 511, 486, 9978, 220, 16, 4543, 320, 34, 8, 4275, 511, 486, 17696, 372, 320, 35, 8, 4366, 402, 18558, 5654, 315, 41785, 511, 486, 17696, 372, 198, 16533, 25, 320], "attention_mask": [1, 1, 1, 1, 1, 1, 1, 1, 1, 1, 1, 1, 1, 1, 1, 1, 1, 1, 1, 1, 1, 1, 1, 1, 1, 1, 1, 1, 1, 1, 1, 1, 1, 1, 1, 1, 1, 1, 1, 1, 1, 1, 1, 1, 1, 1, 1, 1, 1, 1, 1, 1, 1, 1, 1, 1, 1, 1, 1, 1, 1, 1, 1, 1, 1], "safe_input_ids": [128000, 14924, 25, 56988, 581, 8938, 24540, 22077, 94493, 3344, 10234, 555, 512, 3883, 25, 320, 32, 8, 20151, 641, 360, 263, 347, 1299, 445, 15784, 320, 33, 8, 650, 18558, 13651, 315, 41785, 511, 486, 9978, 220, 16, 4543, 320, 34, 8, 4275, 511, 486, 17696, 372, 320, 35, 8, 4366, 402, 18558, 5654, 315, 41785, 511, 486, 17696, 372, 198, 16533, 25, 320], "safe_attention_mask": [1, 1, 1, 1, 1, 1, 1, 1, 1, 1, 1, 1, 1, 1, 1, 1, 1, 1, 1, 1, 1, 1, 1, 1, 1, 1, 1, 1, 1, 1, 1, 1, 1, 1, 1, 1, 1, 1, 1, 1, 1, 1, 1, 1, 1, 1, 1, 1, 1, 1, 1, 1, 1, 1, 1, 1, 1, 1, 1, 1, 1, 1, 1, 1, 1], "pos_id": 362, "neg_id": 356}
{"input_ids": [128000, 14924, 25, 16299, 5224, 1888, 16964, 279, 70637, 532, 26495, 64, 5380, 3883, 25, 320, 32, 8, 578, 6278, 70637, 532, 26495, 64, 5727, 279, 28658, 1347, 7398, 12235, 13, 320, 33, 8, 578, 37229, 70637, 532, 26495, 64, 5727, 279, 20428, 3159, 661, 67169, 13, 320, 34, 8, 578, 6278, 70637, 532, 26495, 64, 374, 9943, 3093, 555, 279, 274, 15112, 590, 323, 37015, 25896, 13, 320, 35, 8, 578, 5419, 45166, 757, 1015, 15812, 304, 279, 6278, 70637, 532, 26495, 64, 627, 16533, 25, 320], "attention_mask": [1, 1, 1, 1, 1, 1, 1, 1, 1, 1, 1, 1, 1, 1, 1, 1, 1, 1, 1, 1, 1, 1, 1, 1, 1, 1, 1, 1, 1, 1, 1, 1, 1, 1, 1, 1, 1, 1, 1, 1, 1, 1, 1, 1, 1, 1, 1, 1, 1, 1, 1, 1, 1, 1, 1, 1, 1, 1, 1, 1, 1, 1, 1, 1, 1, 1, 1, 1, 1, 1, 1, 1, 1, 1, 1, 1, 1, 1, 1, 1, 1, 1, 1, 1, 1, 1, 1, 1], "safe_input_ids": [128000, 14924, 25, 16299, 5224, 1888, 16964, 279, 70637, 532, 26495, 64, 5380, 3883, 25, 320, 32, 8, 578, 6278, 70637, 532, 26495, 64, 5727, 279, 28658, 1347, 7398, 12235, 13, 320, 33, 8, 578, 37229, 70637, 532, 26495, 64, 5727, 279, 20428, 3159, 661, 67169, 13, 320, 34, 8, 578, 6278, 70637, 532, 26495, 64, 374, 9943, 3093, 555, 279, 274, 15112, 590, 323, 37015, 25896, 13, 320, 35, 8, 578, 5419, 45166, 757, 1015, 15812, 304, 279, 6278, 70637, 532, 26495, 64, 627, 16533, 25, 320], "safe_attention_mask": [1, 1, 1, 1, 1, 1, 1, 1, 1, 1, 1, 1, 1, 1, 1, 1, 1, 1, 1, 1, 1, 1, 1, 1, 1, 1, 1, 1, 1, 1, 1, 1, 1, 1, 1, 1, 1, 1, 1, 1, 1, 1, 1, 1, 1, 1, 1, 1, 1, 1, 1, 1, 1, 1, 1, 1, 1, 1, 1, 1, 1, 1, 1, 1, 1, 1, 1, 1, 1, 1, 1, 1, 1, 1, 1, 1, 1, 1, 1, 1, 1, 1, 1, 1, 1, 1, 1, 1], "pos_id": 356, "neg_id": 423}
{"input_ids": [128000, 14924, 25, 16299, 315, 279, 2768, 28170, 57924, 63900, 44225, 315, 35719, 5380, 3883, 25, 320, 32, 8, 45774, 423, 320, 33, 8, 45774, 735, 320, 34, 8, 45774, 426, 16, 320, 35, 8, 45774, 426, 17, 198, 16533, 25, 320], "attention_mask": [1, 1, 1, 1, 1, 1, 1, 1, 1, 1, 1, 1, 1, 1, 1, 1, 1, 1, 1, 1, 1, 1, 1, 1, 1, 1, 1, 1, 1, 1, 1, 1, 1, 1, 1, 1, 1, 1, 1, 1, 1, 1], "safe_input_ids": [128000, 14924, 25, 16299, 315, 279, 2768, 28170, 57924, 63900, 44225, 315, 35719, 5380, 3883, 25, 320, 32, 8, 45774, 423, 320, 33, 8, 45774, 735, 320, 34, 8, 45774, 426, 16, 320, 35, 8, 45774, 426, 17, 198, 16533, 25, 320], "safe_attention_mask": [1, 1, 1, 1, 1, 1, 1, 1, 1, 1, 1, 1, 1, 1, 1, 1, 1, 1, 1, 1, 1, 1, 1, 1, 1, 1, 1, 1, 1, 1, 1, 1, 1, 1, 1, 1, 1, 1, 1, 1, 1, 1], "pos_id": 362, "neg_id": 426}
{"input_ids": [128000, 14924, 25, 16299, 315, 1521, 374, 279, 1455, 3242, 78, 519, 28137, 369, 4610, 395, 70991, 21631, 501, 15329, 2884, 369, 264, 293, 51456, 6426, 85656, 5380, 3883, 25, 320, 32, 8, 763, 1897, 1429, 320, 33, 8, 11258, 54308, 351, 689, 320, 34, 8, 1050, 43054, 4216, 20209, 18151, 320, 35, 8, 26475, 58159, 520, 417, 689, 198, 16533, 25, 320], "attention_mask": [1, 1, 1, 1, 1, 1, 1, 1, 1, 1, 1, 1, 1, 1, 1, 1, 1, 1, 1, 1, 1, 1, 1, 1, 1, 1, 1, 1, 1, 1, 1, 1, 1, 1, 1, 1, 1, 1, 1, 1, 1, 1, 1, 1, 1, 1, 1, 1, 1, 1, 1, 1, 1, 1, 1, 1, 1, 1, 1, 1, 1, 1, 1], "safe_input_ids": [128000, 14924, 25, 16299, 315, 1521, 374, 279, 1455, 3242, 78, 519, 28137, 369, 4610, 395, 70991, 21631, 501, 15329, 2884, 369, 264, 293, 51456, 6426, 85656, 5380, 3883, 25, 320, 32, 8, 763, 1897, 1429, 320, 33, 8, 11258, 54308, 351, 689, 320, 34, 8, 1050, 43054, 4216, 20209, 18151, 320, 35, 8, 26475, 58159, 520, 417, 689, 198, 16533, 25, 320], "safe_attention_mask": [1, 1, 1, 1, 1, 1, 1, 1, 1, 1, 1, 1, 1, 1, 1, 1, 1, 1, 1, 1, 1, 1, 1, 1, 1, 1, 1, 1, 1, 1, 1, 1, 1, 1, 1, 1, 1, 1, 1, 1, 1, 1, 1, 1, 1, 1, 1, 1, 1, 1, 1, 1, 1, 1, 1, 1, 1, 1, 1, 1, 1, 1, 1], "pos_id": 356, "neg_id": 362}
{"input_ids": [128000, 14924, 25, 362, 220, 17, 4771, 6418, 1716, 1047, 44154, 389, 98035, 14895, 11, 2225, 14535, 11, 3663, 11, 13272, 323, 7936, 32875, 315, 7013, 13, 10884, 7479, 3158, 50440, 25, 622, 3378, 45368, 220, 975, 198, 3883, 25, 320, 32, 8, 220, 1544, 4, 320, 33, 8, 220, 1806, 4, 320, 34, 8, 220, 1774, 4, 320, 35, 8, 220, 2131, 14062, 16533, 25, 320], "attention_mask": [1, 1, 1, 1, 1, 1, 1, 1, 1, 1, 1, 1, 1, 1, 1, 1, 1, 1, 1, 1, 1, 1, 1, 1, 1, 1, 1, 1, 1, 1, 1, 1, 1, 1, 1, 1, 1, 1, 1, 1, 1, 1, 1, 1, 1, 1, 1, 1, 1, 1, 1, 1, 1, 1, 1, 1, 1, 1, 1, 1, 1, 1, 1, 1, 1, 1, 1], "safe_input_ids": [128000, 14924, 25, 362, 220, 17, 4771, 6418, 1716, 1047, 44154, 389, 98035, 14895, 11, 2225, 14535, 11, 3663, 11, 13272, 323, 7936, 32875, 315, 7013, 13, 10884, 7479, 3158, 50440, 25, 622, 3378, 45368, 220, 975, 198, 3883, 25, 320, 32, 8, 220, 1544, 4, 320, 33, 8, 220, 1806, 4, 320, 34, 8, 220, 1774, 4, 320, 35, 8, 220, 2131, 14062, 16533, 25, 320], "safe_attention_mask": [1, 1, 1, 1, 1, 1, 1, 1, 1, 1, 1, 1, 1, 1, 1, 1, 1, 1, 1, 1, 1, 1, 1, 1, 1, 1, 1, 1, 1, 1, 1, 1, 1, 1, 1, 1, 1, 1, 1, 1, 1, 1, 1, 1, 1, 1, 1, 1, 1, 1, 1, 1, 1, 1, 1, 1, 1, 1, 1, 1, 1, 1, 1, 1, 1, 1, 1], "pos_id": 426, "neg_id": 356}
{"input_ids": [128000, 14924, 25, 16299, 1296, 8779, 311, 54263, 1990, 390, 884, 52044, 8330, 396, 323, 1370, 5893, 29150, 8330, 396, 198, 3883, 25, 320, 32, 8, 18230, 482, 45063, 1296, 320, 33, 8, 75824, 57593, 478, 320, 34, 8, 7286, 3504, 1296, 320, 35, 8, 2290, 315, 279, 3485, 198, 16533, 25, 320], "attention_mask": [1, 1, 1, 1, 1, 1, 1, 1, 1, 1, 1, 1, 1, 1, 1, 1, 1, 1, 1, 1, 1, 1, 1, 1, 1, 1, 1, 1, 1, 1, 1, 1, 1, 1, 1, 1, 1, 1, 1, 1, 1, 1, 1, 1, 1, 1, 1, 1, 1, 1, 1, 1, 1], "safe_input_ids": [128000, 14924, 25, 16299, 1296, 8779, 311, 54263, 1990, 390, 884, 52044, 8330, 396, 323, 1370, 5893, 29150, 8330, 396, 198, 3883, 25, 320, 32, 8, 18230, 482, 45063, 1296, 320, 33, 8, 75824, 57593, 478, 320, 34, 8, 7286, 3504, 1296, 320, 35, 8, 2290, 315, 279, 3485, 198, 16533, 25, 320], "safe_attention_mask": [1, 1, 1, 1, 1, 1, 1, 1, 1, 1, 1, 1, 1, 1, 1, 1, 1, 1, 1, 1, 1, 1, 1, 1, 1, 1, 1, 1, 1, 1, 1, 1, 1, 1, 1, 1, 1, 1, 1, 1, 1, 1, 1, 1, 1, 1, 1, 1, 1, 1, 1, 1, 1], "pos_id": 426, "neg_id": 356}
{"input_ids": [128000, 14924, 25, 7252, 64842, 3836, 519, 315, 99740, 2473, 64172, 374, 7058, 3883, 25, 320, 32, 8, 39285, 12092, 17138, 320, 33, 8, 62010, 337, 320, 34, 8, 69883, 337, 320, 35, 8, 71596, 198, 16533, 25, 320], "attention_mask": [1, 1, 1, 1, 1, 1, 1, 1, 1, 1, 1, 1, 1, 1, 1, 1, 1, 1, 1, 1, 1, 1, 1, 1, 1, 1, 1, 1, 1, 1, 1, 1, 1, 1, 1, 1, 1, 1, 1], "safe_input_ids": [128000, 14924, 25, 7252, 64842, 3836, 519, 315, 99740, 2473, 64172, 374, 7058, 3883, 25, 320, 32, 8, 39285, 12092, 17138, 320, 33, 8, 62010, 337, 320, 34, 8, 69883, 337, 320, 35, 8, 71596, 198, 16533, 25, 320], "safe_attention_mask": [1, 1, 1, 1, 1, 1, 1, 1, 1, 1, 1, 1, 1, 1, 1, 1, 1, 1, 1, 1, 1, 1, 1, 1, 1, 1, 1, 1, 1, 1, 1, 1, 1, 1, 1, 1, 1, 1, 1], "pos_id": 426, "neg_id": 362}
{"input_ids": [128000, 14924, 25, 5348, 8071, 374, 264, 955, 315, 18722, 3883, 25, 320, 32, 8, 393, 1683, 408, 59681, 290, 320, 33, 8, 469, 302, 25847, 59681, 290, 320, 34, 8, 469, 302, 25847, 43100, 1082, 320, 35, 8, 2939, 2538, 59681, 290, 198, 16533, 25, 320], "attention_mask": [1, 1, 1, 1, 1, 1, 1, 1, 1, 1, 1, 1, 1, 1, 1, 1, 1, 1, 1, 1, 1, 1, 1, 1, 1, 1, 1, 1, 1, 1, 1, 1, 1, 1, 1, 1, 1, 1, 1, 1, 1, 1, 1, 1, 1, 1, 1], "safe_input_ids": [128000, 14924, 25, 5348, 8071, 374, 264, 955, 315, 18722, 3883, 25, 320, 32, 8, 393, 1683, 408, 59681, 290, 320, 33, 8, 469, 302, 25847, 59681, 290, 320, 34, 8, 469, 302, 25847, 43100, 1082, 320, 35, 8, 2939, 2538, 59681, 290, 198, 16533, 25, 320], "safe_attention_mask": [1, 1, 1, 1, 1, 1, 1, 1, 1, 1, 1, 1, 1, 1, 1, 1, 1, 1, 1, 1, 1, 1, 1, 1, 1, 1, 1, 1, 1, 1, 1, 1, 1, 1, 1, 1, 1, 1, 1, 1, 1, 1, 1, 1, 1, 1, 1], "pos_id": 356, "neg_id": 362}
{"input_ids": [128000, 14924, 25, 763, 264, 8893, 449, 264, 955, 315, 98304, 22709, 34215, 307, 336, 3557, 568, 10666, 449, 11091, 5730, 1630, 32329, 23063, 323, 568, 602, 300, 520, 7319, 5326, 315, 264, 91882, 91711, 323, 48365, 5450, 42239, 307, 5643, 1070, 574, 27255, 315, 2463, 2826, 12082, 68590, 3145, 323, 39086, 32264, 279, 3110, 43, 323, 523, 4010, 3151, 26692, 1051, 32389, 76241, 374, 279, 1853, 85404, 31226, 315, 279, 3044, 5380, 3883, 25, 320, 32, 8, 86543, 48294, 320, 33, 8, 650, 12615, 43, 927, 23452, 320, 34, 8, 5345, 78, 356, 12, 17, 48294, 320, 35, 8, 5345, 78, 469, 48294, 198, 16533, 25, 320], "attention_mask": [1, 1, 1, 1, 1, 1, 1, 1, 1, 1, 1, 1, 1, 1, 1, 1, 1, 1, 1, 1, 1, 1, 1, 1, 1, 1, 1, 1, 1, 1, 1, 1, 1, 1, 1, 1, 1, 1, 1, 1, 1, 1, 1, 1, 1, 1, 1, 1, 1, 1, 1, 1, 1, 1, 1, 1, 1, 1, 1, 1, 1, 1, 1, 1, 1, 1, 1, 1, 1, 1, 1, 1, 1, 1, 1, 1, 1, 1, 1, 1, 1, 1, 1, 1, 1, 1, 1, 1, 1, 1, 1, 1, 1, 1, 1, 1, 1, 1, 1, 1, 1, 1, 1, 1, 1, 1, 1, 1], "safe_input_ids": [128000, 14924, 25, 763, 264, 8893, 449, 264, 955, 315, 98304, 22709, 34215, 307, 336, 3557, 568, 10666, 449, 11091, 5730, 1630, 32329, 23063, 323, 568, 602, 300, 520, 7319, 5326, 315, 264, 91882, 91711, 323, 48365, 5450, 42239, 307, 5643, 1070, 574, 27255, 315, 2463, 2826, 12082, 68590, 3145, 323, 39086, 32264, 279, 3110, 43, 323, 523, 4010, 3151, 26692, 1051, 32389, 76241, 374, 279, 1853, 85404, 31226, 315, 279, 3044, 5380, 3883, 25, 320, 32, 8, 86543, 48294, 320, 33, 8, 650, 12615, 43, 927, 23452, 320, 34, 8, 5345, 78, 356, 12, 17, 48294, 320, 35, 8, 5345, 78, 469, 48294, 198, 16533, 25, 320], "safe_attention_mask": [1, 1, 1, 1, 1, 1, 1, 1, 1, 1, 1, 1, 1, 1, 1, 1, 1, 1, 1, 1, 1, 1, 1, 1, 1, 1, 1, 1, 1, 1, 1, 1, 1, 1, 1, 1, 1, 1, 1, 1, 1, 1, 1, 1, 1, 1, 1, 1, 1, 1, 1, 1, 1, 1, 1, 1, 1, 1, 1, 1, 1, 1, 1, 1, 1, 1, 1, 1, 1, 1, 1, 1, 1, 1, 1, 1, 1, 1, 1, 1, 1, 1, 1, 1, 1, 1, 1, 1, 1, 1, 1, 1, 1, 1, 1, 1, 1, 1, 1, 1, 1, 1, 1, 1, 1, 1, 1, 1], "pos_id": 423, "neg_id": 426}
{"input_ids": [128000, 14924, 25, 4060, 337, 32800, 780, 45339, 79750, 1139, 6394, 3883, 25, 320, 32, 8, 3804, 67, 4269, 3634, 320, 33, 8, 32036, 3634, 320, 34, 8, 3804, 277, 613, 77, 590, 3634, 320, 35, 8, 89279, 19990, 198, 16533, 25, 320], "attention_mask": [1, 1, 1, 1, 1, 1, 1, 1, 1, 1, 1, 1, 1, 1, 1, 1, 1, 1, 1, 1, 1, 1, 1, 1, 1, 1, 1, 1, 1, 1, 1, 1, 1, 1, 1, 1, 1, 1, 1, 1, 1, 1, 1], "safe_input_ids": [128000, 14924, 25, 4060, 337, 32800, 780, 45339, 79750, 1139, 6394, 3883, 25, 320, 32, 8, 3804, 67, 4269, 3634, 320, 33, 8, 32036, 3634, 320, 34, 8, 3804, 277, 613, 77, 590, 3634, 320, 35, 8, 89279, 19990, 198, 16533, 25, 320], "safe_attention_mask": [1, 1, 1, 1, 1, 1, 1, 1, 1, 1, 1, 1, 1, 1, 1, 1, 1, 1, 1, 1, 1, 1, 1, 1, 1, 1, 1, 1, 1, 1, 1, 1, 1, 1, 1, 1, 1, 1, 1, 1, 1, 1, 1], "pos_id": 362, "neg_id": 356}
{"input_ids": [128000, 14924, 25, 34067, 5938, 449, 1370, 85, 869, 17402, 426, 777, 19405, 304, 1884, 449, 1077, 95454, 274, 29182, 511, 16820, 10934, 7058, 3883, 25, 320, 32, 8, 61289, 311, 24070, 12786, 268, 638, 70, 5893, 320, 33, 8, 362, 501, 5174, 11501, 320, 34, 8, 25919, 33610, 320, 35, 8, 33924, 5849, 29150, 11501, 198, 16533, 25, 320], "attention_mask": [1, 1, 1, 1, 1, 1, 1, 1, 1, 1, 1, 1, 1, 1, 1, 1, 1, 1, 1, 1, 1, 1, 1, 1, 1, 1, 1, 1, 1, 1, 1, 1, 1, 1, 1, 1, 1, 1, 1, 1, 1, 1, 1, 1, 1, 1, 1, 1, 1, 1, 1, 1, 1, 1, 1, 1, 1, 1, 1, 1], "safe_input_ids": [128000, 14924, 25, 34067, 5938, 449, 1370, 85, 869, 17402, 426, 777, 19405, 304, 1884, 449, 1077, 95454, 274, 29182, 511, 16820, 10934, 7058, 3883, 25, 320, 32, 8, 61289, 311, 24070, 12786, 268, 638, 70, 5893, 320, 33, 8, 362, 501, 5174, 11501, 320, 34, 8, 25919, 33610, 320, 35, 8, 33924, 5849, 29150, 11501, 198, 16533, 25, 320], "safe_attention_mask": [1, 1, 1, 1, 1, 1, 1, 1, 1, 1, 1, 1, 1, 1, 1, 1, 1, 1, 1, 1, 1, 1, 1, 1, 1, 1, 1, 1, 1, 1, 1, 1, 1, 1, 1, 1, 1, 1, 1, 1, 1, 1, 1, 1, 1, 1, 1, 1, 1, 1, 1, 1, 1, 1, 1, 1, 1, 1, 1, 1], "pos_id": 426, "neg_id": 423}
{"input_ids": [128000, 14924, 25, 3341, 18595, 7942, 315, 279, 47447, 31889, 505, 18722, 3883, 25, 320, 32, 8, 10913, 10353, 320, 33, 8, 84100, 10353, 320, 34, 8, 67316, 10353, 320, 35, 8, 3700, 72, 554, 339, 3545, 10353, 198, 16533, 25, 320], "attention_mask": [1, 1, 1, 1, 1, 1, 1, 1, 1, 1, 1, 1, 1, 1, 1, 1, 1, 1, 1, 1, 1, 1, 1, 1, 1, 1, 1, 1, 1, 1, 1, 1, 1, 1, 1, 1, 1, 1, 1, 1, 1, 1], "safe_input_ids": [128000, 14924, 25, 3341, 18595, 7942, 315, 279, 47447, 31889, 505, 18722, 3883, 25, 320, 32, 8, 10913, 10353, 320, 33, 8, 84100, 10353, 320, 34, 8, 67316, 10353, 320, 35, 8, 3700, 72, 554, 339, 3545, 10353, 198, 16533, 25, 320], "safe_attention_mask": [1, 1, 1, 1, 1, 1, 1, 1, 1, 1, 1, 1, 1, 1, 1, 1, 1, 1, 1, 1, 1, 1, 1, 1, 1, 1, 1, 1, 1, 1, 1, 1, 1, 1, 1, 1, 1, 1, 1, 1, 1, 1], "pos_id": 426, "neg_id": 356}
{"input_ids": [128000, 14924, 25, 362, 8893, 449, 33868, 258, 590, 4519, 18911, 449, 17728, 2985, 4548, 26, 568, 5039, 912, 2077, 311, 294, 42716, 774, 300, 606, 46735, 1296, 26, 1455, 4461, 23842, 1618, 374, 512, 3883, 25, 320, 32, 8, 2467, 47738, 17508, 501, 36259, 320, 33, 8, 2467, 47738, 100213, 7942, 320, 34, 8, 14751, 21271, 449, 77594, 25847, 21800, 39, 5788, 320, 35, 8, 40079, 3159, 661, 8162, 21825, 7942, 198, 16533, 25, 320], "attention_mask": [1, 1, 1, 1, 1, 1, 1, 1, 1, 1, 1, 1, 1, 1, 1, 1, 1, 1, 1, 1, 1, 1, 1, 1, 1, 1, 1, 1, 1, 1, 1, 1, 1, 1, 1, 1, 1, 1, 1, 1, 1, 1, 1, 1, 1, 1, 1, 1, 1, 1, 1, 1, 1, 1, 1, 1, 1, 1, 1, 1, 1, 1, 1, 1, 1, 1, 1, 1, 1, 1, 1, 1, 1, 1, 1, 1], "safe_input_ids": [128000, 14924, 25, 362, 8893, 449, 33868, 258, 590, 4519, 18911, 449, 17728, 2985, 4548, 26, 568, 5039, 912, 2077, 311, 294, 42716, 774, 300, 606, 46735, 1296, 26, 1455, 4461, 23842, 1618, 374, 512, 3883, 25, 320, 32, 8, 2467, 47738, 17508, 501, 36259, 320, 33, 8, 2467, 47738, 100213, 7942, 320, 34, 8, 14751, 21271, 449, 77594, 25847, 21800, 39, 5788, 320, 35, 8, 40079, 3159, 661, 8162, 21825, 7942, 198, 16533, 25, 320], "safe_attention_mask": [1, 1, 1, 1, 1, 1, 1, 1, 1, 1, 1, 1, 1, 1, 1, 1, 1, 1, 1, 1, 1, 1, 1, 1, 1, 1, 1, 1, 1, 1, 1, 1, 1, 1, 1, 1, 1, 1, 1, 1, 1, 1, 1, 1, 1, 1, 1, 1, 1, 1, 1, 1, 1, 1, 1, 1, 1, 1, 1, 1, 1, 1, 1, 1, 1, 1, 1, 1, 1, 1, 1, 1, 1, 1, 1, 1], "pos_id": 356, "neg_id": 362}
{"input_ids": [128000, 14924, 25, 11629, 418, 13795, 6514, 374, 539, 2631, 304, 30836, 315, 512, 3883, 25, 320, 32, 8, 49665, 320, 33, 8, 75740, 483, 320, 34, 8, 45396, 320, 35, 8, 77488, 8511, 198, 16533, 25, 320], "attention_mask": [1, 1, 1, 1, 1, 1, 1, 1, 1, 1, 1, 1, 1, 1, 1, 1, 1, 1, 1, 1, 1, 1, 1, 1, 1, 1, 1, 1, 1, 1, 1, 1, 1, 1, 1, 1, 1, 1], "safe_input_ids": [128000, 14924, 25, 11629, 418, 13795, 6514, 374, 539, 2631, 304, 30836, 315, 512, 3883, 25, 320, 32, 8, 49665, 320, 33, 8, 75740, 483, 320, 34, 8, 45396, 320, 35, 8, 77488, 8511, 198, 16533, 25, 320], "safe_attention_mask": [1, 1, 1, 1, 1, 1, 1, 1, 1, 1, 1, 1, 1, 1, 1, 1, 1, 1, 1, 1, 1, 1, 1, 1, 1, 1, 1, 1, 1, 1, 1, 1, 1, 1, 1, 1, 1, 1], "pos_id": 362, "neg_id": 423}
{"input_ids": [128000, 14924, 25, 23548, 4648, 315, 264, 1732, 11, 1148, 8741, 311, 62275, 2237, 304, 279, 13458, 265, 788, 627, 3883, 25, 320, 32, 8, 14020, 49163, 2237, 17503, 320, 33, 8, 14020, 49163, 2237, 12992, 320, 34, 8, 5031, 1771, 35957, 320, 35, 8, 1102, 14117, 389, 5353, 315, 4648, 198, 16533, 25, 320], "attention_mask": [1, 1, 1, 1, 1, 1, 1, 1, 1, 1, 1, 1, 1, 1, 1, 1, 1, 1, 1, 1, 1, 1, 1, 1, 1, 1, 1, 1, 1, 1, 1, 1, 1, 1, 1, 1, 1, 1, 1, 1, 1, 1, 1, 1, 1, 1, 1, 1, 1, 1, 1, 1, 1, 1, 1], "safe_input_ids": [128000, 14924, 25, 23548, 4648, 315, 264, 1732, 11, 1148, 8741, 311, 62275, 2237, 304, 279, 13458, 265, 788, 627, 3883, 25, 320, 32, 8, 14020, 49163, 2237, 17503, 320, 33, 8, 14020, 49163, 2237, 12992, 320, 34, 8, 5031, 1771, 35957, 320, 35, 8, 1102, 14117, 389, 5353, 315, 4648, 198, 16533, 25, 320], "safe_attention_mask": [1, 1, 1, 1, 1, 1, 1, 1, 1, 1, 1, 1, 1, 1, 1, 1, 1, 1, 1, 1, 1, 1, 1, 1, 1, 1, 1, 1, 1, 1, 1, 1, 1, 1, 1, 1, 1, 1, 1, 1, 1, 1, 1, 1, 1, 1, 1, 1, 1, 1, 1, 1, 1, 1, 1], "pos_id": 426, "neg_id": 362}
{"input_ids": [128000, 14924, 25, 9636, 98702, 315, 12966, 36853, 1180, 11, 279, 25060, 369, 279, 10896, 6532, 374, 198, 3883, 25, 320, 32, 8, 366, 220, 16, 1060, 320, 33, 8, 366, 220, 17, 1667, 320, 34, 8, 220, 17, 12, 20, 1667, 320, 35, 8, 871, 220, 20, 1667, 198, 16533, 25, 320], "attention_mask": [1, 1, 1, 1, 1, 1, 1, 1, 1, 1, 1, 1, 1, 1, 1, 1, 1, 1, 1, 1, 1, 1, 1, 1, 1, 1, 1, 1, 1, 1, 1, 1, 1, 1, 1, 1, 1, 1, 1, 1, 1, 1, 1, 1, 1, 1, 1, 1, 1, 1, 1, 1, 1], "safe_input_ids": [128000, 14924, 25, 9636, 98702, 315, 12966, 36853, 1180, 11, 279, 25060, 369, 279, 10896, 6532, 374, 198, 3883, 25, 320, 32, 8, 366, 220, 16, 1060, 320, 33, 8, 366, 220, 17, 1667, 320, 34, 8, 220, 17, 12, 20, 1667, 320, 35, 8, 871, 220, 20, 1667, 198, 16533, 25, 320], "safe_attention_mask": [1, 1, 1, 1, 1, 1, 1, 1, 1, 1, 1, 1, 1, 1, 1, 1, 1, 1, 1, 1, 1, 1, 1, 1, 1, 1, 1, 1, 1, 1, 1, 1, 1, 1, 1, 1, 1, 1, 1, 1, 1, 1, 1, 1, 1, 1, 1, 1, 1, 1, 1, 1, 1], "pos_id": 356, "neg_id": 423}
{"input_ids": [128000, 14924, 25, 800, 1366, 88, 1092, 92411, 86768, 355, 1587, 539, 5353, 902, 315, 279, 2768, 6930, 19405, 512, 3883, 25, 320, 32, 8, 469, 92921, 1631, 64, 13481, 1466, 437, 372, 320, 33, 8, 22353, 788, 3242, 295, 7992, 320, 34, 8, 23869, 894, 316, 3418, 10934, 320, 35, 8, 14299, 360, 20000, 198, 16533, 25, 320], "attention_mask": [1, 1, 1, 1, 1, 1, 1, 1, 1, 1, 1, 1, 1, 1, 1, 1, 1, 1, 1, 1, 1, 1, 1, 1, 1, 1, 1, 1, 1, 1, 1, 1, 1, 1, 1, 1, 1, 1, 1, 1, 1, 1, 1, 1, 1, 1, 1, 1, 1, 1, 1, 1, 1, 1, 1, 1, 1, 1, 1], "safe_input_ids": [128000, 14924, 25, 800, 1366, 88, 1092, 92411, 86768, 355, 1587, 539, 5353, 902, 315, 279, 2768, 6930, 19405, 512, 3883, 25, 320, 32, 8, 469, 92921, 1631, 64, 13481, 1466, 437, 372, 320, 33, 8, 22353, 788, 3242, 295, 7992, 320, 34, 8, 23869, 894, 316, 3418, 10934, 320, 35, 8, 14299, 360, 20000, 198, 16533, 25, 320], "safe_attention_mask": [1, 1, 1, 1, 1, 1, 1, 1, 1, 1, 1, 1, 1, 1, 1, 1, 1, 1, 1, 1, 1, 1, 1, 1, 1, 1, 1, 1, 1, 1, 1, 1, 1, 1, 1, 1, 1, 1, 1, 1, 1, 1, 1, 1, 1, 1, 1, 1, 1, 1, 1, 1, 1, 1, 1, 1, 1, 1, 1], "pos_id": 362, "neg_id": 356}
{"input_ids": [128000, 14924, 25, 362, 3995, 17240, 449, 13803, 315, 45990, 8671, 1607, 2191, 449, 32389, 350, 19, 323, 350, 8758, 5990, 13, 1952, 24481, 11, 8893, 574, 539, 25051, 350, 613, 3418, 569, 689, 477, 27639, 81366, 1006, 84, 1964, 24481, 21667, 293, 1224, 4406, 278, 17728, 1122, 30651, 13, 9479, 3094, 315, 6373, 198, 3883, 25, 320, 32, 8, 60920, 13746, 84235, 7214, 320, 33, 8, 30071, 6373, 14343, 320, 34, 8, 60920, 3276, 411, 88, 1607, 11217, 323, 3868, 369, 13803, 311, 9006, 13, 320, 35, 8, 60920, 3276, 411, 88, 1607, 11217, 323, 656, 34771, 52460, 198, 16533, 25, 320], "attention_mask": [1, 1, 1, 1, 1, 1, 1, 1, 1, 1, 1, 1, 1, 1, 1, 1, 1, 1, 1, 1, 1, 1, 1, 1, 1, 1, 1, 1, 1, 1, 1, 1, 1, 1, 1, 1, 1, 1, 1, 1, 1, 1, 1, 1, 1, 1, 1, 1, 1, 1, 1, 1, 1, 1, 1, 1, 1, 1, 1, 1, 1, 1, 1, 1, 1, 1, 1, 1, 1, 1, 1, 1, 1, 1, 1, 1, 1, 1, 1, 1, 1, 1, 1, 1, 1, 1, 1, 1, 1, 1, 1, 1, 1, 1, 1, 1, 1, 1, 1, 1, 1, 1, 1], "safe_input_ids": [128000, 14924, 25, 362, 3995, 17240, 449, 13803, 315, 45990, 8671, 1607, 2191, 449, 32389, 350, 19, 323, 350, 8758, 5990, 13, 1952, 24481, 11, 8893, 574, 539, 25051, 350, 613, 3418, 569, 689, 477, 27639, 81366, 1006, 84, 1964, 24481, 21667, 293, 1224, 4406, 278, 17728, 1122, 30651, 13, 9479, 3094, 315, 6373, 198, 3883, 25, 320, 32, 8, 60920, 13746, 84235, 7214, 320, 33, 8, 30071, 6373, 14343, 320, 34, 8, 60920, 3276, 411, 88, 1607, 11217, 323, 3868, 369, 13803, 311, 9006, 13, 320, 35, 8, 60920, 3276, 411, 88, 1607, 11217, 323, 656, 34771, 52460, 198, 16533, 25, 320], "safe_attention_mask": [1, 1, 1, 1, 1, 1, 1, 1, 1, 1, 1, 1, 1, 1, 1, 1, 1, 1, 1, 1, 1, 1, 1, 1, 1, 1, 1, 1, 1, 1, 1, 1, 1, 1, 1, 1, 1, 1, 1, 1, 1, 1, 1, 1, 1, 1, 1, 1, 1, 1, 1, 1, 1, 1, 1, 1, 1, 1, 1, 1, 1, 1, 1, 1, 1, 1, 1, 1, 1, 1, 1, 1, 1, 1, 1, 1, 1, 1, 1, 1, 1, 1, 1, 1, 1, 1, 1, 1, 1, 1, 1, 1, 1, 1, 1, 1, 1, 1, 1, 1, 1, 1, 1], "pos_id": 423, "neg_id": 426}
{"input_ids": [128000, 14924, 25, 12442, 3620, 17199, 374, 18722, 3883, 25, 320, 32, 8, 9865, 1109, 220, 868, 1667, 320, 33, 8, 9865, 1109, 220, 845, 1667, 320, 34, 8, 9865, 1109, 220, 972, 1667, 320, 35, 8, 9865, 1109, 220, 508, 1667, 198, 16533, 25, 320], "attention_mask": [1, 1, 1, 1, 1, 1, 1, 1, 1, 1, 1, 1, 1, 1, 1, 1, 1, 1, 1, 1, 1, 1, 1, 1, 1, 1, 1, 1, 1, 1, 1, 1, 1, 1, 1, 1, 1, 1, 1, 1, 1, 1, 1, 1, 1, 1], "safe_input_ids": [128000, 14924, 25, 12442, 3620, 17199, 374, 18722, 3883, 25, 320, 32, 8, 9865, 1109, 220, 868, 1667, 320, 33, 8, 9865, 1109, 220, 845, 1667, 320, 34, 8, 9865, 1109, 220, 972, 1667, 320, 35, 8, 9865, 1109, 220, 508, 1667, 198, 16533, 25, 320], "safe_attention_mask": [1, 1, 1, 1, 1, 1, 1, 1, 1, 1, 1, 1, 1, 1, 1, 1, 1, 1, 1, 1, 1, 1, 1, 1, 1, 1, 1, 1, 1, 1, 1, 1, 1, 1, 1, 1, 1, 1, 1, 1, 1, 1, 1, 1, 1, 1], "pos_id": 356, "neg_id": 426}
{"input_ids": [128000, 14924, 25, 362, 8893, 389, 1097, 3205, 277, 606, 374, 29704, 311, 617, 1867, 33252, 5309, 292, 484, 460, 13, 3639, 1288, 387, 6373, 115972, 3883, 25, 320, 32, 8, 14549, 279, 5623, 320, 33, 8, 13597, 17820, 1113, 34801, 266, 92335, 88, 320, 34, 8, 33794, 27978, 34801, 266, 92335, 88, 320, 35, 8, 87529, 198, 16533, 25, 320], "attention_mask": [1, 1, 1, 1, 1, 1, 1, 1, 1, 1, 1, 1, 1, 1, 1, 1, 1, 1, 1, 1, 1, 1, 1, 1, 1, 1, 1, 1, 1, 1, 1, 1, 1, 1, 1, 1, 1, 1, 1, 1, 1, 1, 1, 1, 1, 1, 1, 1, 1, 1, 1, 1, 1, 1, 1, 1, 1, 1, 1, 1, 1], "safe_input_ids": [128000, 14924, 25, 362, 8893, 389, 1097, 3205, 277, 606, 374, 29704, 311, 617, 1867, 33252, 5309, 292, 484, 460, 13, 3639, 1288, 387, 6373, 115972, 3883, 25, 320, 32, 8, 14549, 279, 5623, 320, 33, 8, 13597, 17820, 1113, 34801, 266, 92335, 88, 320, 34, 8, 33794, 27978, 34801, 266, 92335, 88, 320, 35, 8, 87529, 198, 16533, 25, 320], "safe_attention_mask": [1, 1, 1, 1, 1, 1, 1, 1, 1, 1, 1, 1, 1, 1, 1, 1, 1, 1, 1, 1, 1, 1, 1, 1, 1, 1, 1, 1, 1, 1, 1, 1, 1, 1, 1, 1, 1, 1, 1, 1, 1, 1, 1, 1, 1, 1, 1, 1, 1, 1, 1, 1, 1, 1, 1, 1, 1, 1, 1, 1, 1], "pos_id": 362, "neg_id": 423}
{"input_ids": [128000, 14924, 25, 7648, 19738, 21271, 9362, 512, 3883, 25, 320, 32, 8, 20685, 23333, 2849, 9362, 320, 33, 8, 2467, 268, 511, 8362, 258, 7942, 320, 34, 8, 15344, 2849, 21271, 9362, 320, 35, 8, 20902, 2849, 9362, 198, 16533, 25, 320], "attention_mask": [1, 1, 1, 1, 1, 1, 1, 1, 1, 1, 1, 1, 1, 1, 1, 1, 1, 1, 1, 1, 1, 1, 1, 1, 1, 1, 1, 1, 1, 1, 1, 1, 1, 1, 1, 1, 1, 1, 1, 1, 1, 1, 1], "safe_input_ids": [128000, 14924, 25, 7648, 19738, 21271, 9362, 512, 3883, 25, 320, 32, 8, 20685, 23333, 2849, 9362, 320, 33, 8, 2467, 268, 511, 8362, 258, 7942, 320, 34, 8, 15344, 2849, 21271, 9362, 320, 35, 8, 20902, 2849, 9362, 198, 16533, 25, 320], "safe_attention_mask": [1, 1, 1, 1, 1, 1, 1, 1, 1, 1, 1, 1, 1, 1, 1, 1, 1, 1, 1, 1, 1, 1, 1, 1, 1, 1, 1, 1, 1, 1, 1, 1, 1, 1, 1, 1, 1, 1, 1, 1, 1, 1, 1], "pos_id": 356, "neg_id": 362}
{"input_ids": [128000, 14924, 25, 19531, 454, 22761, 4010, 7332, 374, 16717, 369, 682, 3734, 7058, 3883, 25, 320, 32, 8, 14221, 764, 590, 320, 33, 8, 386, 6147, 511, 511, 5531, 67979, 20000, 320, 34, 8, 921, 337, 2473, 320, 35, 8, 1856, 4768, 198, 16533, 25, 320], "attention_mask": [1, 1, 1, 1, 1, 1, 1, 1, 1, 1, 1, 1, 1, 1, 1, 1, 1, 1, 1, 1, 1, 1, 1, 1, 1, 1, 1, 1, 1, 1, 1, 1, 1, 1, 1, 1, 1, 1, 1, 1, 1, 1, 1, 1, 1, 1, 1], "safe_input_ids": [128000, 14924, 25, 19531, 454, 22761, 4010, 7332, 374, 16717, 369, 682, 3734, 7058, 3883, 25, 320, 32, 8, 14221, 764, 590, 320, 33, 8, 386, 6147, 511, 511, 5531, 67979, 20000, 320, 34, 8, 921, 337, 2473, 320, 35, 8, 1856, 4768, 198, 16533, 25, 320], "safe_attention_mask": [1, 1, 1, 1, 1, 1, 1, 1, 1, 1, 1, 1, 1, 1, 1, 1, 1, 1, 1, 1, 1, 1, 1, 1, 1, 1, 1, 1, 1, 1, 1, 1, 1, 1, 1, 1, 1, 1, 1, 1, 1, 1, 1, 1, 1, 1, 1], "pos_id": 362, "neg_id": 356}
{"input_ids": [128000, 14924, 25, 763, 37194, 62488, 34653, 11, 902, 83089, 374, 3970, 304, 40335, 5380, 3883, 25, 320, 32, 8, 42239, 28765, 1065, 582, 1799, 579, 12, 16, 320, 33, 8, 42239, 28765, 1065, 582, 1799, 579, 12, 17, 320, 34, 8, 42239, 28765, 1065, 582, 1799, 579, 12, 19, 320, 35, 8, 42239, 28765, 1065, 582, 1799, 579, 12, 21, 198, 16533, 25, 320], "attention_mask": [1, 1, 1, 1, 1, 1, 1, 1, 1, 1, 1, 1, 1, 1, 1, 1, 1, 1, 1, 1, 1, 1, 1, 1, 1, 1, 1, 1, 1, 1, 1, 1, 1, 1, 1, 1, 1, 1, 1, 1, 1, 1, 1, 1, 1, 1, 1, 1, 1, 1, 1, 1, 1, 1, 1, 1, 1, 1, 1, 1, 1, 1, 1, 1, 1], "safe_input_ids": [128000, 14924, 25, 763, 37194, 62488, 34653, 11, 902, 83089, 374, 3970, 304, 40335, 5380, 3883, 25, 320, 32, 8, 42239, 28765, 1065, 582, 1799, 579, 12, 16, 320, 33, 8, 42239, 28765, 1065, 582, 1799, 579, 12, 17, 320, 34, 8, 42239, 28765, 1065, 582, 1799, 579, 12, 19, 320, 35, 8, 42239, 28765, 1065, 582, 1799, 579, 12, 21, 198, 16533, 25, 320], "safe_attention_mask": [1, 1, 1, 1, 1, 1, 1, 1, 1, 1, 1, 1, 1, 1, 1, 1, 1, 1, 1, 1, 1, 1, 1, 1, 1, 1, 1, 1, 1, 1, 1, 1, 1, 1, 1, 1, 1, 1, 1, 1, 1, 1, 1, 1, 1, 1, 1, 1, 1, 1, 1, 1, 1, 1, 1, 1, 1, 1, 1, 1, 1, 1, 1, 1, 1], "pos_id": 362, "neg_id": 426}
{"input_ids": [128000, 14924, 25, 92857, 561, 992, 43745, 2494, 10241, 2461, 374, 3970, 304, 902, 832, 315, 279, 2768, 7058, 3883, 25, 320, 32, 8, 6344, 561, 780, 841, 56178, 10753, 320, 33, 8, 445, 32800, 7942, 320, 34, 8, 328, 8362, 590, 10934, 320, 35, 8, 20407, 14946, 440, 10949, 198, 16533, 25, 320], "attention_mask": [1, 1, 1, 1, 1, 1, 1, 1, 1, 1, 1, 1, 1, 1, 1, 1, 1, 1, 1, 1, 1, 1, 1, 1, 1, 1, 1, 1, 1, 1, 1, 1, 1, 1, 1, 1, 1, 1, 1, 1, 1, 1, 1, 1, 1, 1, 1, 1, 1, 1, 1, 1, 1, 1], "safe_input_ids": [128000, 14924, 25, 92857, 561, 992, 43745, 2494, 10241, 2461, 374, 3970, 304, 902, 832, 315, 279, 2768, 7058, 3883, 25, 320, 32, 8, 6344, 561, 780, 841, 56178, 10753, 320, 33, 8, 445, 32800, 7942, 320, 34, 8, 328, 8362, 590, 10934, 320, 35, 8, 20407, 14946, 440, 10949, 198, 16533, 25, 320], "safe_attention_mask": [1, 1, 1, 1, 1, 1, 1, 1, 1, 1, 1, 1, 1, 1, 1, 1, 1, 1, 1, 1, 1, 1, 1, 1, 1, 1, 1, 1, 1, 1, 1, 1, 1, 1, 1, 1, 1, 1, 1, 1, 1, 1, 1, 1, 1, 1, 1, 1, 1, 1, 1, 1, 1, 1], "pos_id": 356, "neg_id": 362}
{"input_ids": [128000, 14924, 25, 330, 34, 3397, 2695, 710, 19300, 1, 304, 279, 84827, 527, 3118, 304, 198, 3883, 25, 320, 32, 8, 328, 8362, 590, 10934, 320, 33, 8, 2057, 87, 454, 14833, 8801, 285, 320, 34, 8, 5837, 46185, 285, 320, 35, 8, 40640, 74554, 198, 16533, 25, 320], "attention_mask": [1, 1, 1, 1, 1, 1, 1, 1, 1, 1, 1, 1, 1, 1, 1, 1, 1, 1, 1, 1, 1, 1, 1, 1, 1, 1, 1, 1, 1, 1, 1, 1, 1, 1, 1, 1, 1, 1, 1, 1, 1, 1, 1, 1, 1, 1, 1, 1, 1, 1], "safe_input_ids": [128000, 14924, 25, 330, 34, 3397, 2695, 710, 19300, 1, 304, 279, 84827, 527, 3118, 304, 198, 3883, 25, 320, 32, 8, 328, 8362, 590, 10934, 320, 33, 8, 2057, 87, 454, 14833, 8801, 285, 320, 34, 8, 5837, 46185, 285, 320, 35, 8, 40640, 74554, 198, 16533, 25, 320], "safe_attention_mask": [1, 1, 1, 1, 1, 1, 1, 1, 1, 1, 1, 1, 1, 1, 1, 1, 1, 1, 1, 1, 1, 1, 1, 1, 1, 1, 1, 1, 1, 1, 1, 1, 1, 1, 1, 1, 1, 1, 1, 1, 1, 1, 1, 1, 1, 1, 1, 1, 1, 1], "pos_id": 362, "neg_id": 356}
{"input_ids": [128000, 14924, 25, 578, 1396, 315, 35130, 11349, 369, 21308, 14221, 1691, 64, 13892, 764, 590, 25474, 374, 512, 3883, 25, 320, 32, 8, 220, 975, 320, 33, 8, 220, 20, 320, 34, 8, 220, 18, 320, 35, 8, 220, 16, 198, 16533, 25, 320], "attention_mask": [1, 1, 1, 1, 1, 1, 1, 1, 1, 1, 1, 1, 1, 1, 1, 1, 1, 1, 1, 1, 1, 1, 1, 1, 1, 1, 1, 1, 1, 1, 1, 1, 1, 1, 1, 1, 1, 1, 1, 1, 1, 1, 1, 1, 1], "safe_input_ids": [128000, 14924, 25, 578, 1396, 315, 35130, 11349, 369, 21308, 14221, 1691, 64, 13892, 764, 590, 25474, 374, 512, 3883, 25, 320, 32, 8, 220, 975, 320, 33, 8, 220, 20, 320, 34, 8, 220, 18, 320, 35, 8, 220, 16, 198, 16533, 25, 320], "safe_attention_mask": [1, 1, 1, 1, 1, 1, 1, 1, 1, 1, 1, 1, 1, 1, 1, 1, 1, 1, 1, 1, 1, 1, 1, 1, 1, 1, 1, 1, 1, 1, 1, 1, 1, 1, 1, 1, 1, 1, 1, 1, 1, 1, 1, 1, 1], "pos_id": 356, "neg_id": 426}
{"input_ids": [128000, 14924, 25, 578, 5623, 1511, 304, 46110, 8811, 55998, 323, 706, 264, 15376, 20326, 315, 3276, 648, 12470, 27330, 5820, 374, 198, 3883, 25, 320, 32, 8, 33794, 354, 14746, 483, 320, 33, 8, 14693, 437, 2249, 318, 579, 320, 34, 8, 2405, 33495, 998, 258, 320, 35, 8, 36283, 307, 606, 198, 16533, 25, 320], "attention_mask": [1, 1, 1, 1, 1, 1, 1, 1, 1, 1, 1, 1, 1, 1, 1, 1, 1, 1, 1, 1, 1, 1, 1, 1, 1, 1, 1, 1, 1, 1, 1, 1, 1, 1, 1, 1, 1, 1, 1, 1, 1, 1, 1, 1, 1, 1, 1, 1, 1, 1, 1, 1, 1, 1, 1, 1, 1], "safe_input_ids": [128000, 14924, 25, 578, 5623, 1511, 304, 46110, 8811, 55998, 323, 706, 264, 15376, 20326, 315, 3276, 648, 12470, 27330, 5820, 374, 198, 3883, 25, 320, 32, 8, 33794, 354, 14746, 483, 320, 33, 8, 14693, 437, 2249, 318, 579, 320, 34, 8, 2405, 33495, 998, 258, 320, 35, 8, 36283, 307, 606, 198, 16533, 25, 320], "safe_attention_mask": [1, 1, 1, 1, 1, 1, 1, 1, 1, 1, 1, 1, 1, 1, 1, 1, 1, 1, 1, 1, 1, 1, 1, 1, 1, 1, 1, 1, 1, 1, 1, 1, 1, 1, 1, 1, 1, 1, 1, 1, 1, 1, 1, 1, 1, 1, 1, 1, 1, 1, 1, 1, 1, 1, 1, 1, 1], "pos_id": 426, "neg_id": 362}
{"input_ids": [128000, 14924, 25, 16299, 1296, 374, 539, 5505, 304, 264, 8893, 449, 3925, 315, 30037, 58079, 3440, 5380, 3883, 25, 320, 32, 8, 10085, 22761, 1065, 41314, 7649, 320, 33, 8, 350, 3036, 6771, 7649, 320, 34, 8, 50359, 32208, 320, 35, 8, 16071, 466, 16967, 198, 16533, 25, 320], "attention_mask": [1, 1, 1, 1, 1, 1, 1, 1, 1, 1, 1, 1, 1, 1, 1, 1, 1, 1, 1, 1, 1, 1, 1, 1, 1, 1, 1, 1, 1, 1, 1, 1, 1, 1, 1, 1, 1, 1, 1, 1, 1, 1, 1, 1, 1, 1, 1, 1, 1, 1], "safe_input_ids": [128000, 14924, 25, 16299, 1296, 374, 539, 5505, 304, 264, 8893, 449, 3925, 315, 30037, 58079, 3440, 5380, 3883, 25, 320, 32, 8, 10085, 22761, 1065, 41314, 7649, 320, 33, 8, 350, 3036, 6771, 7649, 320, 34, 8, 50359, 32208, 320, 35, 8, 16071, 466, 16967, 198, 16533, 25, 320], "safe_attention_mask": [1, 1, 1, 1, 1, 1, 1, 1, 1, 1, 1, 1, 1, 1, 1, 1, 1, 1, 1, 1, 1, 1, 1, 1, 1, 1, 1, 1, 1, 1, 1, 1, 1, 1, 1, 1, 1, 1, 1, 1, 1, 1, 1, 1, 1, 1, 1, 1, 1, 1], "pos_id": 356, "neg_id": 362}
{"input_ids": [128000, 14924, 25, 15852, 28439, 374, 3970, 304, 512, 3883, 25, 320, 32, 8, 14954, 66, 295, 8624, 320, 33, 8, 98408, 339, 788, 3682, 320, 34, 8, 6385, 7005, 7398, 320, 35, 8, 25517, 28439, 198, 16533, 25, 320], "attention_mask": [1, 1, 1, 1, 1, 1, 1, 1, 1, 1, 1, 1, 1, 1, 1, 1, 1, 1, 1, 1, 1, 1, 1, 1, 1, 1, 1, 1, 1, 1, 1, 1, 1, 1, 1, 1, 1, 1, 1, 1], "safe_input_ids": [128000, 14924, 25, 15852, 28439, 374, 3970, 304, 512, 3883, 25, 320, 32, 8, 14954, 66, 295, 8624, 320, 33, 8, 98408, 339, 788, 3682, 320, 34, 8, 6385, 7005, 7398, 320, 35, 8, 25517, 28439, 198, 16533, 25, 320], "safe_attention_mask": [1, 1, 1, 1, 1, 1, 1, 1, 1, 1, 1, 1, 1, 1, 1, 1, 1, 1, 1, 1, 1, 1, 1, 1, 1, 1, 1, 1, 1, 1, 1, 1, 1, 1, 1, 1, 1, 1, 1, 1], "pos_id": 362, "neg_id": 356}
{"input_ids": [128000, 14924, 25, 6515, 1088, 71417, 13070, 16898, 20526, 344, 20000, 374, 9057, 555, 18072, 3883, 25, 320, 32, 8, 11502, 869, 17402, 220, 2031, 320, 33, 8, 2467, 268, 869, 17402, 320, 34, 8, 3735, 31935, 17402, 320, 35, 8, 61245, 329, 3807, 17402, 198, 16533, 25, 320], "attention_mask": [1, 1, 1, 1, 1, 1, 1, 1, 1, 1, 1, 1, 1, 1, 1, 1, 1, 1, 1, 1, 1, 1, 1, 1, 1, 1, 1, 1, 1, 1, 1, 1, 1, 1, 1, 1, 1, 1, 1, 1, 1, 1, 1, 1, 1, 1, 1, 1, 1], "safe_input_ids": [128000, 14924, 25, 6515, 1088, 71417, 13070, 16898, 20526, 344, 20000, 374, 9057, 555, 18072, 3883, 25, 320, 32, 8, 11502, 869, 17402, 220, 2031, 320, 33, 8, 2467, 268, 869, 17402, 320, 34, 8, 3735, 31935, 17402, 320, 35, 8, 61245, 329, 3807, 17402, 198, 16533, 25, 320], "safe_attention_mask": [1, 1, 1, 1, 1, 1, 1, 1, 1, 1, 1, 1, 1, 1, 1, 1, 1, 1, 1, 1, 1, 1, 1, 1, 1, 1, 1, 1, 1, 1, 1, 1, 1, 1, 1, 1, 1, 1, 1, 1, 1, 1, 1, 1, 1, 1, 1, 1, 1], "pos_id": 362, "neg_id": 356}
{"input_ids": [128000, 14924, 25, 763, 264, 220, 1187, 1060, 2362, 893, 4785, 315, 279, 8582, 48694, 374, 34699, 311, 279, 98280, 30535, 555, 512, 3883, 25, 320, 32, 8, 4563, 16833, 582, 442, 532, 29413, 2908, 320, 33, 8, 4563, 582, 62868, 402, 24553, 29413, 2908, 320, 34, 8, 11443, 62868, 402, 24553, 29413, 2908, 320, 35, 8, 4563, 582, 2319, 372, 3333, 29413, 2908, 198, 16533, 25, 320], "attention_mask": [1, 1, 1, 1, 1, 1, 1, 1, 1, 1, 1, 1, 1, 1, 1, 1, 1, 1, 1, 1, 1, 1, 1, 1, 1, 1, 1, 1, 1, 1, 1, 1, 1, 1, 1, 1, 1, 1, 1, 1, 1, 1, 1, 1, 1, 1, 1, 1, 1, 1, 1, 1, 1, 1, 1, 1, 1, 1, 1, 1, 1, 1, 1, 1, 1, 1, 1, 1], "safe_input_ids": [128000, 14924, 25, 763, 264, 220, 1187, 1060, 2362, 893, 4785, 315, 279, 8582, 48694, 374, 34699, 311, 279, 98280, 30535, 555, 512, 3883, 25, 320, 32, 8, 4563, 16833, 582, 442, 532, 29413, 2908, 320, 33, 8, 4563, 582, 62868, 402, 24553, 29413, 2908, 320, 34, 8, 11443, 62868, 402, 24553, 29413, 2908, 320, 35, 8, 4563, 582, 2319, 372, 3333, 29413, 2908, 198, 16533, 25, 320], "safe_attention_mask": [1, 1, 1, 1, 1, 1, 1, 1, 1, 1, 1, 1, 1, 1, 1, 1, 1, 1, 1, 1, 1, 1, 1, 1, 1, 1, 1, 1, 1, 1, 1, 1, 1, 1, 1, 1, 1, 1, 1, 1, 1, 1, 1, 1, 1, 1, 1, 1, 1, 1, 1, 1, 1, 1, 1, 1, 1, 1, 1, 1, 1, 1, 1, 1, 1, 1, 1, 1], "pos_id": 426, "neg_id": 356}
{"input_ids": [128000, 14924, 25, 26150, 2890, 2512, 574, 11223, 304, 220, 4468, 23, 520, 512, 3883, 25, 320, 32, 8, 99572, 74576, 320, 33, 8, 1561, 4356, 320, 34, 8, 45345, 320, 35, 8, 22767, 198, 16533, 25, 320], "attention_mask": [1, 1, 1, 1, 1, 1, 1, 1, 1, 1, 1, 1, 1, 1, 1, 1, 1, 1, 1, 1, 1, 1, 1, 1, 1, 1, 1, 1, 1, 1, 1, 1, 1, 1, 1, 1, 1, 1], "safe_input_ids": [128000, 14924, 25, 26150, 2890, 2512, 574, 11223, 304, 220, 4468, 23, 520, 512, 3883, 25, 320, 32, 8, 99572, 74576, 320, 33, 8, 1561, 4356, 320, 34, 8, 45345, 320, 35, 8, 22767, 198, 16533, 25, 320], "safe_attention_mask": [1, 1, 1, 1, 1, 1, 1, 1, 1, 1, 1, 1, 1, 1, 1, 1, 1, 1, 1, 1, 1, 1, 1, 1, 1, 1, 1, 1, 1, 1, 1, 1, 1, 1, 1, 1, 1, 1], "pos_id": 362, "neg_id": 426}
{"input_ids": [128000, 14924, 25, 5124, 46412, 689, 374, 12020, 555, 512, 3883, 25, 320, 32, 8, 23853, 39300, 1821, 320, 33, 8, 23853, 8841, 51003, 320, 34, 8, 23853, 58652, 418, 1233, 320, 35, 8, 94667, 27276, 12509, 198, 16533, 25, 320], "attention_mask": [1, 1, 1, 1, 1, 1, 1, 1, 1, 1, 1, 1, 1, 1, 1, 1, 1, 1, 1, 1, 1, 1, 1, 1, 1, 1, 1, 1, 1, 1, 1, 1, 1, 1, 1, 1, 1, 1, 1, 1, 1], "safe_input_ids": [128000, 14924, 25, 5124, 46412, 689, 374, 12020, 555, 512, 3883, 25, 320, 32, 8, 23853, 39300, 1821, 320, 33, 8, 23853, 8841, 51003, 320, 34, 8, 23853, 58652, 418, 1233, 320, 35, 8, 94667, 27276, 12509, 198, 16533, 25, 320], "safe_attention_mask": [1, 1, 1, 1, 1, 1, 1, 1, 1, 1, 1, 1, 1, 1, 1, 1, 1, 1, 1, 1, 1, 1, 1, 1, 1, 1, 1, 1, 1, 1, 1, 1, 1, 1, 1, 1, 1, 1, 1, 1, 1], "pos_id": 426, "neg_id": 362}
{"input_ids": [128000, 14924, 25, 24983, 6532, 304, 22607, 5294, 28439, 374, 198, 3883, 25, 320, 32, 8, 393, 4331, 320, 33, 8, 19932, 965, 320, 34, 8, 29074, 320, 35, 8, 59130, 198, 16533, 25, 320], "attention_mask": [1, 1, 1, 1, 1, 1, 1, 1, 1, 1, 1, 1, 1, 1, 1, 1, 1, 1, 1, 1, 1, 1, 1, 1, 1, 1, 1, 1, 1, 1, 1, 1, 1, 1, 1], "safe_input_ids": [128000, 14924, 25, 24983, 6532, 304, 22607, 5294, 28439, 374, 198, 3883, 25, 320, 32, 8, 393, 4331, 320, 33, 8, 19932, 965, 320, 34, 8, 29074, 320, 35, 8, 59130, 198, 16533, 25, 320], "safe_attention_mask": [1, 1, 1, 1, 1, 1, 1, 1, 1, 1, 1, 1, 1, 1, 1, 1, 1, 1, 1, 1, 1, 1, 1, 1, 1, 1, 1, 1, 1, 1, 1, 1, 1, 1, 1], "pos_id": 426, "neg_id": 362}
{"input_ids": [128000, 14924, 25, 6433, 100475, 40509, 1299, 73024, 15812, 1990, 7058, 3883, 25, 320, 32, 8, 35962, 55892, 477, 22660, 323, 30670, 822, 688, 57333, 477, 22660, 320, 33, 8, 362, 376, 822, 688, 57333, 477, 22660, 323, 26495, 64, 61137, 285, 320, 34, 8, 89312, 323, 1314, 30670, 2411, 320, 35, 8, 10291, 459, 294, 2414, 66298, 65415, 198, 16533, 25, 320], "attention_mask": [1, 1, 1, 1, 1, 1, 1, 1, 1, 1, 1, 1, 1, 1, 1, 1, 1, 1, 1, 1, 1, 1, 1, 1, 1, 1, 1, 1, 1, 1, 1, 1, 1, 1, 1, 1, 1, 1, 1, 1, 1, 1, 1, 1, 1, 1, 1, 1, 1, 1, 1, 1, 1, 1, 1, 1, 1, 1, 1, 1, 1, 1, 1], "safe_input_ids": [128000, 14924, 25, 6433, 100475, 40509, 1299, 73024, 15812, 1990, 7058, 3883, 25, 320, 32, 8, 35962, 55892, 477, 22660, 323, 30670, 822, 688, 57333, 477, 22660, 320, 33, 8, 362, 376, 822, 688, 57333, 477, 22660, 323, 26495, 64, 61137, 285, 320, 34, 8, 89312, 323, 1314, 30670, 2411, 320, 35, 8, 10291, 459, 294, 2414, 66298, 65415, 198, 16533, 25, 320], "safe_attention_mask": [1, 1, 1, 1, 1, 1, 1, 1, 1, 1, 1, 1, 1, 1, 1, 1, 1, 1, 1, 1, 1, 1, 1, 1, 1, 1, 1, 1, 1, 1, 1, 1, 1, 1, 1, 1, 1, 1, 1, 1, 1, 1, 1, 1, 1, 1, 1, 1, 1, 1, 1, 1, 1, 1, 1, 1, 1, 1, 1, 1, 1, 1, 1], "pos_id": 362, "neg_id": 356}
{"input_ids": [128000, 14924, 25, 16299, 315, 279, 2768, 374, 26662, 18797, 555, 39042, 4028, 2840, 26429, 1299, 2107, 484, 5548, 64, 8, 220, 26749, 258, 320, 582, 2177, 2840, 26429, 1299, 2107, 484, 5548, 79978, 8, 63388, 360, 2910, 8, 18134, 258, 1619, 8, 473, 8445, 18, 384, 8, 220, 8444, 94697, 198, 3883, 25, 320, 32, 8, 272, 451, 320, 33, 8, 1645, 67, 320, 34, 8, 293, 451, 320, 35, 8, 17546, 198, 16533, 25, 320], "attention_mask": [1, 1, 1, 1, 1, 1, 1, 1, 1, 1, 1, 1, 1, 1, 1, 1, 1, 1, 1, 1, 1, 1, 1, 1, 1, 1, 1, 1, 1, 1, 1, 1, 1, 1, 1, 1, 1, 1, 1, 1, 1, 1, 1, 1, 1, 1, 1, 1, 1, 1, 1, 1, 1, 1, 1, 1, 1, 1, 1, 1, 1, 1, 1, 1, 1, 1, 1, 1, 1, 1, 1, 1, 1, 1, 1, 1, 1], "safe_input_ids": [128000, 14924, 25, 16299, 315, 279, 2768, 374, 26662, 18797, 555, 39042, 4028, 2840, 26429, 1299, 2107, 484, 5548, 64, 8, 220, 26749, 258, 320, 582, 2177, 2840, 26429, 1299, 2107, 484, 5548, 79978, 8, 63388, 360, 2910, 8, 18134, 258, 1619, 8, 473, 8445, 18, 384, 8, 220, 8444, 94697, 198, 3883, 25, 320, 32, 8, 272, 451, 320, 33, 8, 1645, 67, 320, 34, 8, 293, 451, 320, 35, 8, 17546, 198, 16533, 25, 320], "safe_attention_mask": [1, 1, 1, 1, 1, 1, 1, 1, 1, 1, 1, 1, 1, 1, 1, 1, 1, 1, 1, 1, 1, 1, 1, 1, 1, 1, 1, 1, 1, 1, 1, 1, 1, 1, 1, 1, 1, 1, 1, 1, 1, 1, 1, 1, 1, 1, 1, 1, 1, 1, 1, 1, 1, 1, 1, 1, 1, 1, 1, 1, 1, 1, 1, 1, 1, 1, 1, 1, 1, 1, 1, 1, 1, 1, 1, 1, 1], "pos_id": 362, "neg_id": 423}
{"input_ids": [128000, 14924, 25, 95951, 10233, 5938, 449, 12177, 6546, 304, 328, 877, 6394, 3883, 25, 320, 32, 8, 23853, 79402, 671, 320, 33, 8, 23853, 11151, 78, 671, 320, 34, 8, 23853, 6354, 76, 671, 320, 35, 8, 2290, 198, 16533, 25, 320], "attention_mask": [1, 1, 1, 1, 1, 1, 1, 1, 1, 1, 1, 1, 1, 1, 1, 1, 1, 1, 1, 1, 1, 1, 1, 1, 1, 1, 1, 1, 1, 1, 1, 1, 1, 1, 1, 1, 1, 1, 1, 1, 1, 1, 1], "safe_input_ids": [128000, 14924, 25, 95951, 10233, 5938, 449, 12177, 6546, 304, 328, 877, 6394, 3883, 25, 320, 32, 8, 23853, 79402, 671, 320, 33, 8, 23853, 11151, 78, 671, 320, 34, 8, 23853, 6354, 76, 671, 320, 35, 8, 2290, 198, 16533, 25, 320], "safe_attention_mask": [1, 1, 1, 1, 1, 1, 1, 1, 1, 1, 1, 1, 1, 1, 1, 1, 1, 1, 1, 1, 1, 1, 1, 1, 1, 1, 1, 1, 1, 1, 1, 1, 1, 1, 1, 1, 1, 1, 1, 1, 1, 1, 1], "pos_id": 362, "neg_id": 426}
{"input_ids": [128000, 14924, 25, 350, 2439, 484, 277, 26495, 64, 374, 62215, 37229, 398, 555, 198, 3883, 25, 320, 32, 8, 2405, 661, 983, 677, 300, 3653, 15550, 689, 320, 33, 8, 11165, 266, 5237, 661, 85590, 278, 11816, 320, 34, 8, 79347, 5237, 661, 85590, 278, 15550, 689, 320, 35, 8, 11165, 266, 540, 9563, 278, 11816, 198, 16533, 25, 320], "attention_mask": [1, 1, 1, 1, 1, 1, 1, 1, 1, 1, 1, 1, 1, 1, 1, 1, 1, 1, 1, 1, 1, 1, 1, 1, 1, 1, 1, 1, 1, 1, 1, 1, 1, 1, 1, 1, 1, 1, 1, 1, 1, 1, 1, 1, 1, 1, 1, 1, 1, 1, 1, 1, 1, 1, 1, 1, 1, 1, 1, 1, 1], "safe_input_ids": [128000, 14924, 25, 350, 2439, 484, 277, 26495, 64, 374, 62215, 37229, 398, 555, 198, 3883, 25, 320, 32, 8, 2405, 661, 983, 677, 300, 3653, 15550, 689, 320, 33, 8, 11165, 266, 5237, 661, 85590, 278, 11816, 320, 34, 8, 79347, 5237, 661, 85590, 278, 15550, 689, 320, 35, 8, 11165, 266, 540, 9563, 278, 11816, 198, 16533, 25, 320], "safe_attention_mask": [1, 1, 1, 1, 1, 1, 1, 1, 1, 1, 1, 1, 1, 1, 1, 1, 1, 1, 1, 1, 1, 1, 1, 1, 1, 1, 1, 1, 1, 1, 1, 1, 1, 1, 1, 1, 1, 1, 1, 1, 1, 1, 1, 1, 1, 1, 1, 1, 1, 1, 1, 1, 1, 1, 1, 1, 1, 1, 1, 1, 1], "pos_id": 423, "neg_id": 356}
{"input_ids": [128000, 14924, 25, 330, 34, 21100, 367, 18547, 1, 374, 3970, 304, 902, 10474, 315, 42660, 12669, 72634, 596, 42111, 44687, 18094, 315, 4500, 198, 3883, 25, 320, 32, 8, 54501, 320, 33, 8, 20017, 320, 34, 8, 2405, 278, 416, 320, 35, 8, 9500, 2223, 198, 16533, 25, 320], "attention_mask": [1, 1, 1, 1, 1, 1, 1, 1, 1, 1, 1, 1, 1, 1, 1, 1, 1, 1, 1, 1, 1, 1, 1, 1, 1, 1, 1, 1, 1, 1, 1, 1, 1, 1, 1, 1, 1, 1, 1, 1, 1, 1, 1, 1, 1, 1, 1, 1, 1, 1], "safe_input_ids": [128000, 14924, 25, 330, 34, 21100, 367, 18547, 1, 374, 3970, 304, 902, 10474, 315, 42660, 12669, 72634, 596, 42111, 44687, 18094, 315, 4500, 198, 3883, 25, 320, 32, 8, 54501, 320, 33, 8, 20017, 320, 34, 8, 2405, 278, 416, 320, 35, 8, 9500, 2223, 198, 16533, 25, 320], "safe_attention_mask": [1, 1, 1, 1, 1, 1, 1, 1, 1, 1, 1, 1, 1, 1, 1, 1, 1, 1, 1, 1, 1, 1, 1, 1, 1, 1, 1, 1, 1, 1, 1, 1, 1, 1, 1, 1, 1, 1, 1, 1, 1, 1, 1, 1, 1, 1, 1, 1, 1, 1], "pos_id": 356, "neg_id": 362}
{"input_ids": [128000, 14924, 25, 48083, 11384, 512, 3883, 25, 320, 32, 8, 800, 3326, 519, 9950, 5241, 689, 320, 33, 8, 1556, 8274, 9950, 5241, 689, 320, 34, 8, 39515, 82329, 9950, 5241, 689, 320, 35, 8, 67005, 91676, 9950, 5241, 689, 198, 16533, 25, 320], "attention_mask": [1, 1, 1, 1, 1, 1, 1, 1, 1, 1, 1, 1, 1, 1, 1, 1, 1, 1, 1, 1, 1, 1, 1, 1, 1, 1, 1, 1, 1, 1, 1, 1, 1, 1, 1, 1, 1, 1, 1, 1, 1, 1, 1, 1, 1], "safe_input_ids": [128000, 14924, 25, 48083, 11384, 512, 3883, 25, 320, 32, 8, 800, 3326, 519, 9950, 5241, 689, 320, 33, 8, 1556, 8274, 9950, 5241, 689, 320, 34, 8, 39515, 82329, 9950, 5241, 689, 320, 35, 8, 67005, 91676, 9950, 5241, 689, 198, 16533, 25, 320], "safe_attention_mask": [1, 1, 1, 1, 1, 1, 1, 1, 1, 1, 1, 1, 1, 1, 1, 1, 1, 1, 1, 1, 1, 1, 1, 1, 1, 1, 1, 1, 1, 1, 1, 1, 1, 1, 1, 1, 1, 1, 1, 1, 1, 1, 1, 1, 1], "pos_id": 362, "neg_id": 356}
{"input_ids": [128000, 14924, 25, 9220, 477, 810, 15638, 12414, 27529, 315, 671, 332, 479, 18311, 27367, 311, 2167, 279, 463, 31177, 14093, 2391, 22165, 323, 17065, 11, 527, 3967, 439, 512, 3883, 25, 320, 32, 8, 55234, 11277, 320, 33, 8, 50372, 2565, 704, 320, 34, 8, 24507, 5238, 320, 35, 8, 12433, 287, 25761, 198, 16533, 25, 320], "attention_mask": [1, 1, 1, 1, 1, 1, 1, 1, 1, 1, 1, 1, 1, 1, 1, 1, 1, 1, 1, 1, 1, 1, 1, 1, 1, 1, 1, 1, 1, 1, 1, 1, 1, 1, 1, 1, 1, 1, 1, 1, 1, 1, 1, 1, 1, 1, 1, 1, 1, 1, 1, 1, 1, 1, 1, 1, 1, 1], "safe_input_ids": [128000, 14924, 25, 9220, 477, 810, 15638, 12414, 27529, 315, 671, 332, 479, 18311, 27367, 311, 2167, 279, 463, 31177, 14093, 2391, 22165, 323, 17065, 11, 527, 3967, 439, 512, 3883, 25, 320, 32, 8, 55234, 11277, 320, 33, 8, 50372, 2565, 704, 320, 34, 8, 24507, 5238, 320, 35, 8, 12433, 287, 25761, 198, 16533, 25, 320], "safe_attention_mask": [1, 1, 1, 1, 1, 1, 1, 1, 1, 1, 1, 1, 1, 1, 1, 1, 1, 1, 1, 1, 1, 1, 1, 1, 1, 1, 1, 1, 1, 1, 1, 1, 1, 1, 1, 1, 1, 1, 1, 1, 1, 1, 1, 1, 1, 1, 1, 1, 1, 1, 1, 1, 1, 1, 1, 1, 1, 1], "pos_id": 423, "neg_id": 362}
{"input_ids": [128000, 14924, 25, 96104, 5554, 8630, 3196, 3769, 374, 512, 3883, 25, 320, 32, 8, 386, 15559, 320, 33, 8, 20524, 380, 461, 320, 34, 8, 8574, 26554, 320, 35, 8, 37626, 501, 561, 198, 16533, 25, 320], "attention_mask": [1, 1, 1, 1, 1, 1, 1, 1, 1, 1, 1, 1, 1, 1, 1, 1, 1, 1, 1, 1, 1, 1, 1, 1, 1, 1, 1, 1, 1, 1, 1, 1, 1, 1, 1, 1, 1, 1], "safe_input_ids": [128000, 14924, 25, 96104, 5554, 8630, 3196, 3769, 374, 512, 3883, 25, 320, 32, 8, 386, 15559, 320, 33, 8, 20524, 380, 461, 320, 34, 8, 8574, 26554, 320, 35, 8, 37626, 501, 561, 198, 16533, 25, 320], "safe_attention_mask": [1, 1, 1, 1, 1, 1, 1, 1, 1, 1, 1, 1, 1, 1, 1, 1, 1, 1, 1, 1, 1, 1, 1, 1, 1, 1, 1, 1, 1, 1, 1, 1, 1, 1, 1, 1, 1, 1], "pos_id": 362, "neg_id": 356}
{"input_ids": [128000, 14924, 25, 16299, 315, 279, 2768, 12518, 922, 10884, 15268, 969, 4235, 60029, 788, 33238, 63623, 320, 51, 92440, 8, 374, 837, 115972, 3883, 25, 320, 32, 8, 74105, 4497, 14094, 278, 67502, 488, 320, 33, 8, 3816, 63371, 356, 486, 42743, 6344, 57565, 20359, 320, 34, 8, 32388, 315, 386, 6750, 519, 33832, 700, 91299, 374, 1579, 320, 35, 8, 763, 5923, 1220, 39515, 82329, 35962, 55892, 53934, 444, 52230, 198, 16533, 25, 320], "attention_mask": [1, 1, 1, 1, 1, 1, 1, 1, 1, 1, 1, 1, 1, 1, 1, 1, 1, 1, 1, 1, 1, 1, 1, 1, 1, 1, 1, 1, 1, 1, 1, 1, 1, 1, 1, 1, 1, 1, 1, 1, 1, 1, 1, 1, 1, 1, 1, 1, 1, 1, 1, 1, 1, 1, 1, 1, 1, 1, 1, 1, 1, 1, 1, 1, 1, 1, 1, 1, 1, 1, 1, 1, 1, 1, 1, 1], "safe_input_ids": [128000, 14924, 25, 16299, 315, 279, 2768, 12518, 922, 10884, 15268, 969, 4235, 60029, 788, 33238, 63623, 320, 51, 92440, 8, 374, 837, 115972, 3883, 25, 320, 32, 8, 74105, 4497, 14094, 278, 67502, 488, 320, 33, 8, 3816, 63371, 356, 486, 42743, 6344, 57565, 20359, 320, 34, 8, 32388, 315, 386, 6750, 519, 33832, 700, 91299, 374, 1579, 320, 35, 8, 763, 5923, 1220, 39515, 82329, 35962, 55892, 53934, 444, 52230, 198, 16533, 25, 320], "safe_attention_mask": [1, 1, 1, 1, 1, 1, 1, 1, 1, 1, 1, 1, 1, 1, 1, 1, 1, 1, 1, 1, 1, 1, 1, 1, 1, 1, 1, 1, 1, 1, 1, 1, 1, 1, 1, 1, 1, 1, 1, 1, 1, 1, 1, 1, 1, 1, 1, 1, 1, 1, 1, 1, 1, 1, 1, 1, 1, 1, 1, 1, 1, 1, 1, 1, 1, 1, 1, 1, 1, 1, 1, 1, 1, 1, 1, 1], "pos_id": 426, "neg_id": 423}
{"input_ids": [128000, 14924, 25, 763, 8626, 801, 29433, 11, 37811, 374, 198, 3883, 25, 320, 32, 8, 220, 1135, 12, 3076, 320, 33, 8, 220, 1758, 12, 2491, 320, 34, 8, 220, 508, 12, 1958, 320, 35, 8, 366, 220, 508, 198, 16533, 25, 320], "attention_mask": [1, 1, 1, 1, 1, 1, 1, 1, 1, 1, 1, 1, 1, 1, 1, 1, 1, 1, 1, 1, 1, 1, 1, 1, 1, 1, 1, 1, 1, 1, 1, 1, 1, 1, 1, 1, 1, 1, 1, 1, 1, 1, 1, 1], "safe_input_ids": [128000, 14924, 25, 763, 8626, 801, 29433, 11, 37811, 374, 198, 3883, 25, 320, 32, 8, 220, 1135, 12, 3076, 320, 33, 8, 220, 1758, 12, 2491, 320, 34, 8, 220, 508, 12, 1958, 320, 35, 8, 366, 220, 508, 198, 16533, 25, 320], "safe_attention_mask": [1, 1, 1, 1, 1, 1, 1, 1, 1, 1, 1, 1, 1, 1, 1, 1, 1, 1, 1, 1, 1, 1, 1, 1, 1, 1, 1, 1, 1, 1, 1, 1, 1, 1, 1, 1, 1, 1, 1, 1, 1, 1, 1, 1], "pos_id": 423, "neg_id": 356}
{"input_ids": [128000, 14924, 25, 16299, 315, 279, 2768, 80087, 15846, 24549, 374, 3118, 304, 264, 7340, 20545, 304, 279, 54060, 5380, 3883, 25, 320, 32, 8, 12980, 3205, 115966, 3714, 483, 320, 18836, 8, 320, 33, 8, 7923, 3205, 115966, 3714, 483, 320, 35, 964, 8, 320, 34, 8, 350, 18, 320, 35, 8, 25263, 350, 18, 198, 16533, 25, 320], "attention_mask": [1, 1, 1, 1, 1, 1, 1, 1, 1, 1, 1, 1, 1, 1, 1, 1, 1, 1, 1, 1, 1, 1, 1, 1, 1, 1, 1, 1, 1, 1, 1, 1, 1, 1, 1, 1, 1, 1, 1, 1, 1, 1, 1, 1, 1, 1, 1, 1, 1, 1, 1, 1, 1, 1, 1, 1, 1, 1, 1, 1], "safe_input_ids": [128000, 14924, 25, 16299, 315, 279, 2768, 80087, 15846, 24549, 374, 3118, 304, 264, 7340, 20545, 304, 279, 54060, 5380, 3883, 25, 320, 32, 8, 12980, 3205, 115966, 3714, 483, 320, 18836, 8, 320, 33, 8, 7923, 3205, 115966, 3714, 483, 320, 35, 964, 8, 320, 34, 8, 350, 18, 320, 35, 8, 25263, 350, 18, 198, 16533, 25, 320], "safe_attention_mask": [1, 1, 1, 1, 1, 1, 1, 1, 1, 1, 1, 1, 1, 1, 1, 1, 1, 1, 1, 1, 1, 1, 1, 1, 1, 1, 1, 1, 1, 1, 1, 1, 1, 1, 1, 1, 1, 1, 1, 1, 1, 1, 1, 1, 1, 1, 1, 1, 1, 1, 1, 1, 1, 1, 1, 1, 1, 1, 1, 1], "pos_id": 426, "neg_id": 362}
{"input_ids": [128000, 14924, 25, 8211, 292, 10934, 9057, 555, 18072, 3883, 25, 320, 32, 8, 7573, 320, 33, 8, 25850, 320, 34, 8, 7432, 320, 35, 8, 8211, 3074, 198, 16533, 25, 320], "attention_mask": [1, 1, 1, 1, 1, 1, 1, 1, 1, 1, 1, 1, 1, 1, 1, 1, 1, 1, 1, 1, 1, 1, 1, 1, 1, 1, 1, 1, 1, 1, 1, 1], "safe_input_ids": [128000, 14924, 25, 8211, 292, 10934, 9057, 555, 18072, 3883, 25, 320, 32, 8, 7573, 320, 33, 8, 25850, 320, 34, 8, 7432, 320, 35, 8, 8211, 3074, 198, 16533, 25, 320], "safe_attention_mask": [1, 1, 1, 1, 1, 1, 1, 1, 1, 1, 1, 1, 1, 1, 1, 1, 1, 1, 1, 1, 1, 1, 1, 1, 1, 1, 1, 1, 1, 1, 1, 1], "pos_id": 423, "neg_id": 362}
{"input_ids": [128000, 14924, 25, 11344, 4500, 1963, 5764, 18722, 3883, 25, 320, 32, 8, 4656, 799, 4648, 4478, 320, 33, 8, 9601, 66995, 520, 832, 1060, 320, 34, 8, 9601, 66995, 520, 6160, 71, 320, 35, 8, 2052, 198, 16533, 25, 320], "attention_mask": [1, 1, 1, 1, 1, 1, 1, 1, 1, 1, 1, 1, 1, 1, 1, 1, 1, 1, 1, 1, 1, 1, 1, 1, 1, 1, 1, 1, 1, 1, 1, 1, 1, 1, 1, 1, 1, 1, 1, 1, 1], "safe_input_ids": [128000, 14924, 25, 11344, 4500, 1963, 5764, 18722, 3883, 25, 320, 32, 8, 4656, 799, 4648, 4478, 320, 33, 8, 9601, 66995, 520, 832, 1060, 320, 34, 8, 9601, 66995, 520, 6160, 71, 320, 35, 8, 2052, 198, 16533, 25, 320], "safe_attention_mask": [1, 1, 1, 1, 1, 1, 1, 1, 1, 1, 1, 1, 1, 1, 1, 1, 1, 1, 1, 1, 1, 1, 1, 1, 1, 1, 1, 1, 1, 1, 1, 1, 1, 1, 1, 1, 1, 1, 1, 1, 1], "pos_id": 356, "neg_id": 423}
{"input_ids": [128000, 14924, 25, 3861, 315, 279, 51720, 315, 279, 17037, 1511, 23819, 291, 19660, 77773, 388, 304, 31071, 331, 532, 51643, 902, 374, 459, 3805, 71134, 519, 612, 11660, 311, 9578, 596, 610, 14357, 8182, 374, 18722, 3883, 25, 320, 32, 8, 3061, 2868, 7063, 47620, 320, 33, 8, 8375, 8248, 309, 337, 320, 34, 8, 507, 8855, 320, 35, 8, 87669, 198, 16533, 25, 320], "attention_mask": [1, 1, 1, 1, 1, 1, 1, 1, 1, 1, 1, 1, 1, 1, 1, 1, 1, 1, 1, 1, 1, 1, 1, 1, 1, 1, 1, 1, 1, 1, 1, 1, 1, 1, 1, 1, 1, 1, 1, 1, 1, 1, 1, 1, 1, 1, 1, 1, 1, 1, 1, 1, 1, 1, 1, 1, 1, 1, 1, 1, 1, 1, 1, 1, 1, 1], "safe_input_ids": [128000, 14924, 25, 3861, 315, 279, 51720, 315, 279, 17037, 1511, 23819, 291, 19660, 77773, 388, 304, 31071, 331, 532, 51643, 902, 374, 459, 3805, 71134, 519, 612, 11660, 311, 9578, 596, 610, 14357, 8182, 374, 18722, 3883, 25, 320, 32, 8, 3061, 2868, 7063, 47620, 320, 33, 8, 8375, 8248, 309, 337, 320, 34, 8, 507, 8855, 320, 35, 8, 87669, 198, 16533, 25, 320], "safe_attention_mask": [1, 1, 1, 1, 1, 1, 1, 1, 1, 1, 1, 1, 1, 1, 1, 1, 1, 1, 1, 1, 1, 1, 1, 1, 1, 1, 1, 1, 1, 1, 1, 1, 1, 1, 1, 1, 1, 1, 1, 1, 1, 1, 1, 1, 1, 1, 1, 1, 1, 1, 1, 1, 1, 1, 1, 1, 1, 1, 1, 1, 1, 1, 1, 1, 1, 1], "pos_id": 362, "neg_id": 356}
{"input_ids": [128000, 14924, 25, 473, 13, 19079, 360, 27349, 11, 264, 5213, 41969, 79902, 11, 374, 1766, 304, 17614, 17345, 52673, 449, 12224, 7118, 604, 826, 13, 16299, 315, 279, 2768, 12518, 1888, 16964, 279, 9546, 315, 279, 47120, 304, 20438, 6160, 3806, 552, 5380, 3883, 25, 320, 32, 8, 32269, 12019, 449, 7353, 6108, 37808, 320, 33, 8, 11579, 33001, 20043, 12019, 449, 51743, 2319, 88, 4055, 68, 320, 34, 8, 1676, 93210, 2203, 4692, 320, 35, 8, 56789, 86733, 20043, 12019, 4871, 18563, 764, 1154, 198, 16533, 25, 320], "attention_mask": [1, 1, 1, 1, 1, 1, 1, 1, 1, 1, 1, 1, 1, 1, 1, 1, 1, 1, 1, 1, 1, 1, 1, 1, 1, 1, 1, 1, 1, 1, 1, 1, 1, 1, 1, 1, 1, 1, 1, 1, 1, 1, 1, 1, 1, 1, 1, 1, 1, 1, 1, 1, 1, 1, 1, 1, 1, 1, 1, 1, 1, 1, 1, 1, 1, 1, 1, 1, 1, 1, 1, 1, 1, 1, 1, 1, 1, 1, 1, 1, 1, 1, 1, 1, 1, 1, 1, 1, 1, 1], "safe_input_ids": [128000, 14924, 25, 473, 13, 19079, 360, 27349, 11, 264, 5213, 41969, 79902, 11, 374, 1766, 304, 17614, 17345, 52673, 449, 12224, 7118, 604, 826, 13, 16299, 315, 279, 2768, 12518, 1888, 16964, 279, 9546, 315, 279, 47120, 304, 20438, 6160, 3806, 552, 5380, 3883, 25, 320, 32, 8, 32269, 12019, 449, 7353, 6108, 37808, 320, 33, 8, 11579, 33001, 20043, 12019, 449, 51743, 2319, 88, 4055, 68, 320, 34, 8, 1676, 93210, 2203, 4692, 320, 35, 8, 56789, 86733, 20043, 12019, 4871, 18563, 764, 1154, 198, 16533, 25, 320], "safe_attention_mask": [1, 1, 1, 1, 1, 1, 1, 1, 1, 1, 1, 1, 1, 1, 1, 1, 1, 1, 1, 1, 1, 1, 1, 1, 1, 1, 1, 1, 1, 1, 1, 1, 1, 1, 1, 1, 1, 1, 1, 1, 1, 1, 1, 1, 1, 1, 1, 1, 1, 1, 1, 1, 1, 1, 1, 1, 1, 1, 1, 1, 1, 1, 1, 1, 1, 1, 1, 1, 1, 1, 1, 1, 1, 1, 1, 1, 1, 1, 1, 1, 1, 1, 1, 1, 1, 1, 1, 1, 1, 1], "pos_id": 423, "neg_id": 362}
{"input_ids": [128000, 14924, 25, 19098, 287, 39656, 304, 20438, 374, 3970, 304, 198, 3883, 25, 320, 32, 8, 38547, 511, 92411, 11, 5803, 64, 320, 33, 8, 94916, 64, 11, 22408, 450, 46970, 320, 34, 8, 18452, 450, 46970, 11, 65104, 269, 320, 35, 8, 67005, 454, 14833, 1764, 11, 5803, 64, 198, 16533, 25, 320], "attention_mask": [1, 1, 1, 1, 1, 1, 1, 1, 1, 1, 1, 1, 1, 1, 1, 1, 1, 1, 1, 1, 1, 1, 1, 1, 1, 1, 1, 1, 1, 1, 1, 1, 1, 1, 1, 1, 1, 1, 1, 1, 1, 1, 1, 1, 1, 1, 1, 1, 1, 1, 1, 1, 1, 1, 1], "safe_input_ids": [128000, 14924, 25, 19098, 287, 39656, 304, 20438, 374, 3970, 304, 198, 3883, 25, 320, 32, 8, 38547, 511, 92411, 11, 5803, 64, 320, 33, 8, 94916, 64, 11, 22408, 450, 46970, 320, 34, 8, 18452, 450, 46970, 11, 65104, 269, 320, 35, 8, 67005, 454, 14833, 1764, 11, 5803, 64, 198, 16533, 25, 320], "safe_attention_mask": [1, 1, 1, 1, 1, 1, 1, 1, 1, 1, 1, 1, 1, 1, 1, 1, 1, 1, 1, 1, 1, 1, 1, 1, 1, 1, 1, 1, 1, 1, 1, 1, 1, 1, 1, 1, 1, 1, 1, 1, 1, 1, 1, 1, 1, 1, 1, 1, 1, 1, 1, 1, 1, 1, 1], "pos_id": 362, "neg_id": 426}
{"input_ids": [128000, 14924, 25, 3082, 922, 1499, 822, 512, 3883, 25, 320, 32, 8, 4366, 5893, 29150, 1499, 822, 374, 1455, 4279, 320, 33, 8, 3165, 5174, 86139, 3970, 320, 34, 8, 6654, 65246, 323, 7319, 52192, 5820, 3063, 311, 7319, 86139, 320, 35, 8, 3735, 822, 21701, 304, 28334, 1499, 822, 33119, 8082, 2728, 1193, 304, 366, 18, 1667, 2362, 2911, 198, 16533, 25, 320], "attention_mask": [1, 1, 1, 1, 1, 1, 1, 1, 1, 1, 1, 1, 1, 1, 1, 1, 1, 1, 1, 1, 1, 1, 1, 1, 1, 1, 1, 1, 1, 1, 1, 1, 1, 1, 1, 1, 1, 1, 1, 1, 1, 1, 1, 1, 1, 1, 1, 1, 1, 1, 1, 1, 1, 1, 1, 1, 1, 1, 1, 1, 1, 1, 1, 1, 1], "safe_input_ids": [128000, 14924, 25, 3082, 922, 1499, 822, 512, 3883, 25, 320, 32, 8, 4366, 5893, 29150, 1499, 822, 374, 1455, 4279, 320, 33, 8, 3165, 5174, 86139, 3970, 320, 34, 8, 6654, 65246, 323, 7319, 52192, 5820, 3063, 311, 7319, 86139, 320, 35, 8, 3735, 822, 21701, 304, 28334, 1499, 822, 33119, 8082, 2728, 1193, 304, 366, 18, 1667, 2362, 2911, 198, 16533, 25, 320], "safe_attention_mask": [1, 1, 1, 1, 1, 1, 1, 1, 1, 1, 1, 1, 1, 1, 1, 1, 1, 1, 1, 1, 1, 1, 1, 1, 1, 1, 1, 1, 1, 1, 1, 1, 1, 1, 1, 1, 1, 1, 1, 1, 1, 1, 1, 1, 1, 1, 1, 1, 1, 1, 1, 1, 1, 1, 1, 1, 1, 1, 1, 1, 1, 1, 1, 1, 1], "pos_id": 356, "neg_id": 423}
{"input_ids": [128000, 14924, 25, 578, 38231, 315, 57587, 301, 304, 264, 9160, 35363, 27631, 374, 7319, 555, 198, 3883, 25, 320, 32, 8, 62697, 3160, 11, 11113, 7479, 323, 7319, 55035, 13, 320, 33, 8, 62697, 3160, 11, 63034, 660, 7479, 323, 7319, 55035, 13, 320, 34, 8, 62697, 3160, 11, 11113, 7479, 323, 15638, 11314, 13, 320, 35, 8, 62697, 3160, 11, 63034, 660, 7479, 323, 15638, 11314, 627, 16533, 25, 320], "attention_mask": [1, 1, 1, 1, 1, 1, 1, 1, 1, 1, 1, 1, 1, 1, 1, 1, 1, 1, 1, 1, 1, 1, 1, 1, 1, 1, 1, 1, 1, 1, 1, 1, 1, 1, 1, 1, 1, 1, 1, 1, 1, 1, 1, 1, 1, 1, 1, 1, 1, 1, 1, 1, 1, 1, 1, 1, 1, 1, 1, 1, 1, 1, 1, 1, 1, 1, 1, 1, 1, 1, 1, 1], "safe_input_ids": [128000, 14924, 25, 578, 38231, 315, 57587, 301, 304, 264, 9160, 35363, 27631, 374, 7319, 555, 198, 3883, 25, 320, 32, 8, 62697, 3160, 11, 11113, 7479, 323, 7319, 55035, 13, 320, 33, 8, 62697, 3160, 11, 63034, 660, 7479, 323, 7319, 55035, 13, 320, 34, 8, 62697, 3160, 11, 11113, 7479, 323, 15638, 11314, 13, 320, 35, 8, 62697, 3160, 11, 63034, 660, 7479, 323, 15638, 11314, 627, 16533, 25, 320], "safe_attention_mask": [1, 1, 1, 1, 1, 1, 1, 1, 1, 1, 1, 1, 1, 1, 1, 1, 1, 1, 1, 1, 1, 1, 1, 1, 1, 1, 1, 1, 1, 1, 1, 1, 1, 1, 1, 1, 1, 1, 1, 1, 1, 1, 1, 1, 1, 1, 1, 1, 1, 1, 1, 1, 1, 1, 1, 1, 1, 1, 1, 1, 1, 1, 1, 1, 1, 1, 1, 1, 1, 1, 1, 1], "pos_id": 423, "neg_id": 356}
{"input_ids": [128000, 14924, 25, 16299, 315, 279, 2768, 11217, 649, 387, 38018, 555, 1207, 10453, 18133, 6149, 5380, 3883, 25, 320, 32, 8, 1708, 8248, 261, 337, 320, 33, 8, 6344, 59948, 466, 268, 337, 320, 34, 8, 10335, 8248, 278, 483, 320, 35, 8, 39593, 8248, 261, 337, 198, 16533, 25, 320], "attention_mask": [1, 1, 1, 1, 1, 1, 1, 1, 1, 1, 1, 1, 1, 1, 1, 1, 1, 1, 1, 1, 1, 1, 1, 1, 1, 1, 1, 1, 1, 1, 1, 1, 1, 1, 1, 1, 1, 1, 1, 1, 1, 1, 1, 1, 1, 1, 1, 1, 1, 1, 1, 1], "safe_input_ids": [128000, 14924, 25, 16299, 315, 279, 2768, 11217, 649, 387, 38018, 555, 1207, 10453, 18133, 6149, 5380, 3883, 25, 320, 32, 8, 1708, 8248, 261, 337, 320, 33, 8, 6344, 59948, 466, 268, 337, 320, 34, 8, 10335, 8248, 278, 483, 320, 35, 8, 39593, 8248, 261, 337, 198, 16533, 25, 320], "safe_attention_mask": [1, 1, 1, 1, 1, 1, 1, 1, 1, 1, 1, 1, 1, 1, 1, 1, 1, 1, 1, 1, 1, 1, 1, 1, 1, 1, 1, 1, 1, 1, 1, 1, 1, 1, 1, 1, 1, 1, 1, 1, 1, 1, 1, 1, 1, 1, 1, 1, 1, 1, 1, 1], "pos_id": 356, "neg_id": 362}
{"input_ids": [128000, 14924, 25, 3092, 9594, 285, 34698, 590, 288, 902, 374, 539, 837, 512, 3883, 25, 320, 32, 8, 1102, 374, 279, 1455, 4279, 1376, 315, 4018, 18133, 43745, 7942, 13, 320, 33, 8, 393, 2784, 17740, 8162, 3518, 1140, 13, 320, 34, 8, 2314, 337, 306, 3388, 323, 6847, 1097, 12837, 311, 6514, 13, 320, 35, 8, 469, 894, 93210, 1126, 1764, 3970, 323, 43653, 311, 35688, 627, 16533, 25, 320], "attention_mask": [1, 1, 1, 1, 1, 1, 1, 1, 1, 1, 1, 1, 1, 1, 1, 1, 1, 1, 1, 1, 1, 1, 1, 1, 1, 1, 1, 1, 1, 1, 1, 1, 1, 1, 1, 1, 1, 1, 1, 1, 1, 1, 1, 1, 1, 1, 1, 1, 1, 1, 1, 1, 1, 1, 1, 1, 1, 1, 1, 1, 1, 1, 1, 1, 1, 1, 1, 1, 1, 1, 1, 1], "safe_input_ids": [128000, 14924, 25, 3092, 9594, 285, 34698, 590, 288, 902, 374, 539, 837, 512, 3883, 25, 320, 32, 8, 1102, 374, 279, 1455, 4279, 1376, 315, 4018, 18133, 43745, 7942, 13, 320, 33, 8, 393, 2784, 17740, 8162, 3518, 1140, 13, 320, 34, 8, 2314, 337, 306, 3388, 323, 6847, 1097, 12837, 311, 6514, 13, 320, 35, 8, 469, 894, 93210, 1126, 1764, 3970, 323, 43653, 311, 35688, 627, 16533, 25, 320], "safe_attention_mask": [1, 1, 1, 1, 1, 1, 1, 1, 1, 1, 1, 1, 1, 1, 1, 1, 1, 1, 1, 1, 1, 1, 1, 1, 1, 1, 1, 1, 1, 1, 1, 1, 1, 1, 1, 1, 1, 1, 1, 1, 1, 1, 1, 1, 1, 1, 1, 1, 1, 1, 1, 1, 1, 1, 1, 1, 1, 1, 1, 1, 1, 1, 1, 1, 1, 1, 1, 1, 1, 1, 1, 1], "pos_id": 356, "neg_id": 426}
{"input_ids": [128000, 14924, 25, 426, 71034, 4611, 29569, 1370, 354, 20000, 28987, 279, 1370, 354, 307, 67169, 374, 1455, 4279, 1306, 25, 5587, 220, 1049, 23, 198, 3883, 25, 320, 32, 8, 549, 588, 78, 58098, 354, 307, 34653, 320, 33, 8, 386, 12055, 320, 34, 8, 36561, 33949, 1306, 3682, 15173, 320, 35, 8, 4740, 8735, 315, 80087, 483, 198, 16533, 25, 320], "attention_mask": [1, 1, 1, 1, 1, 1, 1, 1, 1, 1, 1, 1, 1, 1, 1, 1, 1, 1, 1, 1, 1, 1, 1, 1, 1, 1, 1, 1, 1, 1, 1, 1, 1, 1, 1, 1, 1, 1, 1, 1, 1, 1, 1, 1, 1, 1, 1, 1, 1, 1, 1, 1, 1, 1, 1, 1, 1, 1, 1, 1, 1, 1, 1], "safe_input_ids": [128000, 14924, 25, 426, 71034, 4611, 29569, 1370, 354, 20000, 28987, 279, 1370, 354, 307, 67169, 374, 1455, 4279, 1306, 25, 5587, 220, 1049, 23, 198, 3883, 25, 320, 32, 8, 549, 588, 78, 58098, 354, 307, 34653, 320, 33, 8, 386, 12055, 320, 34, 8, 36561, 33949, 1306, 3682, 15173, 320, 35, 8, 4740, 8735, 315, 80087, 483, 198, 16533, 25, 320], "safe_attention_mask": [1, 1, 1, 1, 1, 1, 1, 1, 1, 1, 1, 1, 1, 1, 1, 1, 1, 1, 1, 1, 1, 1, 1, 1, 1, 1, 1, 1, 1, 1, 1, 1, 1, 1, 1, 1, 1, 1, 1, 1, 1, 1, 1, 1, 1, 1, 1, 1, 1, 1, 1, 1, 1, 1, 1, 1, 1, 1, 1, 1, 1, 1, 1], "pos_id": 356, "neg_id": 426}
{"input_ids": [128000, 14924, 25, 30024, 29704, 439, 8330, 23333, 2849, 50938, 752, 411, 59544, 93217, 902, 315, 279, 2768, 706, 279, 8592, 5326, 369, 33824, 311, 89468, 280, 3883, 25, 320, 32, 8, 12310, 12239, 8330, 23333, 50938, 752, 411, 59544, 841, 454, 14833, 689, 320, 33, 8, 5234, 12239, 8330, 23333, 50938, 752, 411, 59544, 841, 454, 14833, 689, 320, 34, 8, 20685, 23333, 50938, 752, 411, 59544, 5938, 449, 74469, 220, 845, 320, 35, 8, 20685, 23333, 50938, 752, 411, 59544, 841, 454, 14833, 689, 5938, 449, 23495, 198, 16533, 25, 320], "attention_mask": [1, 1, 1, 1, 1, 1, 1, 1, 1, 1, 1, 1, 1, 1, 1, 1, 1, 1, 1, 1, 1, 1, 1, 1, 1, 1, 1, 1, 1, 1, 1, 1, 1, 1, 1, 1, 1, 1, 1, 1, 1, 1, 1, 1, 1, 1, 1, 1, 1, 1, 1, 1, 1, 1, 1, 1, 1, 1, 1, 1, 1, 1, 1, 1, 1, 1, 1, 1, 1, 1, 1, 1, 1, 1, 1, 1, 1, 1, 1, 1, 1, 1, 1, 1, 1, 1, 1, 1, 1, 1, 1, 1, 1], "safe_input_ids": [128000, 14924, 25, 30024, 29704, 439, 8330, 23333, 2849, 50938, 752, 411, 59544, 93217, 902, 315, 279, 2768, 706, 279, 8592, 5326, 369, 33824, 311, 89468, 280, 3883, 25, 320, 32, 8, 12310, 12239, 8330, 23333, 50938, 752, 411, 59544, 841, 454, 14833, 689, 320, 33, 8, 5234, 12239, 8330, 23333, 50938, 752, 411, 59544, 841, 454, 14833, 689, 320, 34, 8, 20685, 23333, 50938, 752, 411, 59544, 5938, 449, 74469, 220, 845, 320, 35, 8, 20685, 23333, 50938, 752, 411, 59544, 841, 454, 14833, 689, 5938, 449, 23495, 198, 16533, 25, 320], "safe_attention_mask": [1, 1, 1, 1, 1, 1, 1, 1, 1, 1, 1, 1, 1, 1, 1, 1, 1, 1, 1, 1, 1, 1, 1, 1, 1, 1, 1, 1, 1, 1, 1, 1, 1, 1, 1, 1, 1, 1, 1, 1, 1, 1, 1, 1, 1, 1, 1, 1, 1, 1, 1, 1, 1, 1, 1, 1, 1, 1, 1, 1, 1, 1, 1, 1, 1, 1, 1, 1, 1, 1, 1, 1, 1, 1, 1, 1, 1, 1, 1, 1, 1, 1, 1, 1, 1, 1, 1, 1, 1, 1, 1, 1, 1], "pos_id": 426, "neg_id": 356}
{"input_ids": [128000, 14924, 25, 92652, 53911, 47862, 535, 1499, 3418, 599, 292, 39042, 8624, 4519, 2997, 512, 3883, 25, 320, 32, 8, 3053, 387, 29704, 50938, 29051, 483, 320, 33, 8, 41870, 82, 311, 63915, 8060, 12222, 2911, 25501, 2978, 2133, 4325, 320, 34, 8, 3053, 387, 75649, 660, 37084, 38745, 320, 35, 8, 39515, 531, 2711, 3250, 956, 2274, 3156, 3389, 18094, 315, 279, 8624, 198, 16533, 25, 320], "attention_mask": [1, 1, 1, 1, 1, 1, 1, 1, 1, 1, 1, 1, 1, 1, 1, 1, 1, 1, 1, 1, 1, 1, 1, 1, 1, 1, 1, 1, 1, 1, 1, 1, 1, 1, 1, 1, 1, 1, 1, 1, 1, 1, 1, 1, 1, 1, 1, 1, 1, 1, 1, 1, 1, 1, 1, 1, 1, 1, 1, 1, 1, 1, 1, 1, 1, 1, 1, 1, 1], "safe_input_ids": [128000, 14924, 25, 92652, 53911, 47862, 535, 1499, 3418, 599, 292, 39042, 8624, 4519, 2997, 512, 3883, 25, 320, 32, 8, 3053, 387, 29704, 50938, 29051, 483, 320, 33, 8, 41870, 82, 311, 63915, 8060, 12222, 2911, 25501, 2978, 2133, 4325, 320, 34, 8, 3053, 387, 75649, 660, 37084, 38745, 320, 35, 8, 39515, 531, 2711, 3250, 956, 2274, 3156, 3389, 18094, 315, 279, 8624, 198, 16533, 25, 320], "safe_attention_mask": [1, 1, 1, 1, 1, 1, 1, 1, 1, 1, 1, 1, 1, 1, 1, 1, 1, 1, 1, 1, 1, 1, 1, 1, 1, 1, 1, 1, 1, 1, 1, 1, 1, 1, 1, 1, 1, 1, 1, 1, 1, 1, 1, 1, 1, 1, 1, 1, 1, 1, 1, 1, 1, 1, 1, 1, 1, 1, 1, 1, 1, 1, 1, 1, 1, 1, 1, 1, 1], "pos_id": 362, "neg_id": 356}
{"input_ids": [128000, 14924, 25, 1472, 527, 279, 6593, 9640, 304, 6900, 315, 279, 33119, 8082, 18629, 520, 264, 1207, 21911, 265, 323, 499, 527, 16369, 555, 279, 2254, 5871, 17455, 12128, 430, 832, 315, 279, 2911, 889, 574, 33119, 4147, 706, 706, 1027, 85184, 13, 1952, 18922, 1964, 8990, 433, 574, 11007, 430, 279, 13803, 1051, 4245, 311, 18547, 315, 6784, 315, 279, 26127, 323, 539, 439, 264, 1121, 315, 279, 25474, 13, 1472, 1053, 2980, 279, 39775, 439, 512, 3883, 25, 320, 32, 8, 100058, 13010, 320, 33, 8, 54911, 13010, 320, 34, 8, 47516, 1493, 320, 35, 8, 27328, 66, 62723, 198, 16533, 25, 320], "attention_mask": [1, 1, 1, 1, 1, 1, 1, 1, 1, 1, 1, 1, 1, 1, 1, 1, 1, 1, 1, 1, 1, 1, 1, 1, 1, 1, 1, 1, 1, 1, 1, 1, 1, 1, 1, 1, 1, 1, 1, 1, 1, 1, 1, 1, 1, 1, 1, 1, 1, 1, 1, 1, 1, 1, 1, 1, 1, 1, 1, 1, 1, 1, 1, 1, 1, 1, 1, 1, 1, 1, 1, 1, 1, 1, 1, 1, 1, 1, 1, 1, 1, 1, 1, 1, 1, 1, 1, 1, 1, 1, 1, 1, 1, 1, 1, 1, 1, 1, 1, 1, 1, 1, 1, 1, 1, 1], "safe_input_ids": [128000, 14924, 25, 1472, 527, 279, 6593, 9640, 304, 6900, 315, 279, 33119, 8082, 18629, 520, 264, 1207, 21911, 265, 323, 499, 527, 16369, 555, 279, 2254, 5871, 17455, 12128, 430, 832, 315, 279, 2911, 889, 574, 33119, 4147, 706, 706, 1027, 85184, 13, 1952, 18922, 1964, 8990, 433, 574, 11007, 430, 279, 13803, 1051, 4245, 311, 18547, 315, 6784, 315, 279, 26127, 323, 539, 439, 264, 1121, 315, 279, 25474, 13, 1472, 1053, 2980, 279, 39775, 439, 512, 3883, 25, 320, 32, 8, 100058, 13010, 320, 33, 8, 54911, 13010, 320, 34, 8, 47516, 1493, 320, 35, 8, 27328, 66, 62723, 198, 16533, 25, 320], "safe_attention_mask": [1, 1, 1, 1, 1, 1, 1, 1, 1, 1, 1, 1, 1, 1, 1, 1, 1, 1, 1, 1, 1, 1, 1, 1, 1, 1, 1, 1, 1, 1, 1, 1, 1, 1, 1, 1, 1, 1, 1, 1, 1, 1, 1, 1, 1, 1, 1, 1, 1, 1, 1, 1, 1, 1, 1, 1, 1, 1, 1, 1, 1, 1, 1, 1, 1, 1, 1, 1, 1, 1, 1, 1, 1, 1, 1, 1, 1, 1, 1, 1, 1, 1, 1, 1, 1, 1, 1, 1, 1, 1, 1, 1, 1, 1, 1, 1, 1, 1, 1, 1, 1, 1, 1, 1, 1, 1], "pos_id": 426, "neg_id": 356}
{"input_ids": [128000, 14924, 25, 426, 8608, 2223, 1469, 606, 2868, 14744, 15812, 927, 902, 6070, 304, 19250, 2223, 26495, 64, 25, 7058, 3883, 25, 320, 32, 8, 63690, 19250, 2223, 54344, 320, 33, 8, 21254, 532, 32015, 320, 34, 8, 3320, 613, 532, 264, 727, 320, 35, 8, 6898, 14917, 958, 437, 325, 788, 264, 727, 198, 16533, 25, 320], "attention_mask": [1, 1, 1, 1, 1, 1, 1, 1, 1, 1, 1, 1, 1, 1, 1, 1, 1, 1, 1, 1, 1, 1, 1, 1, 1, 1, 1, 1, 1, 1, 1, 1, 1, 1, 1, 1, 1, 1, 1, 1, 1, 1, 1, 1, 1, 1, 1, 1, 1, 1, 1, 1, 1, 1, 1, 1, 1, 1, 1], "safe_input_ids": [128000, 14924, 25, 426, 8608, 2223, 1469, 606, 2868, 14744, 15812, 927, 902, 6070, 304, 19250, 2223, 26495, 64, 25, 7058, 3883, 25, 320, 32, 8, 63690, 19250, 2223, 54344, 320, 33, 8, 21254, 532, 32015, 320, 34, 8, 3320, 613, 532, 264, 727, 320, 35, 8, 6898, 14917, 958, 437, 325, 788, 264, 727, 198, 16533, 25, 320], "safe_attention_mask": [1, 1, 1, 1, 1, 1, 1, 1, 1, 1, 1, 1, 1, 1, 1, 1, 1, 1, 1, 1, 1, 1, 1, 1, 1, 1, 1, 1, 1, 1, 1, 1, 1, 1, 1, 1, 1, 1, 1, 1, 1, 1, 1, 1, 1, 1, 1, 1, 1, 1, 1, 1, 1, 1, 1, 1, 1, 1, 1], "pos_id": 356, "neg_id": 362}
{"input_ids": [128000, 14924, 25, 3962, 621, 287, 12798, 6666, 315, 17371, 49967, 477, 12324, 374, 264, 15196, 23682, 17383, 3967, 439, 18722, 3883, 25, 320, 32, 8, 3804, 4763, 367, 320, 33, 8, 6433, 4099, 320, 34, 8, 20449, 269, 320, 35, 8, 6898, 77453, 198, 16533, 25, 320], "attention_mask": [1, 1, 1, 1, 1, 1, 1, 1, 1, 1, 1, 1, 1, 1, 1, 1, 1, 1, 1, 1, 1, 1, 1, 1, 1, 1, 1, 1, 1, 1, 1, 1, 1, 1, 1, 1, 1, 1, 1, 1, 1, 1, 1, 1, 1, 1, 1, 1], "safe_input_ids": [128000, 14924, 25, 3962, 621, 287, 12798, 6666, 315, 17371, 49967, 477, 12324, 374, 264, 15196, 23682, 17383, 3967, 439, 18722, 3883, 25, 320, 32, 8, 3804, 4763, 367, 320, 33, 8, 6433, 4099, 320, 34, 8, 20449, 269, 320, 35, 8, 6898, 77453, 198, 16533, 25, 320], "safe_attention_mask": [1, 1, 1, 1, 1, 1, 1, 1, 1, 1, 1, 1, 1, 1, 1, 1, 1, 1, 1, 1, 1, 1, 1, 1, 1, 1, 1, 1, 1, 1, 1, 1, 1, 1, 1, 1, 1, 1, 1, 1, 1, 1, 1, 1, 1, 1, 1, 1], "pos_id": 426, "neg_id": 362}
{"input_ids": [128000, 14924, 25, 578, 4279, 478, 2816, 315, 84868, 367, 2391, 15235, 437, 8728, 374, 18722, 3883, 25, 320, 32, 8, 14751, 762, 372, 320, 33, 8, 61245, 780, 5882, 554, 320, 34, 8, 52298, 56989, 5882, 554, 320, 35, 8, 328, 53211, 15235, 198, 16533, 25, 320], "attention_mask": [1, 1, 1, 1, 1, 1, 1, 1, 1, 1, 1, 1, 1, 1, 1, 1, 1, 1, 1, 1, 1, 1, 1, 1, 1, 1, 1, 1, 1, 1, 1, 1, 1, 1, 1, 1, 1, 1, 1, 1, 1, 1, 1, 1, 1, 1, 1, 1], "safe_input_ids": [128000, 14924, 25, 578, 4279, 478, 2816, 315, 84868, 367, 2391, 15235, 437, 8728, 374, 18722, 3883, 25, 320, 32, 8, 14751, 762, 372, 320, 33, 8, 61245, 780, 5882, 554, 320, 34, 8, 52298, 56989, 5882, 554, 320, 35, 8, 328, 53211, 15235, 198, 16533, 25, 320], "safe_attention_mask": [1, 1, 1, 1, 1, 1, 1, 1, 1, 1, 1, 1, 1, 1, 1, 1, 1, 1, 1, 1, 1, 1, 1, 1, 1, 1, 1, 1, 1, 1, 1, 1, 1, 1, 1, 1, 1, 1, 1, 1, 1, 1, 1, 1, 1, 1, 1, 1], "pos_id": 423, "neg_id": 356}
{"input_ids": [128000, 14924, 25, 362, 220, 5728, 4771, 6418, 5333, 39671, 3056, 575, 2223, 47846, 11, 63571, 11, 323, 294, 97745, 13, 3005, 5992, 653, 9336, 11, 1077, 6680, 7410, 374, 220, 5245, 14, 1041, 9653, 473, 70, 11, 28334, 374, 220, 2031, 45273, 11, 323, 33515, 811, 527, 220, 966, 45273, 13, 3005, 374, 12153, 311, 2503, 477, 4321, 1606, 315, 653, 43280, 1918, 13, 6193, 279, 1828, 2478, 4207, 11, 1364, 39671, 264, 18174, 304, 1077, 2237, 315, 25917, 27774, 279, 3485, 8893, 449, 29852, 2237, 315, 25917, 11, 3373, 279, 1455, 4461, 23842, 627, 3883, 25, 320, 32, 8, 80710, 13481, 24235, 71417, 425, 320, 33, 8, 28091, 17696, 277, 71417, 425, 320, 34, 8, 37194, 483, 71417, 425, 320, 35, 8, 326, 32493, 10805, 582, 486, 42743, 71417, 425, 198, 16533, 25, 320], "attention_mask": [1, 1, 1, 1, 1, 1, 1, 1, 1, 1, 1, 1, 1, 1, 1, 1, 1, 1, 1, 1, 1, 1, 1, 1, 1, 1, 1, 1, 1, 1, 1, 1, 1, 1, 1, 1, 1, 1, 1, 1, 1, 1, 1, 1, 1, 1, 1, 1, 1, 1, 1, 1, 1, 1, 1, 1, 1, 1, 1, 1, 1, 1, 1, 1, 1, 1, 1, 1, 1, 1, 1, 1, 1, 1, 1, 1, 1, 1, 1, 1, 1, 1, 1, 1, 1, 1, 1, 1, 1, 1, 1, 1, 1, 1, 1, 1, 1, 1, 1, 1, 1, 1, 1, 1, 1, 1, 1, 1, 1, 1, 1, 1, 1, 1, 1, 1, 1, 1, 1, 1, 1, 1, 1, 1, 1, 1, 1, 1, 1, 1, 1, 1, 1, 1, 1, 1], "safe_input_ids": [128000, 14924, 25, 362, 220, 5728, 4771, 6418, 5333, 39671, 3056, 575, 2223, 47846, 11, 63571, 11, 323, 294, 97745, 13, 3005, 5992, 653, 9336, 11, 1077, 6680, 7410, 374, 220, 5245, 14, 1041, 9653, 473, 70, 11, 28334, 374, 220, 2031, 45273, 11, 323, 33515, 811, 527, 220, 966, 45273, 13, 3005, 374, 12153, 311, 2503, 477, 4321, 1606, 315, 653, 43280, 1918, 13, 6193, 279, 1828, 2478, 4207, 11, 1364, 39671, 264, 18174, 304, 1077, 2237, 315, 25917, 27774, 279, 3485, 8893, 449, 29852, 2237, 315, 25917, 11, 3373, 279, 1455, 4461, 23842, 627, 3883, 25, 320, 32, 8, 80710, 13481, 24235, 71417, 425, 320, 33, 8, 28091, 17696, 277, 71417, 425, 320, 34, 8, 37194, 483, 71417, 425, 320, 35, 8, 326, 32493, 10805, 582, 486, 42743, 71417, 425, 198, 16533, 25, 320], "safe_attention_mask": [1, 1, 1, 1, 1, 1, 1, 1, 1, 1, 1, 1, 1, 1, 1, 1, 1, 1, 1, 1, 1, 1, 1, 1, 1, 1, 1, 1, 1, 1, 1, 1, 1, 1, 1, 1, 1, 1, 1, 1, 1, 1, 1, 1, 1, 1, 1, 1, 1, 1, 1, 1, 1, 1, 1, 1, 1, 1, 1, 1, 1, 1, 1, 1, 1, 1, 1, 1, 1, 1, 1, 1, 1, 1, 1, 1, 1, 1, 1, 1, 1, 1, 1, 1, 1, 1, 1, 1, 1, 1, 1, 1, 1, 1, 1, 1, 1, 1, 1, 1, 1, 1, 1, 1, 1, 1, 1, 1, 1, 1, 1, 1, 1, 1, 1, 1, 1, 1, 1, 1, 1, 1, 1, 1, 1, 1, 1, 1, 1, 1, 1, 1, 1, 1, 1, 1], "pos_id": 426, "neg_id": 356}
{"input_ids": [128000, 14924, 25, 16299, 374, 459, 4433, 17038, 324, 292, 5623, 7058, 3883, 25, 320, 32, 8, 1708, 23085, 324, 258, 337, 320, 33, 8, 1322, 8123, 762, 307, 320, 34, 8, 2314, 316, 774, 40488, 320, 35, 8, 1666, 5682, 258, 198, 16533, 25, 320], "attention_mask": [1, 1, 1, 1, 1, 1, 1, 1, 1, 1, 1, 1, 1, 1, 1, 1, 1, 1, 1, 1, 1, 1, 1, 1, 1, 1, 1, 1, 1, 1, 1, 1, 1, 1, 1, 1, 1, 1, 1, 1, 1, 1, 1, 1, 1, 1], "safe_input_ids": [128000, 14924, 25, 16299, 374, 459, 4433, 17038, 324, 292, 5623, 7058, 3883, 25, 320, 32, 8, 1708, 23085, 324, 258, 337, 320, 33, 8, 1322, 8123, 762, 307, 320, 34, 8, 2314, 316, 774, 40488, 320, 35, 8, 1666, 5682, 258, 198, 16533, 25, 320], "safe_attention_mask": [1, 1, 1, 1, 1, 1, 1, 1, 1, 1, 1, 1, 1, 1, 1, 1, 1, 1, 1, 1, 1, 1, 1, 1, 1, 1, 1, 1, 1, 1, 1, 1, 1, 1, 1, 1, 1, 1, 1, 1, 1, 1, 1, 1, 1, 1], "pos_id": 426, "neg_id": 362}
{"input_ids": [128000, 14924, 25, 4740, 459, 3709, 4147, 27653, 1174, 943, 71313, 95235, 8839, 527, 3970, 3235, 449, 264, 12314, 6324, 315, 7982, 64779, 301, 2411, 11829, 45968, 4325, 315, 279, 27653, 374, 198, 3883, 25, 320, 32, 8, 220, 19, 12, 20, 14097, 320, 33, 8, 10180, 220, 16, 10476, 320, 34, 8, 220, 717, 12, 1187, 66362, 320, 35, 8, 220, 1187, 12, 2166, 41140, 198, 16533, 25, 320], "attention_mask": [1, 1, 1, 1, 1, 1, 1, 1, 1, 1, 1, 1, 1, 1, 1, 1, 1, 1, 1, 1, 1, 1, 1, 1, 1, 1, 1, 1, 1, 1, 1, 1, 1, 1, 1, 1, 1, 1, 1, 1, 1, 1, 1, 1, 1, 1, 1, 1, 1, 1, 1, 1, 1, 1, 1, 1, 1, 1, 1, 1, 1, 1, 1, 1, 1, 1, 1, 1, 1, 1], "safe_input_ids": [128000, 14924, 25, 4740, 459, 3709, 4147, 27653, 1174, 943, 71313, 95235, 8839, 527, 3970, 3235, 449, 264, 12314, 6324, 315, 7982, 64779, 301, 2411, 11829, 45968, 4325, 315, 279, 27653, 374, 198, 3883, 25, 320, 32, 8, 220, 19, 12, 20, 14097, 320, 33, 8, 10180, 220, 16, 10476, 320, 34, 8, 220, 717, 12, 1187, 66362, 320, 35, 8, 220, 1187, 12, 2166, 41140, 198, 16533, 25, 320], "safe_attention_mask": [1, 1, 1, 1, 1, 1, 1, 1, 1, 1, 1, 1, 1, 1, 1, 1, 1, 1, 1, 1, 1, 1, 1, 1, 1, 1, 1, 1, 1, 1, 1, 1, 1, 1, 1, 1, 1, 1, 1, 1, 1, 1, 1, 1, 1, 1, 1, 1, 1, 1, 1, 1, 1, 1, 1, 1, 1, 1, 1, 1, 1, 1, 1, 1, 1, 1, 1, 1, 1, 1], "pos_id": 362, "neg_id": 426}
{"input_ids": [128000, 14924, 25, 4740, 9889, 11, 264, 220, 1591, 1060, 2362, 864, 12208, 566, 309, 27330, 9036, 343, 969, 706, 264, 8579, 85656, 449, 24070, 4791, 74666, 35763, 13, 2684, 374, 912, 326, 9779, 367, 323, 1070, 374, 393, 11079, 29704, 4245, 311, 8791, 261, 483, 520, 3633, 13, 16299, 315, 279, 2768, 374, 279, 1888, 6373, 3072, 5380, 3883, 25, 320, 32, 8, 220, 15, 13, 17, 1474, 70, 10805, 56455, 22077, 320, 1829, 8, 36376, 263, 869, 483, 320, 44, 774, 2431, 483, 8, 320, 33, 8, 220, 508, 8316, 315, 17244, 99690, 55880, 258, 320, 34, 8, 220, 605, 8316, 315, 21308, 99690, 55880, 258, 320, 35, 8, 220, 5154, 14060, 36321, 351, 1974, 258, 435, 17, 65638, 98122, 198, 16533, 25, 320], "attention_mask": [1, 1, 1, 1, 1, 1, 1, 1, 1, 1, 1, 1, 1, 1, 1, 1, 1, 1, 1, 1, 1, 1, 1, 1, 1, 1, 1, 1, 1, 1, 1, 1, 1, 1, 1, 1, 1, 1, 1, 1, 1, 1, 1, 1, 1, 1, 1, 1, 1, 1, 1, 1, 1, 1, 1, 1, 1, 1, 1, 1, 1, 1, 1, 1, 1, 1, 1, 1, 1, 1, 1, 1, 1, 1, 1, 1, 1, 1, 1, 1, 1, 1, 1, 1, 1, 1, 1, 1, 1, 1, 1, 1, 1, 1, 1, 1, 1, 1, 1, 1, 1, 1, 1, 1, 1, 1, 1, 1, 1, 1, 1, 1, 1, 1, 1, 1, 1, 1, 1, 1, 1, 1, 1, 1, 1, 1], "safe_input_ids": [128000, 14924, 25, 4740, 9889, 11, 264, 220, 1591, 1060, 2362, 864, 12208, 566, 309, 27330, 9036, 343, 969, 706, 264, 8579, 85656, 449, 24070, 4791, 74666, 35763, 13, 2684, 374, 912, 326, 9779, 367, 323, 1070, 374, 393, 11079, 29704, 4245, 311, 8791, 261, 483, 520, 3633, 13, 16299, 315, 279, 2768, 374, 279, 1888, 6373, 3072, 5380, 3883, 25, 320, 32, 8, 220, 15, 13, 17, 1474, 70, 10805, 56455, 22077, 320, 1829, 8, 36376, 263, 869, 483, 320, 44, 774, 2431, 483, 8, 320, 33, 8, 220, 508, 8316, 315, 17244, 99690, 55880, 258, 320, 34, 8, 220, 605, 8316, 315, 21308, 99690, 55880, 258, 320, 35, 8, 220, 5154, 14060, 36321, 351, 1974, 258, 435, 17, 65638, 98122, 198, 16533, 25, 320], "safe_attention_mask": [1, 1, 1, 1, 1, 1, 1, 1, 1, 1, 1, 1, 1, 1, 1, 1, 1, 1, 1, 1, 1, 1, 1, 1, 1, 1, 1, 1, 1, 1, 1, 1, 1, 1, 1, 1, 1, 1, 1, 1, 1, 1, 1, 1, 1, 1, 1, 1, 1, 1, 1, 1, 1, 1, 1, 1, 1, 1, 1, 1, 1, 1, 1, 1, 1, 1, 1, 1, 1, 1, 1, 1, 1, 1, 1, 1, 1, 1, 1, 1, 1, 1, 1, 1, 1, 1, 1, 1, 1, 1, 1, 1, 1, 1, 1, 1, 1, 1, 1, 1, 1, 1, 1, 1, 1, 1, 1, 1, 1, 1, 1, 1, 1, 1, 1, 1, 1, 1, 1, 1, 1, 1, 1, 1, 1, 1], "pos_id": 426, "neg_id": 362}
{"input_ids": [128000, 14924, 25, 31753, 2963, 10481, 596, 1296, 2884, 369, 767, 292, 974, 60764, 374, 369, 18468, 315, 512, 3883, 25, 320, 32, 8, 3700, 2000, 859, 304, 93904, 320, 33, 8, 18682, 60764, 3352, 2301, 320, 34, 8, 328, 1366, 268, 1073, 336, 10020, 55020, 2301, 320, 35, 8, 13207, 315, 84868, 3046, 198, 16533, 25, 320], "attention_mask": [1, 1, 1, 1, 1, 1, 1, 1, 1, 1, 1, 1, 1, 1, 1, 1, 1, 1, 1, 1, 1, 1, 1, 1, 1, 1, 1, 1, 1, 1, 1, 1, 1, 1, 1, 1, 1, 1, 1, 1, 1, 1, 1, 1, 1, 1, 1, 1, 1, 1, 1, 1, 1, 1, 1, 1, 1, 1], "safe_input_ids": [128000, 14924, 25, 31753, 2963, 10481, 596, 1296, 2884, 369, 767, 292, 974, 60764, 374, 369, 18468, 315, 512, 3883, 25, 320, 32, 8, 3700, 2000, 859, 304, 93904, 320, 33, 8, 18682, 60764, 3352, 2301, 320, 34, 8, 328, 1366, 268, 1073, 336, 10020, 55020, 2301, 320, 35, 8, 13207, 315, 84868, 3046, 198, 16533, 25, 320], "safe_attention_mask": [1, 1, 1, 1, 1, 1, 1, 1, 1, 1, 1, 1, 1, 1, 1, 1, 1, 1, 1, 1, 1, 1, 1, 1, 1, 1, 1, 1, 1, 1, 1, 1, 1, 1, 1, 1, 1, 1, 1, 1, 1, 1, 1, 1, 1, 1, 1, 1, 1, 1, 1, 1, 1, 1, 1, 1, 1, 1], "pos_id": 356, "neg_id": 362}
{"input_ids": [128000, 14924, 25, 41680, 279, 2768, 220, 19, 56067, 315, 78376, 59182, 52379, 304, 8668, 25, 362, 13, 5468, 2739, 85, 349, 1841, 2054, 4010, 521, 426, 13, 8444, 94697, 482, 220, 21, 482, 33088, 266, 521, 356, 13, 2405, 24527, 16355, 337, 4611, 2739, 85, 349, 1841, 2054, 88, 82160, 423, 13, 2939, 87873, 220, 16, 11, 21, 43684, 764, 24527, 266, 521, 198, 3883, 25, 320, 32, 8, 423, 7813, 6830, 7826, 320, 33, 8, 362, 7813, 9607, 7826, 320, 34, 8, 426, 6830, 9607, 7813, 320, 35, 8, 356, 9607, 7826, 6830, 198, 16533, 25, 320], "attention_mask": [1, 1, 1, 1, 1, 1, 1, 1, 1, 1, 1, 1, 1, 1, 1, 1, 1, 1, 1, 1, 1, 1, 1, 1, 1, 1, 1, 1, 1, 1, 1, 1, 1, 1, 1, 1, 1, 1, 1, 1, 1, 1, 1, 1, 1, 1, 1, 1, 1, 1, 1, 1, 1, 1, 1, 1, 1, 1, 1, 1, 1, 1, 1, 1, 1, 1, 1, 1, 1, 1, 1, 1, 1, 1, 1, 1, 1, 1, 1, 1, 1, 1, 1, 1, 1, 1, 1, 1, 1, 1, 1, 1, 1, 1, 1, 1, 1, 1, 1], "safe_input_ids": [128000, 14924, 25, 41680, 279, 2768, 220, 19, 56067, 315, 78376, 59182, 52379, 304, 8668, 25, 362, 13, 5468, 2739, 85, 349, 1841, 2054, 4010, 521, 426, 13, 8444, 94697, 482, 220, 21, 482, 33088, 266, 521, 356, 13, 2405, 24527, 16355, 337, 4611, 2739, 85, 349, 1841, 2054, 88, 82160, 423, 13, 2939, 87873, 220, 16, 11, 21, 43684, 764, 24527, 266, 521, 198, 3883, 25, 320, 32, 8, 423, 7813, 6830, 7826, 320, 33, 8, 362, 7813, 9607, 7826, 320, 34, 8, 426, 6830, 9607, 7813, 320, 35, 8, 356, 9607, 7826, 6830, 198, 16533, 25, 320], "safe_attention_mask": [1, 1, 1, 1, 1, 1, 1, 1, 1, 1, 1, 1, 1, 1, 1, 1, 1, 1, 1, 1, 1, 1, 1, 1, 1, 1, 1, 1, 1, 1, 1, 1, 1, 1, 1, 1, 1, 1, 1, 1, 1, 1, 1, 1, 1, 1, 1, 1, 1, 1, 1, 1, 1, 1, 1, 1, 1, 1, 1, 1, 1, 1, 1, 1, 1, 1, 1, 1, 1, 1, 1, 1, 1, 1, 1, 1, 1, 1, 1, 1, 1, 1, 1, 1, 1, 1, 1, 1, 1, 1, 1, 1, 1, 1, 1, 1, 1, 1, 1], "pos_id": 426, "neg_id": 362}
{"input_ids": [128000, 14924, 25, 29362, 21109, 369, 20639, 3357, 409, 67229, 4469, 521, 374, 18072, 3883, 25, 320, 32, 8, 93243, 579, 320, 33, 8, 8560, 263, 349, 320, 34, 8, 1676, 12021, 635, 320, 35, 8, 61626, 269, 579, 198, 16533, 25, 320], "attention_mask": [1, 1, 1, 1, 1, 1, 1, 1, 1, 1, 1, 1, 1, 1, 1, 1, 1, 1, 1, 1, 1, 1, 1, 1, 1, 1, 1, 1, 1, 1, 1, 1, 1, 1, 1, 1, 1, 1, 1, 1, 1, 1, 1], "safe_input_ids": [128000, 14924, 25, 29362, 21109, 369, 20639, 3357, 409, 67229, 4469, 521, 374, 18072, 3883, 25, 320, 32, 8, 93243, 579, 320, 33, 8, 8560, 263, 349, 320, 34, 8, 1676, 12021, 635, 320, 35, 8, 61626, 269, 579, 198, 16533, 25, 320], "safe_attention_mask": [1, 1, 1, 1, 1, 1, 1, 1, 1, 1, 1, 1, 1, 1, 1, 1, 1, 1, 1, 1, 1, 1, 1, 1, 1, 1, 1, 1, 1, 1, 1, 1, 1, 1, 1, 1, 1, 1, 1, 1, 1, 1, 1], "pos_id": 426, "neg_id": 362}
{"input_ids": [128000, 14924, 25, 7648, 4279, 24716, 1167, 9186, 14546, 8624, 304, 279, 1917, 374, 18722, 3883, 25, 320, 32, 8, 36824, 552, 320, 33, 8, 2009, 418, 437, 2554, 63412, 320, 34, 8, 3320, 1791, 6985, 320, 35, 8, 16989, 69865, 198, 16533, 25, 320], "attention_mask": [1, 1, 1, 1, 1, 1, 1, 1, 1, 1, 1, 1, 1, 1, 1, 1, 1, 1, 1, 1, 1, 1, 1, 1, 1, 1, 1, 1, 1, 1, 1, 1, 1, 1, 1, 1, 1, 1, 1, 1, 1, 1, 1, 1, 1], "safe_input_ids": [128000, 14924, 25, 7648, 4279, 24716, 1167, 9186, 14546, 8624, 304, 279, 1917, 374, 18722, 3883, 25, 320, 32, 8, 36824, 552, 320, 33, 8, 2009, 418, 437, 2554, 63412, 320, 34, 8, 3320, 1791, 6985, 320, 35, 8, 16989, 69865, 198, 16533, 25, 320], "safe_attention_mask": [1, 1, 1, 1, 1, 1, 1, 1, 1, 1, 1, 1, 1, 1, 1, 1, 1, 1, 1, 1, 1, 1, 1, 1, 1, 1, 1, 1, 1, 1, 1, 1, 1, 1, 1, 1, 1, 1, 1, 1, 1, 1, 1, 1, 1], "pos_id": 426, "neg_id": 362}
{"input_ids": [128000, 14924, 25, 3962, 64885, 16124, 78831, 374, 9057, 555, 198, 3883, 25, 320, 32, 8, 294, 12, 7905, 320, 33, 8, 328, 2249, 309, 774, 90344, 320, 34, 8, 25919, 20588, 320, 35, 8, 97314, 37190, 2411, 198, 16533, 25, 320], "attention_mask": [1, 1, 1, 1, 1, 1, 1, 1, 1, 1, 1, 1, 1, 1, 1, 1, 1, 1, 1, 1, 1, 1, 1, 1, 1, 1, 1, 1, 1, 1, 1, 1, 1, 1, 1, 1, 1, 1, 1, 1, 1, 1], "safe_input_ids": [128000, 14924, 25, 3962, 64885, 16124, 78831, 374, 9057, 555, 198, 3883, 25, 320, 32, 8, 294, 12, 7905, 320, 33, 8, 328, 2249, 309, 774, 90344, 320, 34, 8, 25919, 20588, 320, 35, 8, 97314, 37190, 2411, 198, 16533, 25, 320], "safe_attention_mask": [1, 1, 1, 1, 1, 1, 1, 1, 1, 1, 1, 1, 1, 1, 1, 1, 1, 1, 1, 1, 1, 1, 1, 1, 1, 1, 1, 1, 1, 1, 1, 1, 1, 1, 1, 1, 1, 1, 1, 1, 1, 1], "pos_id": 426, "neg_id": 362}
{"input_ids": [128000, 14924, 25, 20671, 61152, 274, 631, 372, 1253, 387, 279, 1193, 49648, 304, 5380, 3883, 25, 320, 32, 8, 20407, 14946, 440, 10949, 320, 33, 8, 3341, 18595, 7942, 31071, 331, 355, 320, 34, 8, 2467, 268, 7942, 31071, 331, 355, 320, 35, 8, 35962, 55892, 350, 1823, 627, 16533, 25, 320], "attention_mask": [1, 1, 1, 1, 1, 1, 1, 1, 1, 1, 1, 1, 1, 1, 1, 1, 1, 1, 1, 1, 1, 1, 1, 1, 1, 1, 1, 1, 1, 1, 1, 1, 1, 1, 1, 1, 1, 1, 1, 1, 1, 1, 1, 1, 1, 1, 1, 1, 1, 1, 1, 1, 1], "safe_input_ids": [128000, 14924, 25, 20671, 61152, 274, 631, 372, 1253, 387, 279, 1193, 49648, 304, 5380, 3883, 25, 320, 32, 8, 20407, 14946, 440, 10949, 320, 33, 8, 3341, 18595, 7942, 31071, 331, 355, 320, 34, 8, 2467, 268, 7942, 31071, 331, 355, 320, 35, 8, 35962, 55892, 350, 1823, 627, 16533, 25, 320], "safe_attention_mask": [1, 1, 1, 1, 1, 1, 1, 1, 1, 1, 1, 1, 1, 1, 1, 1, 1, 1, 1, 1, 1, 1, 1, 1, 1, 1, 1, 1, 1, 1, 1, 1, 1, 1, 1, 1, 1, 1, 1, 1, 1, 1, 1, 1, 1, 1, 1, 1, 1, 1, 1, 1, 1], "pos_id": 356, "neg_id": 362}
{"input_ids": [128000, 14924, 25, 763, 49494, 17508, 309, 1677, 22689, 374, 264, 1121, 315, 48294, 315, 902, 49242, 315, 30718, 1302, 11529, 1137, 273, 275, 53560, 64, 11008, 5380, 3883, 25, 320, 32, 8, 8560, 349, 409, 67229, 4469, 521, 320, 33, 8, 2209, 511, 275, 7853, 409, 67229, 4469, 521, 320, 34, 8, 452, 38698, 87348, 35169, 92166, 43998, 295, 521, 320, 35, 8, 89279, 3357, 409, 67229, 4469, 521, 198, 16533, 25, 320], "attention_mask": [1, 1, 1, 1, 1, 1, 1, 1, 1, 1, 1, 1, 1, 1, 1, 1, 1, 1, 1, 1, 1, 1, 1, 1, 1, 1, 1, 1, 1, 1, 1, 1, 1, 1, 1, 1, 1, 1, 1, 1, 1, 1, 1, 1, 1, 1, 1, 1, 1, 1, 1, 1, 1, 1, 1, 1, 1, 1, 1, 1, 1, 1, 1, 1, 1, 1, 1, 1, 1, 1, 1, 1, 1, 1], "safe_input_ids": [128000, 14924, 25, 763, 49494, 17508, 309, 1677, 22689, 374, 264, 1121, 315, 48294, 315, 902, 49242, 315, 30718, 1302, 11529, 1137, 273, 275, 53560, 64, 11008, 5380, 3883, 25, 320, 32, 8, 8560, 349, 409, 67229, 4469, 521, 320, 33, 8, 2209, 511, 275, 7853, 409, 67229, 4469, 521, 320, 34, 8, 452, 38698, 87348, 35169, 92166, 43998, 295, 521, 320, 35, 8, 89279, 3357, 409, 67229, 4469, 521, 198, 16533, 25, 320], "safe_attention_mask": [1, 1, 1, 1, 1, 1, 1, 1, 1, 1, 1, 1, 1, 1, 1, 1, 1, 1, 1, 1, 1, 1, 1, 1, 1, 1, 1, 1, 1, 1, 1, 1, 1, 1, 1, 1, 1, 1, 1, 1, 1, 1, 1, 1, 1, 1, 1, 1, 1, 1, 1, 1, 1, 1, 1, 1, 1, 1, 1, 1, 1, 1, 1, 1, 1, 1, 1, 1, 1, 1, 1, 1, 1, 1], "pos_id": 356, "neg_id": 362}
{"input_ids": [128000, 14924, 25, 31536, 16409, 369, 4225, 8322, 579, 4131, 1234, 18722, 3883, 25, 320, 32, 8, 46933, 4278, 320, 33, 8, 46933, 16723, 320, 34, 8, 46933, 13121, 320, 35, 8, 46933, 3101, 198, 16533, 25, 320], "attention_mask": [1, 1, 1, 1, 1, 1, 1, 1, 1, 1, 1, 1, 1, 1, 1, 1, 1, 1, 1, 1, 1, 1, 1, 1, 1, 1, 1, 1, 1, 1, 1, 1, 1, 1, 1, 1, 1, 1], "safe_input_ids": [128000, 14924, 25, 31536, 16409, 369, 4225, 8322, 579, 4131, 1234, 18722, 3883, 25, 320, 32, 8, 46933, 4278, 320, 33, 8, 46933, 16723, 320, 34, 8, 46933, 13121, 320, 35, 8, 46933, 3101, 198, 16533, 25, 320], "safe_attention_mask": [1, 1, 1, 1, 1, 1, 1, 1, 1, 1, 1, 1, 1, 1, 1, 1, 1, 1, 1, 1, 1, 1, 1, 1, 1, 1, 1, 1, 1, 1, 1, 1, 1, 1, 1, 1, 1, 1], "pos_id": 356, "neg_id": 362}
{"input_ids": [128000, 14924, 25, 3341, 354, 307, 65415, 357, 268, 10934, 23061, 1558, 6632, 5873, 374, 18722, 3883, 25, 320, 32, 8, 2326, 38, 320, 33, 8, 19084, 320, 34, 8, 52460, 320, 35, 8, 97674, 13206, 198, 16533, 25, 320], "attention_mask": [1, 1, 1, 1, 1, 1, 1, 1, 1, 1, 1, 1, 1, 1, 1, 1, 1, 1, 1, 1, 1, 1, 1, 1, 1, 1, 1, 1, 1, 1, 1, 1, 1, 1, 1, 1, 1, 1, 1, 1], "safe_input_ids": [128000, 14924, 25, 3341, 354, 307, 65415, 357, 268, 10934, 23061, 1558, 6632, 5873, 374, 18722, 3883, 25, 320, 32, 8, 2326, 38, 320, 33, 8, 19084, 320, 34, 8, 52460, 320, 35, 8, 97674, 13206, 198, 16533, 25, 320], "safe_attention_mask": [1, 1, 1, 1, 1, 1, 1, 1, 1, 1, 1, 1, 1, 1, 1, 1, 1, 1, 1, 1, 1, 1, 1, 1, 1, 1, 1, 1, 1, 1, 1, 1, 1, 1, 1, 1, 1, 1, 1, 1], "pos_id": 423, "neg_id": 362}
{"input_ids": [128000, 14924, 25, 99983, 73545, 907, 369, 13792, 7323, 304, 16558, 3090, 374, 512, 3883, 25, 320, 32, 8, 43907, 264, 5820, 220, 15, 13, 16, 426, 80, 7586, 323, 43907, 293, 5820, 220, 16, 13, 15, 426, 80, 7586, 320, 33, 8, 43907, 264, 5820, 220, 16, 13, 15, 426, 80, 7586, 1008, 77, 43907, 293, 5820, 220, 15, 13, 16, 426, 80, 7586, 320, 34, 8, 43907, 264, 5820, 220, 16, 13, 15, 426, 80, 7586, 323, 43907, 293, 5820, 220, 605, 13, 15, 426, 80, 7586, 320, 35, 8, 43907, 264, 5820, 220, 605, 426, 80, 7586, 323, 43907, 293, 5820, 220, 16, 13, 15, 426, 80, 7586, 198, 16533, 25, 320], "attention_mask": [1, 1, 1, 1, 1, 1, 1, 1, 1, 1, 1, 1, 1, 1, 1, 1, 1, 1, 1, 1, 1, 1, 1, 1, 1, 1, 1, 1, 1, 1, 1, 1, 1, 1, 1, 1, 1, 1, 1, 1, 1, 1, 1, 1, 1, 1, 1, 1, 1, 1, 1, 1, 1, 1, 1, 1, 1, 1, 1, 1, 1, 1, 1, 1, 1, 1, 1, 1, 1, 1, 1, 1, 1, 1, 1, 1, 1, 1, 1, 1, 1, 1, 1, 1, 1, 1, 1, 1, 1, 1, 1, 1, 1, 1, 1, 1, 1, 1, 1, 1, 1, 1, 1, 1, 1, 1, 1, 1, 1, 1, 1, 1, 1, 1, 1], "safe_input_ids": [128000, 14924, 25, 99983, 73545, 907, 369, 13792, 7323, 304, 16558, 3090, 374, 512, 3883, 25, 320, 32, 8, 43907, 264, 5820, 220, 15, 13, 16, 426, 80, 7586, 323, 43907, 293, 5820, 220, 16, 13, 15, 426, 80, 7586, 320, 33, 8, 43907, 264, 5820, 220, 16, 13, 15, 426, 80, 7586, 1008, 77, 43907, 293, 5820, 220, 15, 13, 16, 426, 80, 7586, 320, 34, 8, 43907, 264, 5820, 220, 16, 13, 15, 426, 80, 7586, 323, 43907, 293, 5820, 220, 605, 13, 15, 426, 80, 7586, 320, 35, 8, 43907, 264, 5820, 220, 605, 426, 80, 7586, 323, 43907, 293, 5820, 220, 16, 13, 15, 426, 80, 7586, 198, 16533, 25, 320], "safe_attention_mask": [1, 1, 1, 1, 1, 1, 1, 1, 1, 1, 1, 1, 1, 1, 1, 1, 1, 1, 1, 1, 1, 1, 1, 1, 1, 1, 1, 1, 1, 1, 1, 1, 1, 1, 1, 1, 1, 1, 1, 1, 1, 1, 1, 1, 1, 1, 1, 1, 1, 1, 1, 1, 1, 1, 1, 1, 1, 1, 1, 1, 1, 1, 1, 1, 1, 1, 1, 1, 1, 1, 1, 1, 1, 1, 1, 1, 1, 1, 1, 1, 1, 1, 1, 1, 1, 1, 1, 1, 1, 1, 1, 1, 1, 1, 1, 1, 1, 1, 1, 1, 1, 1, 1, 1, 1, 1, 1, 1, 1, 1, 1, 1, 1, 1, 1], "pos_id": 362, "neg_id": 426}
{"input_ids": [128000, 14924, 25, 43771, 39671, 505, 5380, 3883, 25, 320, 32, 8, 4060, 347, 4289, 320, 33, 8, 36684, 347, 4289, 320, 34, 8, 28061, 77594, 347, 4289, 320, 35, 8, 32359, 440, 347, 4289, 198, 16533, 25, 320], "attention_mask": [1, 1, 1, 1, 1, 1, 1, 1, 1, 1, 1, 1, 1, 1, 1, 1, 1, 1, 1, 1, 1, 1, 1, 1, 1, 1, 1, 1, 1, 1, 1, 1, 1, 1, 1, 1, 1, 1, 1], "safe_input_ids": [128000, 14924, 25, 43771, 39671, 505, 5380, 3883, 25, 320, 32, 8, 4060, 347, 4289, 320, 33, 8, 36684, 347, 4289, 320, 34, 8, 28061, 77594, 347, 4289, 320, 35, 8, 32359, 440, 347, 4289, 198, 16533, 25, 320], "safe_attention_mask": [1, 1, 1, 1, 1, 1, 1, 1, 1, 1, 1, 1, 1, 1, 1, 1, 1, 1, 1, 1, 1, 1, 1, 1, 1, 1, 1, 1, 1, 1, 1, 1, 1, 1, 1, 1, 1, 1, 1], "pos_id": 356, "neg_id": 362}
{"input_ids": [128000, 14924, 25, 20289, 315, 18247, 89305, 10988, 527, 198, 3883, 25, 320, 32, 8, 47463, 88504, 13957, 78954, 47345, 2612, 320, 33, 8, 47463, 18732, 788, 471, 47463, 47345, 2612, 320, 34, 8, 78954, 88504, 22884, 768, 80129, 5057, 18029, 2612, 320, 35, 8, 650, 12052, 444, 52230, 78954, 5057, 18029, 2612, 198, 16533, 25, 320], "attention_mask": [1, 1, 1, 1, 1, 1, 1, 1, 1, 1, 1, 1, 1, 1, 1, 1, 1, 1, 1, 1, 1, 1, 1, 1, 1, 1, 1, 1, 1, 1, 1, 1, 1, 1, 1, 1, 1, 1, 1, 1, 1, 1, 1, 1, 1, 1, 1, 1, 1, 1, 1, 1, 1, 1, 1, 1, 1], "safe_input_ids": [128000, 14924, 25, 20289, 315, 18247, 89305, 10988, 527, 198, 3883, 25, 320, 32, 8, 47463, 88504, 13957, 78954, 47345, 2612, 320, 33, 8, 47463, 18732, 788, 471, 47463, 47345, 2612, 320, 34, 8, 78954, 88504, 22884, 768, 80129, 5057, 18029, 2612, 320, 35, 8, 650, 12052, 444, 52230, 78954, 5057, 18029, 2612, 198, 16533, 25, 320], "safe_attention_mask": [1, 1, 1, 1, 1, 1, 1, 1, 1, 1, 1, 1, 1, 1, 1, 1, 1, 1, 1, 1, 1, 1, 1, 1, 1, 1, 1, 1, 1, 1, 1, 1, 1, 1, 1, 1, 1, 1, 1, 1, 1, 1, 1, 1, 1, 1, 1, 1, 1, 1, 1, 1, 1, 1, 1, 1, 1], "pos_id": 356, "neg_id": 362}
{"input_ids": [128000, 14924, 25, 33578, 315, 832, 1450, 374, 9277, 59988, 4028, 279, 11013, 323, 57426, 8839, 304, 198, 3883, 25, 320, 32, 8, 14881, 47305, 2987, 320, 33, 8, 11165, 5730, 47305, 2987, 320, 34, 8, 12471, 4744, 1303, 320, 35, 8, 386, 36368, 198, 16533, 25, 320], "attention_mask": [1, 1, 1, 1, 1, 1, 1, 1, 1, 1, 1, 1, 1, 1, 1, 1, 1, 1, 1, 1, 1, 1, 1, 1, 1, 1, 1, 1, 1, 1, 1, 1, 1, 1, 1, 1, 1, 1, 1, 1, 1, 1, 1, 1, 1, 1, 1, 1], "safe_input_ids": [128000, 14924, 25, 33578, 315, 832, 1450, 374, 9277, 59988, 4028, 279, 11013, 323, 57426, 8839, 304, 198, 3883, 25, 320, 32, 8, 14881, 47305, 2987, 320, 33, 8, 11165, 5730, 47305, 2987, 320, 34, 8, 12471, 4744, 1303, 320, 35, 8, 386, 36368, 198, 16533, 25, 320], "safe_attention_mask": [1, 1, 1, 1, 1, 1, 1, 1, 1, 1, 1, 1, 1, 1, 1, 1, 1, 1, 1, 1, 1, 1, 1, 1, 1, 1, 1, 1, 1, 1, 1, 1, 1, 1, 1, 1, 1, 1, 1, 1, 1, 1, 1, 1, 1, 1, 1, 1], "pos_id": 426, "neg_id": 423}
{"input_ids": [128000, 14924, 25, 763, 432, 6061, 682, 315, 279, 2768, 12518, 527, 837, 3734, 198, 3883, 25, 320, 32, 8, 34067, 13980, 304, 42534, 9405, 1603, 220, 1958, 5672, 315, 13033, 367, 320, 33, 8, 2209, 810, 4279, 304, 24869, 9405, 311, 71975, 27698, 320, 34, 8, 82628, 311, 58988, 10934, 320, 35, 8, 2209, 12020, 555, 86661, 220, 1041, 4, 24463, 198, 16533, 25, 320], "attention_mask": [1, 1, 1, 1, 1, 1, 1, 1, 1, 1, 1, 1, 1, 1, 1, 1, 1, 1, 1, 1, 1, 1, 1, 1, 1, 1, 1, 1, 1, 1, 1, 1, 1, 1, 1, 1, 1, 1, 1, 1, 1, 1, 1, 1, 1, 1, 1, 1, 1, 1, 1, 1, 1, 1, 1, 1, 1, 1, 1, 1, 1, 1, 1, 1, 1, 1], "safe_input_ids": [128000, 14924, 25, 763, 432, 6061, 682, 315, 279, 2768, 12518, 527, 837, 3734, 198, 3883, 25, 320, 32, 8, 34067, 13980, 304, 42534, 9405, 1603, 220, 1958, 5672, 315, 13033, 367, 320, 33, 8, 2209, 810, 4279, 304, 24869, 9405, 311, 71975, 27698, 320, 34, 8, 82628, 311, 58988, 10934, 320, 35, 8, 2209, 12020, 555, 86661, 220, 1041, 4, 24463, 198, 16533, 25, 320], "safe_attention_mask": [1, 1, 1, 1, 1, 1, 1, 1, 1, 1, 1, 1, 1, 1, 1, 1, 1, 1, 1, 1, 1, 1, 1, 1, 1, 1, 1, 1, 1, 1, 1, 1, 1, 1, 1, 1, 1, 1, 1, 1, 1, 1, 1, 1, 1, 1, 1, 1, 1, 1, 1, 1, 1, 1, 1, 1, 1, 1, 1, 1, 1, 1, 1, 1, 1, 1], "pos_id": 423, "neg_id": 426}
{"input_ids": [128000, 14924, 25, 5165, 2068, 369, 27344, 323, 2585, 315, 26211, 11, 53689, 11, 92976, 33945, 8624, 323, 12943, 320, 64299, 5744, 50, 705, 837, 374, 18722, 3883, 25, 320, 32, 8, 77240, 12541, 369, 12943, 11, 20804, 11, 9572, 320, 33, 8, 31913, 304, 1063, 220, 20, 5415, 927, 220, 605, 27536, 320, 34, 8, 11182, 8952, 706, 89004, 13077, 320, 35, 8, 3804, 75217, 706, 12764, 369, 23842, 323, 6514, 198, 16533, 25, 320], "attention_mask": [1, 1, 1, 1, 1, 1, 1, 1, 1, 1, 1, 1, 1, 1, 1, 1, 1, 1, 1, 1, 1, 1, 1, 1, 1, 1, 1, 1, 1, 1, 1, 1, 1, 1, 1, 1, 1, 1, 1, 1, 1, 1, 1, 1, 1, 1, 1, 1, 1, 1, 1, 1, 1, 1, 1, 1, 1, 1, 1, 1, 1, 1, 1, 1, 1, 1, 1, 1, 1, 1, 1, 1, 1, 1, 1, 1], "safe_input_ids": [128000, 14924, 25, 5165, 2068, 369, 27344, 323, 2585, 315, 26211, 11, 53689, 11, 92976, 33945, 8624, 323, 12943, 320, 64299, 5744, 50, 705, 837, 374, 18722, 3883, 25, 320, 32, 8, 77240, 12541, 369, 12943, 11, 20804, 11, 9572, 320, 33, 8, 31913, 304, 1063, 220, 20, 5415, 927, 220, 605, 27536, 320, 34, 8, 11182, 8952, 706, 89004, 13077, 320, 35, 8, 3804, 75217, 706, 12764, 369, 23842, 323, 6514, 198, 16533, 25, 320], "safe_attention_mask": [1, 1, 1, 1, 1, 1, 1, 1, 1, 1, 1, 1, 1, 1, 1, 1, 1, 1, 1, 1, 1, 1, 1, 1, 1, 1, 1, 1, 1, 1, 1, 1, 1, 1, 1, 1, 1, 1, 1, 1, 1, 1, 1, 1, 1, 1, 1, 1, 1, 1, 1, 1, 1, 1, 1, 1, 1, 1, 1, 1, 1, 1, 1, 1, 1, 1, 1, 1, 1, 1, 1, 1, 1, 1, 1, 1], "pos_id": 356, "neg_id": 426}
{"input_ids": [128000, 14924, 25, 2052, 315, 279, 2768, 527, 21800, 39, 9678, 356, 41913, 28439, 3734, 6394, 3883, 25, 320, 32, 8, 40079, 3159, 661, 100213, 7942, 320, 33, 8, 2467, 47738, 17508, 501, 36259, 320, 34, 8, 2467, 1466, 13441, 950, 89468, 320, 35, 8, 14583, 2957, 32672, 1315, 57496, 198, 16533, 25, 320], "attention_mask": [1, 1, 1, 1, 1, 1, 1, 1, 1, 1, 1, 1, 1, 1, 1, 1, 1, 1, 1, 1, 1, 1, 1, 1, 1, 1, 1, 1, 1, 1, 1, 1, 1, 1, 1, 1, 1, 1, 1, 1, 1, 1, 1, 1, 1, 1, 1, 1, 1, 1, 1, 1, 1, 1], "safe_input_ids": [128000, 14924, 25, 2052, 315, 279, 2768, 527, 21800, 39, 9678, 356, 41913, 28439, 3734, 6394, 3883, 25, 320, 32, 8, 40079, 3159, 661, 100213, 7942, 320, 33, 8, 2467, 47738, 17508, 501, 36259, 320, 34, 8, 2467, 1466, 13441, 950, 89468, 320, 35, 8, 14583, 2957, 32672, 1315, 57496, 198, 16533, 25, 320], "safe_attention_mask": [1, 1, 1, 1, 1, 1, 1, 1, 1, 1, 1, 1, 1, 1, 1, 1, 1, 1, 1, 1, 1, 1, 1, 1, 1, 1, 1, 1, 1, 1, 1, 1, 1, 1, 1, 1, 1, 1, 1, 1, 1, 1, 1, 1, 1, 1, 1, 1, 1, 1, 1, 1, 1, 1], "pos_id": 362, "neg_id": 426}
{"input_ids": [128000, 14924, 25, 6385, 95454, 274, 29182, 511, 16820, 10934, 374, 32971, 555, 25, 5587, 220, 1049, 19, 198, 3883, 25, 320, 32, 8, 1556, 22689, 320, 33, 8, 52298, 268, 638, 70, 5893, 320, 34, 8, 23720, 1263, 560, 320, 35, 8, 2052, 315, 279, 3485, 198, 16533, 25, 320], "attention_mask": [1, 1, 1, 1, 1, 1, 1, 1, 1, 1, 1, 1, 1, 1, 1, 1, 1, 1, 1, 1, 1, 1, 1, 1, 1, 1, 1, 1, 1, 1, 1, 1, 1, 1, 1, 1, 1, 1, 1, 1, 1, 1, 1, 1, 1, 1, 1, 1, 1, 1, 1], "safe_input_ids": [128000, 14924, 25, 6385, 95454, 274, 29182, 511, 16820, 10934, 374, 32971, 555, 25, 5587, 220, 1049, 19, 198, 3883, 25, 320, 32, 8, 1556, 22689, 320, 33, 8, 52298, 268, 638, 70, 5893, 320, 34, 8, 23720, 1263, 560, 320, 35, 8, 2052, 315, 279, 3485, 198, 16533, 25, 320], "safe_attention_mask": [1, 1, 1, 1, 1, 1, 1, 1, 1, 1, 1, 1, 1, 1, 1, 1, 1, 1, 1, 1, 1, 1, 1, 1, 1, 1, 1, 1, 1, 1, 1, 1, 1, 1, 1, 1, 1, 1, 1, 1, 1, 1, 1, 1, 1, 1, 1, 1, 1, 1, 1], "pos_id": 423, "neg_id": 356}
{"input_ids": [128000, 14924, 25, 68184, 20588, 649, 387, 2728, 555, 682, 315, 2768, 11543, 3734, 7058, 3883, 25, 320, 32, 8, 17244, 320, 33, 8, 6654, 320, 34, 8, 7683, 320, 35, 8, 39322, 750, 198, 16533, 25, 320], "attention_mask": [1, 1, 1, 1, 1, 1, 1, 1, 1, 1, 1, 1, 1, 1, 1, 1, 1, 1, 1, 1, 1, 1, 1, 1, 1, 1, 1, 1, 1, 1, 1, 1, 1, 1, 1, 1, 1, 1], "safe_input_ids": [128000, 14924, 25, 68184, 20588, 649, 387, 2728, 555, 682, 315, 2768, 11543, 3734, 7058, 3883, 25, 320, 32, 8, 17244, 320, 33, 8, 6654, 320, 34, 8, 7683, 320, 35, 8, 39322, 750, 198, 16533, 25, 320], "safe_attention_mask": [1, 1, 1, 1, 1, 1, 1, 1, 1, 1, 1, 1, 1, 1, 1, 1, 1, 1, 1, 1, 1, 1, 1, 1, 1, 1, 1, 1, 1, 1, 1, 1, 1, 1, 1, 1, 1, 1], "pos_id": 356, "neg_id": 362}
{"input_ids": [128000, 14924, 25, 2052, 315, 279, 2768, 527, 4519, 315, 6168, 292, 596, 28439, 320, 818, 84, 442, 88, 301, 20000, 3469, 3074, 705, 3734, 5380, 3883, 25, 320, 32, 8, 77240, 8951, 315, 30883, 81209, 21850, 20000, 323, 856, 301, 20000, 320, 33, 8, 16963, 292, 21850, 20000, 374, 3060, 86978, 477, 52303, 320, 34, 8, 31417, 52460, 374, 11383, 4725, 320, 35, 8, 1102, 706, 264, 5716, 1083, 519, 2486, 88, 301, 16252, 1920, 323, 5208, 311, 4648, 304, 220, 16, 12, 17, 1060, 198, 16533, 25, 320], "attention_mask": [1, 1, 1, 1, 1, 1, 1, 1, 1, 1, 1, 1, 1, 1, 1, 1, 1, 1, 1, 1, 1, 1, 1, 1, 1, 1, 1, 1, 1, 1, 1, 1, 1, 1, 1, 1, 1, 1, 1, 1, 1, 1, 1, 1, 1, 1, 1, 1, 1, 1, 1, 1, 1, 1, 1, 1, 1, 1, 1, 1, 1, 1, 1, 1, 1, 1, 1, 1, 1, 1, 1, 1, 1, 1, 1, 1, 1, 1, 1, 1, 1, 1, 1, 1, 1, 1, 1, 1, 1, 1], "safe_input_ids": [128000, 14924, 25, 2052, 315, 279, 2768, 527, 4519, 315, 6168, 292, 596, 28439, 320, 818, 84, 442, 88, 301, 20000, 3469, 3074, 705, 3734, 5380, 3883, 25, 320, 32, 8, 77240, 8951, 315, 30883, 81209, 21850, 20000, 323, 856, 301, 20000, 320, 33, 8, 16963, 292, 21850, 20000, 374, 3060, 86978, 477, 52303, 320, 34, 8, 31417, 52460, 374, 11383, 4725, 320, 35, 8, 1102, 706, 264, 5716, 1083, 519, 2486, 88, 301, 16252, 1920, 323, 5208, 311, 4648, 304, 220, 16, 12, 17, 1060, 198, 16533, 25, 320], "safe_attention_mask": [1, 1, 1, 1, 1, 1, 1, 1, 1, 1, 1, 1, 1, 1, 1, 1, 1, 1, 1, 1, 1, 1, 1, 1, 1, 1, 1, 1, 1, 1, 1, 1, 1, 1, 1, 1, 1, 1, 1, 1, 1, 1, 1, 1, 1, 1, 1, 1, 1, 1, 1, 1, 1, 1, 1, 1, 1, 1, 1, 1, 1, 1, 1, 1, 1, 1, 1, 1, 1, 1, 1, 1, 1, 1, 1, 1, 1, 1, 1, 1, 1, 1, 1, 1, 1, 1, 1, 1, 1, 1], "pos_id": 423, "neg_id": 426}
{"input_ids": [128000, 14924, 25, 16299, 315, 279, 2768, 374, 837, 922, 10241, 2461, 315, 18311, 5380, 3883, 25, 320, 32, 8, 35315, 2461, 315, 6156, 18311, 374, 4661, 4686, 520, 892, 315, 7342, 320, 33, 8, 35315, 2461, 315, 682, 6156, 18311, 323, 2478, 15690, 18311, 4686, 520, 7342, 320, 34, 8, 35315, 2461, 315, 682, 15690, 18311, 4686, 520, 293, 2154, 320, 35, 8, 35315, 2461, 315, 6156, 18311, 8638, 2212, 7342, 198, 16533, 25, 320], "attention_mask": [1, 1, 1, 1, 1, 1, 1, 1, 1, 1, 1, 1, 1, 1, 1, 1, 1, 1, 1, 1, 1, 1, 1, 1, 1, 1, 1, 1, 1, 1, 1, 1, 1, 1, 1, 1, 1, 1, 1, 1, 1, 1, 1, 1, 1, 1, 1, 1, 1, 1, 1, 1, 1, 1, 1, 1, 1, 1, 1, 1, 1, 1, 1, 1, 1, 1, 1, 1, 1, 1, 1, 1, 1, 1, 1, 1], "safe_input_ids": [128000, 14924, 25, 16299, 315, 279, 2768, 374, 837, 922, 10241, 2461, 315, 18311, 5380, 3883, 25, 320, 32, 8, 35315, 2461, 315, 6156, 18311, 374, 4661, 4686, 520, 892, 315, 7342, 320, 33, 8, 35315, 2461, 315, 682, 6156, 18311, 323, 2478, 15690, 18311, 4686, 520, 7342, 320, 34, 8, 35315, 2461, 315, 682, 15690, 18311, 4686, 520, 293, 2154, 320, 35, 8, 35315, 2461, 315, 6156, 18311, 8638, 2212, 7342, 198, 16533, 25, 320], "safe_attention_mask": [1, 1, 1, 1, 1, 1, 1, 1, 1, 1, 1, 1, 1, 1, 1, 1, 1, 1, 1, 1, 1, 1, 1, 1, 1, 1, 1, 1, 1, 1, 1, 1, 1, 1, 1, 1, 1, 1, 1, 1, 1, 1, 1, 1, 1, 1, 1, 1, 1, 1, 1, 1, 1, 1, 1, 1, 1, 1, 1, 1, 1, 1, 1, 1, 1, 1, 1, 1, 1, 1, 1, 1, 1, 1, 1, 1], "pos_id": 362, "neg_id": 426}
{"input_ids": [128000, 14924, 25, 362, 220, 22, 1667, 2362, 8334, 10666, 449, 26175, 35519, 4680, 55307, 315, 65426, 11, 5361, 7589, 4881, 449, 4087, 29580, 32643, 11, 6847, 628, 1983, 481, 66060, 323, 43745, 7954, 74117, 304, 3056, 575, 2223, 5654, 13, 16299, 832, 315, 279, 2768, 1053, 387, 1455, 11190, 369, 15439, 16865, 5380, 3883, 25, 320, 32, 8, 426, 71034, 7829, 320, 33, 8, 12371, 49292, 320, 34, 8, 38612, 39, 6606, 320, 35, 8, 31512, 1296, 198, 16533, 25, 320], "attention_mask": [1, 1, 1, 1, 1, 1, 1, 1, 1, 1, 1, 1, 1, 1, 1, 1, 1, 1, 1, 1, 1, 1, 1, 1, 1, 1, 1, 1, 1, 1, 1, 1, 1, 1, 1, 1, 1, 1, 1, 1, 1, 1, 1, 1, 1, 1, 1, 1, 1, 1, 1, 1, 1, 1, 1, 1, 1, 1, 1, 1, 1, 1, 1, 1, 1, 1, 1, 1, 1, 1, 1, 1, 1, 1, 1, 1, 1, 1, 1, 1, 1, 1], "safe_input_ids": [128000, 14924, 25, 362, 220, 22, 1667, 2362, 8334, 10666, 449, 26175, 35519, 4680, 55307, 315, 65426, 11, 5361, 7589, 4881, 449, 4087, 29580, 32643, 11, 6847, 628, 1983, 481, 66060, 323, 43745, 7954, 74117, 304, 3056, 575, 2223, 5654, 13, 16299, 832, 315, 279, 2768, 1053, 387, 1455, 11190, 369, 15439, 16865, 5380, 3883, 25, 320, 32, 8, 426, 71034, 7829, 320, 33, 8, 12371, 49292, 320, 34, 8, 38612, 39, 6606, 320, 35, 8, 31512, 1296, 198, 16533, 25, 320], "safe_attention_mask": [1, 1, 1, 1, 1, 1, 1, 1, 1, 1, 1, 1, 1, 1, 1, 1, 1, 1, 1, 1, 1, 1, 1, 1, 1, 1, 1, 1, 1, 1, 1, 1, 1, 1, 1, 1, 1, 1, 1, 1, 1, 1, 1, 1, 1, 1, 1, 1, 1, 1, 1, 1, 1, 1, 1, 1, 1, 1, 1, 1, 1, 1, 1, 1, 1, 1, 1, 1, 1, 1, 1, 1, 1, 1, 1, 1, 1, 1, 1, 1, 1, 1], "pos_id": 356, "neg_id": 362}
{"input_ids": [128000, 14924, 25, 2052, 279, 2768, 527, 3970, 304, 33832, 1768, 19682, 1607, 2191, 3734, 198, 3883, 25, 320, 32, 8, 3804, 32836, 85223, 278, 58097, 315, 17685, 320, 33, 8, 25733, 315, 32703, 2259, 294, 5808, 320, 34, 8, 3400, 959, 532, 12314, 6147, 320, 35, 8, 52882, 482, 3419, 35113, 198, 16533, 25, 320], "attention_mask": [1, 1, 1, 1, 1, 1, 1, 1, 1, 1, 1, 1, 1, 1, 1, 1, 1, 1, 1, 1, 1, 1, 1, 1, 1, 1, 1, 1, 1, 1, 1, 1, 1, 1, 1, 1, 1, 1, 1, 1, 1, 1, 1, 1, 1, 1, 1, 1, 1, 1, 1, 1, 1, 1, 1, 1], "safe_input_ids": [128000, 14924, 25, 2052, 279, 2768, 527, 3970, 304, 33832, 1768, 19682, 1607, 2191, 3734, 198, 3883, 25, 320, 32, 8, 3804, 32836, 85223, 278, 58097, 315, 17685, 320, 33, 8, 25733, 315, 32703, 2259, 294, 5808, 320, 34, 8, 3400, 959, 532, 12314, 6147, 320, 35, 8, 52882, 482, 3419, 35113, 198, 16533, 25, 320], "safe_attention_mask": [1, 1, 1, 1, 1, 1, 1, 1, 1, 1, 1, 1, 1, 1, 1, 1, 1, 1, 1, 1, 1, 1, 1, 1, 1, 1, 1, 1, 1, 1, 1, 1, 1, 1, 1, 1, 1, 1, 1, 1, 1, 1, 1, 1, 1, 1, 1, 1, 1, 1, 1, 1, 1, 1, 1, 1], "pos_id": 356, "neg_id": 362}
{"input_ids": [128000, 14924, 25, 3165, 461, 30164, 41390, 261, 31906, 23882, 6928, 80980, 58268, 18072, 3883, 25, 320, 32, 8, 69396, 87437, 16989, 20554, 285, 320, 33, 8, 19197, 496, 87800, 320, 34, 8, 64628, 818, 65, 2540, 2411, 320, 35, 8, 5250, 418, 537, 265, 418, 511, 92411, 198, 16533, 25, 320], "attention_mask": [1, 1, 1, 1, 1, 1, 1, 1, 1, 1, 1, 1, 1, 1, 1, 1, 1, 1, 1, 1, 1, 1, 1, 1, 1, 1, 1, 1, 1, 1, 1, 1, 1, 1, 1, 1, 1, 1, 1, 1, 1, 1, 1, 1, 1, 1, 1, 1, 1, 1, 1, 1], "safe_input_ids": [128000, 14924, 25, 3165, 461, 30164, 41390, 261, 31906, 23882, 6928, 80980, 58268, 18072, 3883, 25, 320, 32, 8, 69396, 87437, 16989, 20554, 285, 320, 33, 8, 19197, 496, 87800, 320, 34, 8, 64628, 818, 65, 2540, 2411, 320, 35, 8, 5250, 418, 537, 265, 418, 511, 92411, 198, 16533, 25, 320], "safe_attention_mask": [1, 1, 1, 1, 1, 1, 1, 1, 1, 1, 1, 1, 1, 1, 1, 1, 1, 1, 1, 1, 1, 1, 1, 1, 1, 1, 1, 1, 1, 1, 1, 1, 1, 1, 1, 1, 1, 1, 1, 1, 1, 1, 1, 1, 1, 1, 1, 1, 1, 1, 1, 1], "pos_id": 426, "neg_id": 362}
{"input_ids": [128000, 14924, 25, 26166, 315, 5873, 369, 435, 17356, 121481, 372, 386, 58016, 374, 25, 7058, 3883, 25, 320, 32, 8, 92479, 78, 48358, 320, 33, 8, 386, 830, 385, 48358, 320, 34, 8, 21800, 320, 35, 8, 1322, 8890, 276, 321, 198, 16533, 25, 320], "attention_mask": [1, 1, 1, 1, 1, 1, 1, 1, 1, 1, 1, 1, 1, 1, 1, 1, 1, 1, 1, 1, 1, 1, 1, 1, 1, 1, 1, 1, 1, 1, 1, 1, 1, 1, 1, 1, 1, 1, 1, 1, 1, 1, 1, 1, 1, 1], "safe_input_ids": [128000, 14924, 25, 26166, 315, 5873, 369, 435, 17356, 121481, 372, 386, 58016, 374, 25, 7058, 3883, 25, 320, 32, 8, 92479, 78, 48358, 320, 33, 8, 386, 830, 385, 48358, 320, 34, 8, 21800, 320, 35, 8, 1322, 8890, 276, 321, 198, 16533, 25, 320], "safe_attention_mask": [1, 1, 1, 1, 1, 1, 1, 1, 1, 1, 1, 1, 1, 1, 1, 1, 1, 1, 1, 1, 1, 1, 1, 1, 1, 1, 1, 1, 1, 1, 1, 1, 1, 1, 1, 1, 1, 1, 1, 1, 1, 1, 1, 1, 1, 1], "pos_id": 356, "neg_id": 362}
{"input_ids": [128000, 14924, 25, 2052, 527, 11384, 315, 4251, 82002, 28439, 3734, 512, 3883, 25, 320, 32, 8, 435, 1412, 596, 30548, 5059, 442, 292, 577, 588, 20000, 320, 33, 8, 22285, 39, 28439, 320, 34, 8, 23495, 2160, 258, 54042, 320, 35, 8, 5837, 1331, 589, 5411, 297, 764, 31392, 1800, 285, 198, 16533, 25, 320], "attention_mask": [1, 1, 1, 1, 1, 1, 1, 1, 1, 1, 1, 1, 1, 1, 1, 1, 1, 1, 1, 1, 1, 1, 1, 1, 1, 1, 1, 1, 1, 1, 1, 1, 1, 1, 1, 1, 1, 1, 1, 1, 1, 1, 1, 1, 1, 1, 1, 1, 1, 1, 1, 1, 1, 1, 1, 1], "safe_input_ids": [128000, 14924, 25, 2052, 527, 11384, 315, 4251, 82002, 28439, 3734, 512, 3883, 25, 320, 32, 8, 435, 1412, 596, 30548, 5059, 442, 292, 577, 588, 20000, 320, 33, 8, 22285, 39, 28439, 320, 34, 8, 23495, 2160, 258, 54042, 320, 35, 8, 5837, 1331, 589, 5411, 297, 764, 31392, 1800, 285, 198, 16533, 25, 320], "safe_attention_mask": [1, 1, 1, 1, 1, 1, 1, 1, 1, 1, 1, 1, 1, 1, 1, 1, 1, 1, 1, 1, 1, 1, 1, 1, 1, 1, 1, 1, 1, 1, 1, 1, 1, 1, 1, 1, 1, 1, 1, 1, 1, 1, 1, 1, 1, 1, 1, 1, 1, 1, 1, 1, 1, 1, 1, 1], "pos_id": 423, "neg_id": 426}
{"input_ids": [128000, 14924, 25, 27697, 6530, 315, 4078, 16, 304, 6789, 37123, 520, 220, 1774, 42127, 198, 3883, 25, 320, 32, 8, 220, 17, 4, 320, 33, 8, 220, 18, 4, 320, 34, 8, 220, 605, 4, 320, 35, 8, 220, 2031, 14062, 16533, 25, 320], "attention_mask": [1, 1, 1, 1, 1, 1, 1, 1, 1, 1, 1, 1, 1, 1, 1, 1, 1, 1, 1, 1, 1, 1, 1, 1, 1, 1, 1, 1, 1, 1, 1, 1, 1, 1, 1, 1, 1, 1, 1, 1, 1, 1, 1, 1, 1], "safe_input_ids": [128000, 14924, 25, 27697, 6530, 315, 4078, 16, 304, 6789, 37123, 520, 220, 1774, 42127, 198, 3883, 25, 320, 32, 8, 220, 17, 4, 320, 33, 8, 220, 18, 4, 320, 34, 8, 220, 605, 4, 320, 35, 8, 220, 2031, 14062, 16533, 25, 320], "safe_attention_mask": [1, 1, 1, 1, 1, 1, 1, 1, 1, 1, 1, 1, 1, 1, 1, 1, 1, 1, 1, 1, 1, 1, 1, 1, 1, 1, 1, 1, 1, 1, 1, 1, 1, 1, 1, 1, 1, 1, 1, 1, 1, 1, 1, 1, 1], "pos_id": 423, "neg_id": 426}
{"input_ids": [128000, 14924, 25, 87742, 1100, 33252, 374, 3970, 449, 5380, 3883, 25, 320, 32, 8, 61245, 4428, 2320, 360, 55892, 28439, 320, 33, 8, 61245, 4428, 12, 47738, 28439, 320, 34, 8, 14094, 278, 264, 727, 357, 268, 10934, 320, 35, 8, 23727, 764, 437, 2119, 91260, 198, 16533, 25, 320], "attention_mask": [1, 1, 1, 1, 1, 1, 1, 1, 1, 1, 1, 1, 1, 1, 1, 1, 1, 1, 1, 1, 1, 1, 1, 1, 1, 1, 1, 1, 1, 1, 1, 1, 1, 1, 1, 1, 1, 1, 1, 1, 1, 1, 1, 1, 1, 1, 1, 1, 1, 1, 1], "safe_input_ids": [128000, 14924, 25, 87742, 1100, 33252, 374, 3970, 449, 5380, 3883, 25, 320, 32, 8, 61245, 4428, 2320, 360, 55892, 28439, 320, 33, 8, 61245, 4428, 12, 47738, 28439, 320, 34, 8, 14094, 278, 264, 727, 357, 268, 10934, 320, 35, 8, 23727, 764, 437, 2119, 91260, 198, 16533, 25, 320], "safe_attention_mask": [1, 1, 1, 1, 1, 1, 1, 1, 1, 1, 1, 1, 1, 1, 1, 1, 1, 1, 1, 1, 1, 1, 1, 1, 1, 1, 1, 1, 1, 1, 1, 1, 1, 1, 1, 1, 1, 1, 1, 1, 1, 1, 1, 1, 1, 1, 1, 1, 1, 1, 1], "pos_id": 362, "neg_id": 423}
{"input_ids": [128000, 14924, 25, 32359, 326, 589, 11160, 2191, 3135, 4245, 311, 198, 3883, 25, 320, 32, 8, 362, 1517, 4428, 59866, 320, 33, 8, 5468, 2739, 45775, 13935, 320, 34, 8, 7967, 6157, 320, 35, 8, 328, 2379, 14080, 483, 198, 16533, 25, 320], "attention_mask": [1, 1, 1, 1, 1, 1, 1, 1, 1, 1, 1, 1, 1, 1, 1, 1, 1, 1, 1, 1, 1, 1, 1, 1, 1, 1, 1, 1, 1, 1, 1, 1, 1, 1, 1, 1, 1, 1, 1, 1, 1, 1, 1, 1], "safe_input_ids": [128000, 14924, 25, 32359, 326, 589, 11160, 2191, 3135, 4245, 311, 198, 3883, 25, 320, 32, 8, 362, 1517, 4428, 59866, 320, 33, 8, 5468, 2739, 45775, 13935, 320, 34, 8, 7967, 6157, 320, 35, 8, 328, 2379, 14080, 483, 198, 16533, 25, 320], "safe_attention_mask": [1, 1, 1, 1, 1, 1, 1, 1, 1, 1, 1, 1, 1, 1, 1, 1, 1, 1, 1, 1, 1, 1, 1, 1, 1, 1, 1, 1, 1, 1, 1, 1, 1, 1, 1, 1, 1, 1, 1, 1, 1, 1, 1, 1], "pos_id": 356, "neg_id": 362}
{"input_ids": [128000, 14924, 25, 38829, 650, 2009, 12770, 374, 9057, 4245, 311, 264, 27472, 430, 3135, 304, 264, 50068, 520, 2361, 220, 19673, 35169, 20588, 311, 902, 315, 279, 2768, 512, 3883, 25, 320, 32, 8, 26349, 483, 320, 33, 8, 7793, 83334, 320, 34, 8, 79183, 66, 483, 320, 35, 8, 8444, 332, 20588, 198, 16533, 25, 320], "attention_mask": [1, 1, 1, 1, 1, 1, 1, 1, 1, 1, 1, 1, 1, 1, 1, 1, 1, 1, 1, 1, 1, 1, 1, 1, 1, 1, 1, 1, 1, 1, 1, 1, 1, 1, 1, 1, 1, 1, 1, 1, 1, 1, 1, 1, 1, 1, 1, 1, 1, 1, 1, 1, 1, 1, 1, 1, 1, 1], "safe_input_ids": [128000, 14924, 25, 38829, 650, 2009, 12770, 374, 9057, 4245, 311, 264, 27472, 430, 3135, 304, 264, 50068, 520, 2361, 220, 19673, 35169, 20588, 311, 902, 315, 279, 2768, 512, 3883, 25, 320, 32, 8, 26349, 483, 320, 33, 8, 7793, 83334, 320, 34, 8, 79183, 66, 483, 320, 35, 8, 8444, 332, 20588, 198, 16533, 25, 320], "safe_attention_mask": [1, 1, 1, 1, 1, 1, 1, 1, 1, 1, 1, 1, 1, 1, 1, 1, 1, 1, 1, 1, 1, 1, 1, 1, 1, 1, 1, 1, 1, 1, 1, 1, 1, 1, 1, 1, 1, 1, 1, 1, 1, 1, 1, 1, 1, 1, 1, 1, 1, 1, 1, 1, 1, 1, 1, 1, 1, 1], "pos_id": 426, "neg_id": 362}
{"input_ids": [128000, 14924, 25, 735, 3200, 301, 596, 1296, 374, 2884, 311, 20461, 9546, 315, 46196, 62073, 304, 6680, 627, 3883, 25, 320, 32, 8, 30982, 320, 33, 8, 27560, 14202, 19, 320, 34, 8, 7432, 320, 35, 8, 44327, 25282, 198, 16533, 25, 320], "attention_mask": [1, 1, 1, 1, 1, 1, 1, 1, 1, 1, 1, 1, 1, 1, 1, 1, 1, 1, 1, 1, 1, 1, 1, 1, 1, 1, 1, 1, 1, 1, 1, 1, 1, 1, 1, 1, 1, 1, 1, 1, 1, 1, 1, 1], "safe_input_ids": [128000, 14924, 25, 735, 3200, 301, 596, 1296, 374, 2884, 311, 20461, 9546, 315, 46196, 62073, 304, 6680, 627, 3883, 25, 320, 32, 8, 30982, 320, 33, 8, 27560, 14202, 19, 320, 34, 8, 7432, 320, 35, 8, 44327, 25282, 198, 16533, 25, 320], "safe_attention_mask": [1, 1, 1, 1, 1, 1, 1, 1, 1, 1, 1, 1, 1, 1, 1, 1, 1, 1, 1, 1, 1, 1, 1, 1, 1, 1, 1, 1, 1, 1, 1, 1, 1, 1, 1, 1, 1, 1, 1, 1, 1, 1, 1, 1], "pos_id": 356, "neg_id": 426}
{"input_ids": [128000, 14924, 25, 763, 902, 1162, 63581, 24264, 4007, 374, 16717, 18722, 3883, 25, 320, 32, 8, 32359, 89305, 62564, 320, 33, 8, 51568, 304, 22025, 768, 320, 34, 8, 82519, 5724, 320, 35, 8, 17229, 713, 304, 22025, 768, 198, 16533, 25, 320], "attention_mask": [1, 1, 1, 1, 1, 1, 1, 1, 1, 1, 1, 1, 1, 1, 1, 1, 1, 1, 1, 1, 1, 1, 1, 1, 1, 1, 1, 1, 1, 1, 1, 1, 1, 1, 1, 1, 1, 1, 1, 1, 1, 1, 1, 1], "safe_input_ids": [128000, 14924, 25, 763, 902, 1162, 63581, 24264, 4007, 374, 16717, 18722, 3883, 25, 320, 32, 8, 32359, 89305, 62564, 320, 33, 8, 51568, 304, 22025, 768, 320, 34, 8, 82519, 5724, 320, 35, 8, 17229, 713, 304, 22025, 768, 198, 16533, 25, 320], "safe_attention_mask": [1, 1, 1, 1, 1, 1, 1, 1, 1, 1, 1, 1, 1, 1, 1, 1, 1, 1, 1, 1, 1, 1, 1, 1, 1, 1, 1, 1, 1, 1, 1, 1, 1, 1, 1, 1, 1, 1, 1, 1, 1, 1, 1, 1], "pos_id": 362, "neg_id": 423}
{"input_ids": [128000, 14924, 25, 17019, 13192, 16109, 360, 7942, 374, 3970, 304, 18722, 3883, 25, 320, 32, 8, 386, 4057, 3159, 372, 320, 33, 8, 53948, 598, 10426, 320, 34, 8, 386, 5730, 258, 372, 320, 35, 8, 386, 514, 782, 23707, 198, 16533, 25, 320], "attention_mask": [1, 1, 1, 1, 1, 1, 1, 1, 1, 1, 1, 1, 1, 1, 1, 1, 1, 1, 1, 1, 1, 1, 1, 1, 1, 1, 1, 1, 1, 1, 1, 1, 1, 1, 1, 1, 1, 1, 1, 1, 1, 1, 1, 1, 1], "safe_input_ids": [128000, 14924, 25, 17019, 13192, 16109, 360, 7942, 374, 3970, 304, 18722, 3883, 25, 320, 32, 8, 386, 4057, 3159, 372, 320, 33, 8, 53948, 598, 10426, 320, 34, 8, 386, 5730, 258, 372, 320, 35, 8, 386, 514, 782, 23707, 198, 16533, 25, 320], "safe_attention_mask": [1, 1, 1, 1, 1, 1, 1, 1, 1, 1, 1, 1, 1, 1, 1, 1, 1, 1, 1, 1, 1, 1, 1, 1, 1, 1, 1, 1, 1, 1, 1, 1, 1, 1, 1, 1, 1, 1, 1, 1, 1, 1, 1, 1, 1], "pos_id": 356, "neg_id": 362}
{"input_ids": [128000, 14924, 25, 49962, 8225, 4006, 1669, 3579, 374, 264, 955, 315, 198, 3883, 25, 320, 32, 8, 75568, 66740, 2065, 320, 33, 8, 3347, 12844, 8082, 320, 34, 8, 50937, 320, 35, 8, 57253, 75, 2370, 198, 16533, 25, 320], "attention_mask": [1, 1, 1, 1, 1, 1, 1, 1, 1, 1, 1, 1, 1, 1, 1, 1, 1, 1, 1, 1, 1, 1, 1, 1, 1, 1, 1, 1, 1, 1, 1, 1, 1, 1, 1, 1, 1, 1, 1, 1, 1], "safe_input_ids": [128000, 14924, 25, 49962, 8225, 4006, 1669, 3579, 374, 264, 955, 315, 198, 3883, 25, 320, 32, 8, 75568, 66740, 2065, 320, 33, 8, 3347, 12844, 8082, 320, 34, 8, 50937, 320, 35, 8, 57253, 75, 2370, 198, 16533, 25, 320], "safe_attention_mask": [1, 1, 1, 1, 1, 1, 1, 1, 1, 1, 1, 1, 1, 1, 1, 1, 1, 1, 1, 1, 1, 1, 1, 1, 1, 1, 1, 1, 1, 1, 1, 1, 1, 1, 1, 1, 1, 1, 1, 1, 1], "pos_id": 362, "neg_id": 423}
{"input_ids": [128000, 14924, 25, 362, 220, 2491, 4771, 6418, 8954, 4737, 19185, 97201, 31453, 369, 7859, 10496, 6784, 304, 1077, 6206, 18911, 449, 7859, 6784, 304, 1077, 35446, 3051, 3158, 13, 480, 23834, 51856, 21667, 5361, 11, 38067, 11, 32455, 349, 71417, 13070, 5789, 304, 1077, 89385, 65104, 12252, 13, 12371, 3806, 552, 505, 832, 315, 1521, 71417, 13070, 63324, 16805, 65104, 33656, 43219, 919, 449, 1608, 9355, 323, 71417, 425, 13, 2360, 65104, 33656, 96971, 367, 374, 3970, 627, 3883, 25, 320, 32, 8, 10106, 21249, 56780, 20000, 320, 33, 8, 6515, 1088, 56780, 20000, 320, 34, 8, 9156, 70155, 56780, 20000, 320, 35, 8, 73782, 56780, 20000, 198, 16533, 25, 320], "attention_mask": [1, 1, 1, 1, 1, 1, 1, 1, 1, 1, 1, 1, 1, 1, 1, 1, 1, 1, 1, 1, 1, 1, 1, 1, 1, 1, 1, 1, 1, 1, 1, 1, 1, 1, 1, 1, 1, 1, 1, 1, 1, 1, 1, 1, 1, 1, 1, 1, 1, 1, 1, 1, 1, 1, 1, 1, 1, 1, 1, 1, 1, 1, 1, 1, 1, 1, 1, 1, 1, 1, 1, 1, 1, 1, 1, 1, 1, 1, 1, 1, 1, 1, 1, 1, 1, 1, 1, 1, 1, 1, 1, 1, 1, 1, 1, 1, 1, 1, 1, 1, 1, 1, 1, 1, 1, 1, 1, 1, 1, 1, 1, 1], "safe_input_ids": [128000, 14924, 25, 362, 220, 2491, 4771, 6418, 8954, 4737, 19185, 97201, 31453, 369, 7859, 10496, 6784, 304, 1077, 6206, 18911, 449, 7859, 6784, 304, 1077, 35446, 3051, 3158, 13, 480, 23834, 51856, 21667, 5361, 11, 38067, 11, 32455, 349, 71417, 13070, 5789, 304, 1077, 89385, 65104, 12252, 13, 12371, 3806, 552, 505, 832, 315, 1521, 71417, 13070, 63324, 16805, 65104, 33656, 43219, 919, 449, 1608, 9355, 323, 71417, 425, 13, 2360, 65104, 33656, 96971, 367, 374, 3970, 627, 3883, 25, 320, 32, 8, 10106, 21249, 56780, 20000, 320, 33, 8, 6515, 1088, 56780, 20000, 320, 34, 8, 9156, 70155, 56780, 20000, 320, 35, 8, 73782, 56780, 20000, 198, 16533, 25, 320], "safe_attention_mask": [1, 1, 1, 1, 1, 1, 1, 1, 1, 1, 1, 1, 1, 1, 1, 1, 1, 1, 1, 1, 1, 1, 1, 1, 1, 1, 1, 1, 1, 1, 1, 1, 1, 1, 1, 1, 1, 1, 1, 1, 1, 1, 1, 1, 1, 1, 1, 1, 1, 1, 1, 1, 1, 1, 1, 1, 1, 1, 1, 1, 1, 1, 1, 1, 1, 1, 1, 1, 1, 1, 1, 1, 1, 1, 1, 1, 1, 1, 1, 1, 1, 1, 1, 1, 1, 1, 1, 1, 1, 1, 1, 1, 1, 1, 1, 1, 1, 1, 1, 1, 1, 1, 1, 1, 1, 1, 1, 1, 1, 1, 1, 1], "pos_id": 426, "neg_id": 362}
{"input_ids": [128000, 14924, 25, 36378, 3904, 367, 36706, 315, 39551, 469, 374, 512, 3883, 25, 320, 32, 8, 220, 22, 50, 320, 33, 8, 220, 23, 50, 320, 34, 8, 220, 806, 50, 320, 35, 8, 220, 508, 328, 198, 16533, 25, 320], "attention_mask": [1, 1, 1, 1, 1, 1, 1, 1, 1, 1, 1, 1, 1, 1, 1, 1, 1, 1, 1, 1, 1, 1, 1, 1, 1, 1, 1, 1, 1, 1, 1, 1, 1, 1, 1, 1, 1, 1, 1, 1, 1, 1], "safe_input_ids": [128000, 14924, 25, 36378, 3904, 367, 36706, 315, 39551, 469, 374, 512, 3883, 25, 320, 32, 8, 220, 22, 50, 320, 33, 8, 220, 23, 50, 320, 34, 8, 220, 806, 50, 320, 35, 8, 220, 508, 328, 198, 16533, 25, 320], "safe_attention_mask": [1, 1, 1, 1, 1, 1, 1, 1, 1, 1, 1, 1, 1, 1, 1, 1, 1, 1, 1, 1, 1, 1, 1, 1, 1, 1, 1, 1, 1, 1, 1, 1, 1, 1, 1, 1, 1, 1, 1, 1, 1, 1], "pos_id": 426, "neg_id": 362}
{"input_ids": [128000, 14924, 25, 15922, 18222, 41214, 39975, 374, 99669, 555, 512, 3883, 25, 320, 32, 8, 90831, 1141, 292, 258, 320, 33, 8, 14693, 3042, 332, 337, 320, 34, 8, 4349, 331, 55103, 320, 35, 8, 92479, 316, 3418, 115324, 198, 16533, 25, 320], "attention_mask": [1, 1, 1, 1, 1, 1, 1, 1, 1, 1, 1, 1, 1, 1, 1, 1, 1, 1, 1, 1, 1, 1, 1, 1, 1, 1, 1, 1, 1, 1, 1, 1, 1, 1, 1, 1, 1, 1, 1, 1, 1, 1, 1, 1], "safe_input_ids": [128000, 14924, 25, 15922, 18222, 41214, 39975, 374, 99669, 555, 512, 3883, 25, 320, 32, 8, 90831, 1141, 292, 258, 320, 33, 8, 14693, 3042, 332, 337, 320, 34, 8, 4349, 331, 55103, 320, 35, 8, 92479, 316, 3418, 115324, 198, 16533, 25, 320], "safe_attention_mask": [1, 1, 1, 1, 1, 1, 1, 1, 1, 1, 1, 1, 1, 1, 1, 1, 1, 1, 1, 1, 1, 1, 1, 1, 1, 1, 1, 1, 1, 1, 1, 1, 1, 1, 1, 1, 1, 1, 1, 1, 1, 1, 1, 1], "pos_id": 362, "neg_id": 423}
{"input_ids": [128000, 14924, 25, 358, 747, 582, 73024, 22315, 374, 4279, 304, 902, 3044, 25, 5587, 220, 1049, 22, 198, 3883, 25, 320, 32, 8, 1556, 8050, 18310, 274, 3595, 4010, 20000, 320, 33, 8, 71636, 46313, 590, 23128, 38090, 320, 34, 8, 1050, 2058, 596, 28439, 320, 35, 8, 507, 5455, 78, 1494, 38090, 198, 16533, 25, 320], "attention_mask": [1, 1, 1, 1, 1, 1, 1, 1, 1, 1, 1, 1, 1, 1, 1, 1, 1, 1, 1, 1, 1, 1, 1, 1, 1, 1, 1, 1, 1, 1, 1, 1, 1, 1, 1, 1, 1, 1, 1, 1, 1, 1, 1, 1, 1, 1, 1, 1, 1, 1, 1, 1, 1, 1, 1, 1, 1, 1], "safe_input_ids": [128000, 14924, 25, 358, 747, 582, 73024, 22315, 374, 4279, 304, 902, 3044, 25, 5587, 220, 1049, 22, 198, 3883, 25, 320, 32, 8, 1556, 8050, 18310, 274, 3595, 4010, 20000, 320, 33, 8, 71636, 46313, 590, 23128, 38090, 320, 34, 8, 1050, 2058, 596, 28439, 320, 35, 8, 507, 5455, 78, 1494, 38090, 198, 16533, 25, 320], "safe_attention_mask": [1, 1, 1, 1, 1, 1, 1, 1, 1, 1, 1, 1, 1, 1, 1, 1, 1, 1, 1, 1, 1, 1, 1, 1, 1, 1, 1, 1, 1, 1, 1, 1, 1, 1, 1, 1, 1, 1, 1, 1, 1, 1, 1, 1, 1, 1, 1, 1, 1, 1, 1, 1, 1, 1, 1, 1, 1, 1], "pos_id": 362, "neg_id": 356}
{"input_ids": [128000, 14924, 25, 362, 220, 1272, 4771, 6418, 893, 18911, 449, 264, 220, 17, 30609, 3925, 315, 64648, 12, 8175, 21308, 8725, 17254, 11, 57455, 8725, 17254, 11, 75568, 802, 339, 50308, 6784, 315, 279, 31624, 11, 323, 57056, 6784, 13, 28479, 24481, 21667, 26682, 96971, 811, 315, 279, 65104, 12252, 315, 279, 2840, 598, 23806, 11, 439, 1664, 439, 21308, 89111, 339, 788, 8725, 17254, 323, 16898, 20526, 344, 20000, 13, 16299, 315, 279, 2768, 374, 279, 1455, 4461, 23842, 5380, 3883, 25, 320, 32, 8, 14954, 47492, 8624, 320, 33, 8, 9500, 2223, 70085, 320, 34, 8, 80806, 17847, 41033, 320, 35, 8, 19294, 5408, 20000, 16387, 12252, 198, 16533, 25, 320], "attention_mask": [1, 1, 1, 1, 1, 1, 1, 1, 1, 1, 1, 1, 1, 1, 1, 1, 1, 1, 1, 1, 1, 1, 1, 1, 1, 1, 1, 1, 1, 1, 1, 1, 1, 1, 1, 1, 1, 1, 1, 1, 1, 1, 1, 1, 1, 1, 1, 1, 1, 1, 1, 1, 1, 1, 1, 1, 1, 1, 1, 1, 1, 1, 1, 1, 1, 1, 1, 1, 1, 1, 1, 1, 1, 1, 1, 1, 1, 1, 1, 1, 1, 1, 1, 1, 1, 1, 1, 1, 1, 1, 1, 1, 1, 1, 1, 1, 1, 1, 1, 1, 1, 1, 1, 1, 1, 1, 1, 1, 1, 1, 1, 1, 1, 1], "safe_input_ids": [128000, 14924, 25, 362, 220, 1272, 4771, 6418, 893, 18911, 449, 264, 220, 17, 30609, 3925, 315, 64648, 12, 8175, 21308, 8725, 17254, 11, 57455, 8725, 17254, 11, 75568, 802, 339, 50308, 6784, 315, 279, 31624, 11, 323, 57056, 6784, 13, 28479, 24481, 21667, 26682, 96971, 811, 315, 279, 65104, 12252, 315, 279, 2840, 598, 23806, 11, 439, 1664, 439, 21308, 89111, 339, 788, 8725, 17254, 323, 16898, 20526, 344, 20000, 13, 16299, 315, 279, 2768, 374, 279, 1455, 4461, 23842, 5380, 3883, 25, 320, 32, 8, 14954, 47492, 8624, 320, 33, 8, 9500, 2223, 70085, 320, 34, 8, 80806, 17847, 41033, 320, 35, 8, 19294, 5408, 20000, 16387, 12252, 198, 16533, 25, 320], "safe_attention_mask": [1, 1, 1, 1, 1, 1, 1, 1, 1, 1, 1, 1, 1, 1, 1, 1, 1, 1, 1, 1, 1, 1, 1, 1, 1, 1, 1, 1, 1, 1, 1, 1, 1, 1, 1, 1, 1, 1, 1, 1, 1, 1, 1, 1, 1, 1, 1, 1, 1, 1, 1, 1, 1, 1, 1, 1, 1, 1, 1, 1, 1, 1, 1, 1, 1, 1, 1, 1, 1, 1, 1, 1, 1, 1, 1, 1, 1, 1, 1, 1, 1, 1, 1, 1, 1, 1, 1, 1, 1, 1, 1, 1, 1, 1, 1, 1, 1, 1, 1, 1, 1, 1, 1, 1, 1, 1, 1, 1, 1, 1, 1, 1, 1, 1], "pos_id": 362, "neg_id": 426}
{"input_ids": [128000, 14924, 25, 10180, 6160, 354, 34489, 1659, 539, 837, 18072, 3883, 25, 320, 32, 8, 10106, 28168, 635, 9659, 320, 33, 8, 56996, 311, 2753, 25685, 320, 34, 8, 9865, 25685, 311, 810, 25685, 320, 35, 8, 20400, 4642, 5623, 505, 463, 73821, 198, 16533, 25, 320], "attention_mask": [1, 1, 1, 1, 1, 1, 1, 1, 1, 1, 1, 1, 1, 1, 1, 1, 1, 1, 1, 1, 1, 1, 1, 1, 1, 1, 1, 1, 1, 1, 1, 1, 1, 1, 1, 1, 1, 1, 1, 1, 1, 1, 1, 1, 1, 1, 1, 1], "safe_input_ids": [128000, 14924, 25, 10180, 6160, 354, 34489, 1659, 539, 837, 18072, 3883, 25, 320, 32, 8, 10106, 28168, 635, 9659, 320, 33, 8, 56996, 311, 2753, 25685, 320, 34, 8, 9865, 25685, 311, 810, 25685, 320, 35, 8, 20400, 4642, 5623, 505, 463, 73821, 198, 16533, 25, 320], "safe_attention_mask": [1, 1, 1, 1, 1, 1, 1, 1, 1, 1, 1, 1, 1, 1, 1, 1, 1, 1, 1, 1, 1, 1, 1, 1, 1, 1, 1, 1, 1, 1, 1, 1, 1, 1, 1, 1, 1, 1, 1, 1, 1, 1, 1, 1, 1, 1, 1, 1], "pos_id": 426, "neg_id": 362}
{"input_ids": [128000, 14924, 25, 763, 902, 10474, 315, 2849, 11008, 11, 11311, 5403, 13980, 5380, 3883, 25, 320, 32, 8, 480, 16, 320, 33, 8, 328, 320, 34, 8, 480, 17, 320, 35, 8, 386, 198, 16533, 25, 320], "attention_mask": [1, 1, 1, 1, 1, 1, 1, 1, 1, 1, 1, 1, 1, 1, 1, 1, 1, 1, 1, 1, 1, 1, 1, 1, 1, 1, 1, 1, 1, 1, 1, 1, 1, 1, 1, 1, 1, 1], "safe_input_ids": [128000, 14924, 25, 763, 902, 10474, 315, 2849, 11008, 11, 11311, 5403, 13980, 5380, 3883, 25, 320, 32, 8, 480, 16, 320, 33, 8, 328, 320, 34, 8, 480, 17, 320, 35, 8, 386, 198, 16533, 25, 320], "safe_attention_mask": [1, 1, 1, 1, 1, 1, 1, 1, 1, 1, 1, 1, 1, 1, 1, 1, 1, 1, 1, 1, 1, 1, 1, 1, 1, 1, 1, 1, 1, 1, 1, 1, 1, 1, 1, 1, 1, 1], "pos_id": 426, "neg_id": 362}
{"input_ids": [128000, 14924, 25, 578, 1396, 315, 67656, 82, 8066, 304, 82170, 1302, 11008, 548, 18072, 3883, 25, 320, 32, 8, 220, 717, 320, 33, 8, 220, 1187, 320, 34, 8, 220, 868, 320, 35, 8, 220, 966, 198, 16533, 25, 320], "attention_mask": [1, 1, 1, 1, 1, 1, 1, 1, 1, 1, 1, 1, 1, 1, 1, 1, 1, 1, 1, 1, 1, 1, 1, 1, 1, 1, 1, 1, 1, 1, 1, 1, 1, 1, 1, 1, 1, 1, 1, 1, 1], "safe_input_ids": [128000, 14924, 25, 578, 1396, 315, 67656, 82, 8066, 304, 82170, 1302, 11008, 548, 18072, 3883, 25, 320, 32, 8, 220, 717, 320, 33, 8, 220, 1187, 320, 34, 8, 220, 868, 320, 35, 8, 220, 966, 198, 16533, 25, 320], "safe_attention_mask": [1, 1, 1, 1, 1, 1, 1, 1, 1, 1, 1, 1, 1, 1, 1, 1, 1, 1, 1, 1, 1, 1, 1, 1, 1, 1, 1, 1, 1, 1, 1, 1, 1, 1, 1, 1, 1, 1, 1, 1, 1], "pos_id": 426, "neg_id": 356}
{"input_ids": [128000, 14924, 25, 9576, 449, 23900, 8330, 396, 13, 763, 2221, 29051, 483, 11, 6160, 71, 3925, 11, 48006, 3925, 12222, 2457, 682, 4725, 13, 4563, 818, 278, 33766, 4725, 13, 2052, 1023, 8071, 5137, 4725, 3734, 62258, 4248, 7210, 31392, 11816, 13, 95452, 18072, 3883, 25, 320, 32, 8, 393, 22719, 496, 370, 117324, 320, 33, 8, 54064, 347, 1413, 8330, 396, 320, 34, 8, 1398, 5237, 11015, 320, 35, 8, 9419, 5237, 11015, 198, 16533, 25, 320], "attention_mask": [1, 1, 1, 1, 1, 1, 1, 1, 1, 1, 1, 1, 1, 1, 1, 1, 1, 1, 1, 1, 1, 1, 1, 1, 1, 1, 1, 1, 1, 1, 1, 1, 1, 1, 1, 1, 1, 1, 1, 1, 1, 1, 1, 1, 1, 1, 1, 1, 1, 1, 1, 1, 1, 1, 1, 1, 1, 1, 1, 1, 1, 1, 1, 1, 1, 1, 1, 1, 1, 1, 1, 1, 1, 1, 1, 1, 1, 1, 1], "safe_input_ids": [128000, 14924, 25, 9576, 449, 23900, 8330, 396, 13, 763, 2221, 29051, 483, 11, 6160, 71, 3925, 11, 48006, 3925, 12222, 2457, 682, 4725, 13, 4563, 818, 278, 33766, 4725, 13, 2052, 1023, 8071, 5137, 4725, 3734, 62258, 4248, 7210, 31392, 11816, 13, 95452, 18072, 3883, 25, 320, 32, 8, 393, 22719, 496, 370, 117324, 320, 33, 8, 54064, 347, 1413, 8330, 396, 320, 34, 8, 1398, 5237, 11015, 320, 35, 8, 9419, 5237, 11015, 198, 16533, 25, 320], "safe_attention_mask": [1, 1, 1, 1, 1, 1, 1, 1, 1, 1, 1, 1, 1, 1, 1, 1, 1, 1, 1, 1, 1, 1, 1, 1, 1, 1, 1, 1, 1, 1, 1, 1, 1, 1, 1, 1, 1, 1, 1, 1, 1, 1, 1, 1, 1, 1, 1, 1, 1, 1, 1, 1, 1, 1, 1, 1, 1, 1, 1, 1, 1, 1, 1, 1, 1, 1, 1, 1, 1, 1, 1, 1, 1, 1, 1, 1, 1, 1, 1], "pos_id": 362, "neg_id": 426}
{"input_ids": [128000, 14924, 25, 35567, 57767, 10805, 582, 6713, 532, 6070, 374, 512, 3883, 25, 320, 32, 8, 393, 5038, 977, 320, 33, 8, 393, 532, 348, 395, 2053, 320, 34, 8, 20742, 309, 977, 320, 35, 8, 31417, 5030, 198, 16533, 25, 320], "attention_mask": [1, 1, 1, 1, 1, 1, 1, 1, 1, 1, 1, 1, 1, 1, 1, 1, 1, 1, 1, 1, 1, 1, 1, 1, 1, 1, 1, 1, 1, 1, 1, 1, 1, 1, 1, 1, 1, 1, 1, 1, 1, 1, 1], "safe_input_ids": [128000, 14924, 25, 35567, 57767, 10805, 582, 6713, 532, 6070, 374, 512, 3883, 25, 320, 32, 8, 393, 5038, 977, 320, 33, 8, 393, 532, 348, 395, 2053, 320, 34, 8, 20742, 309, 977, 320, 35, 8, 31417, 5030, 198, 16533, 25, 320], "safe_attention_mask": [1, 1, 1, 1, 1, 1, 1, 1, 1, 1, 1, 1, 1, 1, 1, 1, 1, 1, 1, 1, 1, 1, 1, 1, 1, 1, 1, 1, 1, 1, 1, 1, 1, 1, 1, 1, 1, 1, 1, 1, 1, 1, 1], "pos_id": 356, "neg_id": 426}
{"input_ids": [128000, 14924, 25, 2876, 1511, 369, 11245, 21109, 304, 25, 24342, 11010, 220, 2545, 26, 8014, 1372, 220, 1032, 198, 3883, 25, 320, 32, 8, 20918, 41930, 17055, 87, 579, 320, 33, 8, 3959, 809, 462, 5241, 20588, 320, 34, 8, 18879, 496, 292, 30583, 425, 320, 35, 8, 13597, 292, 484, 20588, 198, 16533, 25, 320], "attention_mask": [1, 1, 1, 1, 1, 1, 1, 1, 1, 1, 1, 1, 1, 1, 1, 1, 1, 1, 1, 1, 1, 1, 1, 1, 1, 1, 1, 1, 1, 1, 1, 1, 1, 1, 1, 1, 1, 1, 1, 1, 1, 1, 1, 1, 1, 1, 1, 1, 1, 1, 1, 1, 1, 1, 1, 1, 1], "safe_input_ids": [128000, 14924, 25, 2876, 1511, 369, 11245, 21109, 304, 25, 24342, 11010, 220, 2545, 26, 8014, 1372, 220, 1032, 198, 3883, 25, 320, 32, 8, 20918, 41930, 17055, 87, 579, 320, 33, 8, 3959, 809, 462, 5241, 20588, 320, 34, 8, 18879, 496, 292, 30583, 425, 320, 35, 8, 13597, 292, 484, 20588, 198, 16533, 25, 320], "safe_attention_mask": [1, 1, 1, 1, 1, 1, 1, 1, 1, 1, 1, 1, 1, 1, 1, 1, 1, 1, 1, 1, 1, 1, 1, 1, 1, 1, 1, 1, 1, 1, 1, 1, 1, 1, 1, 1, 1, 1, 1, 1, 1, 1, 1, 1, 1, 1, 1, 1, 1, 1, 1, 1, 1, 1, 1, 1, 1], "pos_id": 423, "neg_id": 426}
{"input_ids": [128000, 14924, 25, 3962, 14917, 4398, 315, 279, 2010, 315, 279, 62268, 300, 2997, 682, 315, 279, 2768, 11, 3734, 512, 3883, 25, 320, 32, 8, 5629, 7251, 315, 279, 3930, 347, 9195, 320, 33, 8, 7874, 73394, 45339, 320, 34, 8, 63758, 2521, 348, 7304, 272, 2979, 320, 35, 8, 362, 20103, 198, 16533, 25, 320], "attention_mask": [1, 1, 1, 1, 1, 1, 1, 1, 1, 1, 1, 1, 1, 1, 1, 1, 1, 1, 1, 1, 1, 1, 1, 1, 1, 1, 1, 1, 1, 1, 1, 1, 1, 1, 1, 1, 1, 1, 1, 1, 1, 1, 1, 1, 1, 1, 1, 1, 1, 1, 1, 1, 1, 1, 1, 1, 1], "safe_input_ids": [128000, 14924, 25, 3962, 14917, 4398, 315, 279, 2010, 315, 279, 62268, 300, 2997, 682, 315, 279, 2768, 11, 3734, 512, 3883, 25, 320, 32, 8, 5629, 7251, 315, 279, 3930, 347, 9195, 320, 33, 8, 7874, 73394, 45339, 320, 34, 8, 63758, 2521, 348, 7304, 272, 2979, 320, 35, 8, 362, 20103, 198, 16533, 25, 320], "safe_attention_mask": [1, 1, 1, 1, 1, 1, 1, 1, 1, 1, 1, 1, 1, 1, 1, 1, 1, 1, 1, 1, 1, 1, 1, 1, 1, 1, 1, 1, 1, 1, 1, 1, 1, 1, 1, 1, 1, 1, 1, 1, 1, 1, 1, 1, 1, 1, 1, 1, 1, 1, 1, 1, 1, 1, 1, 1, 1], "pos_id": 362, "neg_id": 356}
{"input_ids": [128000, 14924, 25, 16299, 315, 279, 2768, 4455, 374, 6532, 304, 11551, 68256, 315, 279, 1167, 49865, 1295, 2391, 2046, 220, 16, 315, 4500, 5380, 3883, 25, 320, 32, 8, 362, 4101, 315, 757, 62114, 37601, 30164, 21327, 316, 13213, 320, 33, 8, 25003, 315, 7701, 89142, 21327, 316, 13213, 320, 34, 8, 1556, 7319, 9693, 99705, 10753, 292, 2262, 315, 21327, 316, 13213, 320, 35, 8, 362, 18979, 304, 1404, 315, 21327, 316, 13213, 198, 16533, 25, 320], "attention_mask": [1, 1, 1, 1, 1, 1, 1, 1, 1, 1, 1, 1, 1, 1, 1, 1, 1, 1, 1, 1, 1, 1, 1, 1, 1, 1, 1, 1, 1, 1, 1, 1, 1, 1, 1, 1, 1, 1, 1, 1, 1, 1, 1, 1, 1, 1, 1, 1, 1, 1, 1, 1, 1, 1, 1, 1, 1, 1, 1, 1, 1, 1, 1, 1, 1, 1, 1, 1, 1, 1, 1, 1, 1, 1, 1, 1, 1, 1, 1], "safe_input_ids": [128000, 14924, 25, 16299, 315, 279, 2768, 4455, 374, 6532, 304, 11551, 68256, 315, 279, 1167, 49865, 1295, 2391, 2046, 220, 16, 315, 4500, 5380, 3883, 25, 320, 32, 8, 362, 4101, 315, 757, 62114, 37601, 30164, 21327, 316, 13213, 320, 33, 8, 25003, 315, 7701, 89142, 21327, 316, 13213, 320, 34, 8, 1556, 7319, 9693, 99705, 10753, 292, 2262, 315, 21327, 316, 13213, 320, 35, 8, 362, 18979, 304, 1404, 315, 21327, 316, 13213, 198, 16533, 25, 320], "safe_attention_mask": [1, 1, 1, 1, 1, 1, 1, 1, 1, 1, 1, 1, 1, 1, 1, 1, 1, 1, 1, 1, 1, 1, 1, 1, 1, 1, 1, 1, 1, 1, 1, 1, 1, 1, 1, 1, 1, 1, 1, 1, 1, 1, 1, 1, 1, 1, 1, 1, 1, 1, 1, 1, 1, 1, 1, 1, 1, 1, 1, 1, 1, 1, 1, 1, 1, 1, 1, 1, 1, 1, 1, 1, 1, 1, 1, 1, 1, 1, 1], "pos_id": 423, "neg_id": 356}
{"input_ids": [128000, 14924, 25, 362, 8954, 1716, 449, 9043, 321, 2065, 11, 63308, 449, 3428, 32426, 5790, 258, 23842, 374, 6394, 3883, 25, 320, 32, 8, 220, 1691, 19481, 17055, 87, 4010, 521, 48294, 320, 33, 8, 220, 806, 34318, 17055, 87, 4010, 521, 48294, 320, 34, 8, 220, 18, 52355, 17055, 87, 4010, 521, 48294, 320, 35, 8, 18714, 753, 28439, 198, 16533, 25, 320], "attention_mask": [1, 1, 1, 1, 1, 1, 1, 1, 1, 1, 1, 1, 1, 1, 1, 1, 1, 1, 1, 1, 1, 1, 1, 1, 1, 1, 1, 1, 1, 1, 1, 1, 1, 1, 1, 1, 1, 1, 1, 1, 1, 1, 1, 1, 1, 1, 1, 1, 1, 1, 1, 1, 1, 1, 1, 1, 1, 1, 1, 1, 1, 1, 1, 1, 1], "safe_input_ids": [128000, 14924, 25, 362, 8954, 1716, 449, 9043, 321, 2065, 11, 63308, 449, 3428, 32426, 5790, 258, 23842, 374, 6394, 3883, 25, 320, 32, 8, 220, 1691, 19481, 17055, 87, 4010, 521, 48294, 320, 33, 8, 220, 806, 34318, 17055, 87, 4010, 521, 48294, 320, 34, 8, 220, 18, 52355, 17055, 87, 4010, 521, 48294, 320, 35, 8, 18714, 753, 28439, 198, 16533, 25, 320], "safe_attention_mask": [1, 1, 1, 1, 1, 1, 1, 1, 1, 1, 1, 1, 1, 1, 1, 1, 1, 1, 1, 1, 1, 1, 1, 1, 1, 1, 1, 1, 1, 1, 1, 1, 1, 1, 1, 1, 1, 1, 1, 1, 1, 1, 1, 1, 1, 1, 1, 1, 1, 1, 1, 1, 1, 1, 1, 1, 1, 1, 1, 1, 1, 1, 1, 1, 1], "pos_id": 426, "neg_id": 362}
{"input_ids": [128000, 14924, 25, 364, 16137, 291, 6, 59681, 290, 374, 8205, 315, 512, 3883, 25, 320, 32, 8, 29363, 59681, 290, 320, 33, 8, 40090, 59681, 290, 320, 34, 8, 6995, 6714, 59681, 290, 320, 35, 8, 7445, 69, 7235, 43100, 1082, 198, 16533, 25, 320], "attention_mask": [1, 1, 1, 1, 1, 1, 1, 1, 1, 1, 1, 1, 1, 1, 1, 1, 1, 1, 1, 1, 1, 1, 1, 1, 1, 1, 1, 1, 1, 1, 1, 1, 1, 1, 1, 1, 1, 1, 1, 1, 1, 1, 1, 1, 1, 1], "safe_input_ids": [128000, 14924, 25, 364, 16137, 291, 6, 59681, 290, 374, 8205, 315, 512, 3883, 25, 320, 32, 8, 29363, 59681, 290, 320, 33, 8, 40090, 59681, 290, 320, 34, 8, 6995, 6714, 59681, 290, 320, 35, 8, 7445, 69, 7235, 43100, 1082, 198, 16533, 25, 320], "safe_attention_mask": [1, 1, 1, 1, 1, 1, 1, 1, 1, 1, 1, 1, 1, 1, 1, 1, 1, 1, 1, 1, 1, 1, 1, 1, 1, 1, 1, 1, 1, 1, 1, 1, 1, 1, 1, 1, 1, 1, 1, 1, 1, 1, 1, 1, 1, 1], "pos_id": 426, "neg_id": 356}
{"input_ids": [128000, 14924, 25, 393, 318, 9700, 579, 17623, 311, 538, 315, 512, 3883, 25, 320, 32, 8, 666, 822, 339, 953, 32329, 1994, 320, 33, 8, 69883, 8942, 28073, 483, 320, 34, 8, 2030, 67910, 15112, 606, 320, 35, 8, 56147, 12301, 4010, 719, 4010, 281, 13154, 91073, 198, 16533, 25, 320], "attention_mask": [1, 1, 1, 1, 1, 1, 1, 1, 1, 1, 1, 1, 1, 1, 1, 1, 1, 1, 1, 1, 1, 1, 1, 1, 1, 1, 1, 1, 1, 1, 1, 1, 1, 1, 1, 1, 1, 1, 1, 1, 1, 1, 1, 1, 1, 1, 1, 1, 1, 1, 1, 1], "safe_input_ids": [128000, 14924, 25, 393, 318, 9700, 579, 17623, 311, 538, 315, 512, 3883, 25, 320, 32, 8, 666, 822, 339, 953, 32329, 1994, 320, 33, 8, 69883, 8942, 28073, 483, 320, 34, 8, 2030, 67910, 15112, 606, 320, 35, 8, 56147, 12301, 4010, 719, 4010, 281, 13154, 91073, 198, 16533, 25, 320], "safe_attention_mask": [1, 1, 1, 1, 1, 1, 1, 1, 1, 1, 1, 1, 1, 1, 1, 1, 1, 1, 1, 1, 1, 1, 1, 1, 1, 1, 1, 1, 1, 1, 1, 1, 1, 1, 1, 1, 1, 1, 1, 1, 1, 1, 1, 1, 1, 1, 1, 1, 1, 1, 1, 1], "pos_id": 423, "neg_id": 362}
{"input_ids": [128000, 14924, 25, 16299, 315, 279, 2768, 11217, 374, 3276, 28432, 664, 316, 25180, 5869, 292, 61597, 5380, 3883, 25, 320, 32, 8, 356, 24453, 56975, 258, 320, 33, 8, 423, 292, 385, 53742, 61597, 320, 34, 8, 70907, 582, 61597, 320, 35, 8, 19197, 53742, 61597, 198, 16533, 25, 320], "attention_mask": [1, 1, 1, 1, 1, 1, 1, 1, 1, 1, 1, 1, 1, 1, 1, 1, 1, 1, 1, 1, 1, 1, 1, 1, 1, 1, 1, 1, 1, 1, 1, 1, 1, 1, 1, 1, 1, 1, 1, 1, 1, 1, 1, 1, 1, 1, 1, 1, 1, 1, 1], "safe_input_ids": [128000, 14924, 25, 16299, 315, 279, 2768, 11217, 374, 3276, 28432, 664, 316, 25180, 5869, 292, 61597, 5380, 3883, 25, 320, 32, 8, 356, 24453, 56975, 258, 320, 33, 8, 423, 292, 385, 53742, 61597, 320, 34, 8, 70907, 582, 61597, 320, 35, 8, 19197, 53742, 61597, 198, 16533, 25, 320], "safe_attention_mask": [1, 1, 1, 1, 1, 1, 1, 1, 1, 1, 1, 1, 1, 1, 1, 1, 1, 1, 1, 1, 1, 1, 1, 1, 1, 1, 1, 1, 1, 1, 1, 1, 1, 1, 1, 1, 1, 1, 1, 1, 1, 1, 1, 1, 1, 1, 1, 1, 1, 1, 1], "pos_id": 356, "neg_id": 426}
{"input_ids": [128000, 14924, 25, 23548, 52236, 2160, 2402, 2231, 1116, 1335, 25, 8014, 1372, 220, 1032, 198, 3883, 25, 320, 32, 8, 89582, 33088, 579, 320, 33, 8, 30982, 320, 34, 8, 1676, 12021, 292, 320, 35, 8, 43640, 198, 16533, 25, 320], "attention_mask": [1, 1, 1, 1, 1, 1, 1, 1, 1, 1, 1, 1, 1, 1, 1, 1, 1, 1, 1, 1, 1, 1, 1, 1, 1, 1, 1, 1, 1, 1, 1, 1, 1, 1, 1, 1, 1, 1, 1, 1, 1, 1], "safe_input_ids": [128000, 14924, 25, 23548, 52236, 2160, 2402, 2231, 1116, 1335, 25, 8014, 1372, 220, 1032, 198, 3883, 25, 320, 32, 8, 89582, 33088, 579, 320, 33, 8, 30982, 320, 34, 8, 1676, 12021, 292, 320, 35, 8, 43640, 198, 16533, 25, 320], "safe_attention_mask": [1, 1, 1, 1, 1, 1, 1, 1, 1, 1, 1, 1, 1, 1, 1, 1, 1, 1, 1, 1, 1, 1, 1, 1, 1, 1, 1, 1, 1, 1, 1, 1, 1, 1, 1, 1, 1, 1, 1, 1, 1, 1], "pos_id": 356, "neg_id": 423}
{"input_ids": [128000, 14924, 25, 3082, 12518, 922, 1370, 354, 307, 67169, 198, 3883, 25, 320, 32, 8, 423, 670, 16264, 4083, 9703, 311, 8582, 220, 17, 303, 296, 7569, 26588, 320, 33, 8, 423, 670, 22710, 1634, 9346, 1430, 320, 34, 8, 8000, 82, 505, 77594, 347, 4289, 320, 35, 8, 8769, 316, 10088, 16178, 417, 2586, 505, 28900, 32015, 198, 16533, 25, 320], "attention_mask": [1, 1, 1, 1, 1, 1, 1, 1, 1, 1, 1, 1, 1, 1, 1, 1, 1, 1, 1, 1, 1, 1, 1, 1, 1, 1, 1, 1, 1, 1, 1, 1, 1, 1, 1, 1, 1, 1, 1, 1, 1, 1, 1, 1, 1, 1, 1, 1, 1, 1, 1, 1, 1, 1, 1, 1, 1, 1, 1, 1, 1, 1, 1], "safe_input_ids": [128000, 14924, 25, 3082, 12518, 922, 1370, 354, 307, 67169, 198, 3883, 25, 320, 32, 8, 423, 670, 16264, 4083, 9703, 311, 8582, 220, 17, 303, 296, 7569, 26588, 320, 33, 8, 423, 670, 22710, 1634, 9346, 1430, 320, 34, 8, 8000, 82, 505, 77594, 347, 4289, 320, 35, 8, 8769, 316, 10088, 16178, 417, 2586, 505, 28900, 32015, 198, 16533, 25, 320], "safe_attention_mask": [1, 1, 1, 1, 1, 1, 1, 1, 1, 1, 1, 1, 1, 1, 1, 1, 1, 1, 1, 1, 1, 1, 1, 1, 1, 1, 1, 1, 1, 1, 1, 1, 1, 1, 1, 1, 1, 1, 1, 1, 1, 1, 1, 1, 1, 1, 1, 1, 1, 1, 1, 1, 1, 1, 1, 1, 1, 1, 1, 1, 1, 1, 1], "pos_id": 362, "neg_id": 356}
{"input_ids": [128000, 14924, 25, 16299, 315, 279, 2768, 5224, 374, 905, 922, 17055, 70865, 5380, 3883, 25, 320, 32, 8, 1676, 5014, 4245, 311, 25589, 1920, 355, 58159, 285, 320, 33, 8, 14144, 369, 220, 20, 1667, 369, 54557, 22722, 315, 83066, 2223, 17055, 70865, 320, 34, 8, 10425, 596, 281, 1728, 315, 11347, 369, 2678, 17055, 70865, 320, 35, 8, 54082, 283, 6789, 596, 3721, 1349, 315, 11347, 369, 11298, 17055, 70865, 198, 16533, 25, 320], "attention_mask": [1, 1, 1, 1, 1, 1, 1, 1, 1, 1, 1, 1, 1, 1, 1, 1, 1, 1, 1, 1, 1, 1, 1, 1, 1, 1, 1, 1, 1, 1, 1, 1, 1, 1, 1, 1, 1, 1, 1, 1, 1, 1, 1, 1, 1, 1, 1, 1, 1, 1, 1, 1, 1, 1, 1, 1, 1, 1, 1, 1, 1, 1, 1, 1, 1, 1, 1, 1, 1, 1, 1, 1, 1, 1, 1, 1], "safe_input_ids": [128000, 14924, 25, 16299, 315, 279, 2768, 5224, 374, 905, 922, 17055, 70865, 5380, 3883, 25, 320, 32, 8, 1676, 5014, 4245, 311, 25589, 1920, 355, 58159, 285, 320, 33, 8, 14144, 369, 220, 20, 1667, 369, 54557, 22722, 315, 83066, 2223, 17055, 70865, 320, 34, 8, 10425, 596, 281, 1728, 315, 11347, 369, 2678, 17055, 70865, 320, 35, 8, 54082, 283, 6789, 596, 3721, 1349, 315, 11347, 369, 11298, 17055, 70865, 198, 16533, 25, 320], "safe_attention_mask": [1, 1, 1, 1, 1, 1, 1, 1, 1, 1, 1, 1, 1, 1, 1, 1, 1, 1, 1, 1, 1, 1, 1, 1, 1, 1, 1, 1, 1, 1, 1, 1, 1, 1, 1, 1, 1, 1, 1, 1, 1, 1, 1, 1, 1, 1, 1, 1, 1, 1, 1, 1, 1, 1, 1, 1, 1, 1, 1, 1, 1, 1, 1, 1, 1, 1, 1, 1, 1, 1, 1, 1, 1, 1, 1, 1], "pos_id": 426, "neg_id": 356}
{"input_ids": [128000, 14924, 25, 578, 1925, 6811, 1990, 29106, 9998, 323, 29106, 63027, 374, 512, 3883, 25, 320, 32, 8, 36424, 18528, 320, 33, 8, 10323, 2324, 320, 34, 8, 23342, 323, 1404, 315, 19252, 320, 35, 8, 11730, 392, 1429, 304, 3090, 198, 16533, 25, 320], "attention_mask": [1, 1, 1, 1, 1, 1, 1, 1, 1, 1, 1, 1, 1, 1, 1, 1, 1, 1, 1, 1, 1, 1, 1, 1, 1, 1, 1, 1, 1, 1, 1, 1, 1, 1, 1, 1, 1, 1, 1, 1, 1, 1, 1, 1, 1, 1], "safe_input_ids": [128000, 14924, 25, 578, 1925, 6811, 1990, 29106, 9998, 323, 29106, 63027, 374, 512, 3883, 25, 320, 32, 8, 36424, 18528, 320, 33, 8, 10323, 2324, 320, 34, 8, 23342, 323, 1404, 315, 19252, 320, 35, 8, 11730, 392, 1429, 304, 3090, 198, 16533, 25, 320], "safe_attention_mask": [1, 1, 1, 1, 1, 1, 1, 1, 1, 1, 1, 1, 1, 1, 1, 1, 1, 1, 1, 1, 1, 1, 1, 1, 1, 1, 1, 1, 1, 1, 1, 1, 1, 1, 1, 1, 1, 1, 1, 1, 1, 1, 1, 1, 1, 1], "pos_id": 356, "neg_id": 362}
{"input_ids": [128000, 14924, 25, 362, 14614, 11469, 220, 605, 4038, 2362, 1716, 1288, 387, 3025, 311, 656, 682, 315, 279, 2768, 3734, 115972, 3883, 25, 320, 32, 8, 15948, 7636, 320, 33, 8, 7199, 16557, 311, 47370, 320, 34, 8, 20305, 709, 264, 68510, 449, 25015, 323, 1963, 14654, 320, 35, 8, 8012, 264, 21970, 315, 220, 18, 4235, 19, 55204, 198, 16533, 25, 320], "attention_mask": [1, 1, 1, 1, 1, 1, 1, 1, 1, 1, 1, 1, 1, 1, 1, 1, 1, 1, 1, 1, 1, 1, 1, 1, 1, 1, 1, 1, 1, 1, 1, 1, 1, 1, 1, 1, 1, 1, 1, 1, 1, 1, 1, 1, 1, 1, 1, 1, 1, 1, 1, 1, 1, 1, 1, 1, 1, 1, 1, 1, 1, 1, 1, 1], "safe_input_ids": [128000, 14924, 25, 362, 14614, 11469, 220, 605, 4038, 2362, 1716, 1288, 387, 3025, 311, 656, 682, 315, 279, 2768, 3734, 115972, 3883, 25, 320, 32, 8, 15948, 7636, 320, 33, 8, 7199, 16557, 311, 47370, 320, 34, 8, 20305, 709, 264, 68510, 449, 25015, 323, 1963, 14654, 320, 35, 8, 8012, 264, 21970, 315, 220, 18, 4235, 19, 55204, 198, 16533, 25, 320], "safe_attention_mask": [1, 1, 1, 1, 1, 1, 1, 1, 1, 1, 1, 1, 1, 1, 1, 1, 1, 1, 1, 1, 1, 1, 1, 1, 1, 1, 1, 1, 1, 1, 1, 1, 1, 1, 1, 1, 1, 1, 1, 1, 1, 1, 1, 1, 1, 1, 1, 1, 1, 1, 1, 1, 1, 1, 1, 1, 1, 1, 1, 1, 1, 1, 1, 1], "pos_id": 423, "neg_id": 426}
{"input_ids": [128000, 14924, 25, 39333, 315, 2563, 300, 331, 9509, 5, 26, 82, 527, 3235, 198, 3883, 25, 320, 32, 8, 445, 32800, 29470, 320, 33, 8, 452, 651, 82, 320, 34, 8, 11050, 278, 320, 35, 8, 20671, 31080, 198, 16533, 25, 320], "attention_mask": [1, 1, 1, 1, 1, 1, 1, 1, 1, 1, 1, 1, 1, 1, 1, 1, 1, 1, 1, 1, 1, 1, 1, 1, 1, 1, 1, 1, 1, 1, 1, 1, 1, 1, 1, 1, 1, 1, 1, 1, 1, 1, 1], "safe_input_ids": [128000, 14924, 25, 39333, 315, 2563, 300, 331, 9509, 5, 26, 82, 527, 3235, 198, 3883, 25, 320, 32, 8, 445, 32800, 29470, 320, 33, 8, 452, 651, 82, 320, 34, 8, 11050, 278, 320, 35, 8, 20671, 31080, 198, 16533, 25, 320], "safe_attention_mask": [1, 1, 1, 1, 1, 1, 1, 1, 1, 1, 1, 1, 1, 1, 1, 1, 1, 1, 1, 1, 1, 1, 1, 1, 1, 1, 1, 1, 1, 1, 1, 1, 1, 1, 1, 1, 1, 1, 1, 1, 1, 1, 1], "pos_id": 356, "neg_id": 426}
{"input_ids": [128000, 14924, 25, 2052, 279, 18311, 304, 8893, 753, 11013, 527, 30293, 11754, 439, 6982, 304, 279, 12164, 3257, 13, 3639, 374, 279, 1455, 4461, 64048, 5380, 3883, 25, 320, 32, 8, 4078, 220, 16, 18653, 992, 22709, 501, 36259, 320, 33, 8, 4078, 220, 17, 18653, 992, 22709, 501, 36259, 320, 34, 8, 24172, 2868, 78125, 2191, 320, 35, 8, 3383, 301, 52379, 69063, 64, 198, 16533, 25, 320], "attention_mask": [1, 1, 1, 1, 1, 1, 1, 1, 1, 1, 1, 1, 1, 1, 1, 1, 1, 1, 1, 1, 1, 1, 1, 1, 1, 1, 1, 1, 1, 1, 1, 1, 1, 1, 1, 1, 1, 1, 1, 1, 1, 1, 1, 1, 1, 1, 1, 1, 1, 1, 1, 1, 1, 1, 1, 1, 1, 1, 1, 1, 1, 1, 1, 1, 1, 1, 1, 1, 1, 1], "safe_input_ids": [128000, 14924, 25, 2052, 279, 18311, 304, 8893, 753, 11013, 527, 30293, 11754, 439, 6982, 304, 279, 12164, 3257, 13, 3639, 374, 279, 1455, 4461, 64048, 5380, 3883, 25, 320, 32, 8, 4078, 220, 16, 18653, 992, 22709, 501, 36259, 320, 33, 8, 4078, 220, 17, 18653, 992, 22709, 501, 36259, 320, 34, 8, 24172, 2868, 78125, 2191, 320, 35, 8, 3383, 301, 52379, 69063, 64, 198, 16533, 25, 320], "safe_attention_mask": [1, 1, 1, 1, 1, 1, 1, 1, 1, 1, 1, 1, 1, 1, 1, 1, 1, 1, 1, 1, 1, 1, 1, 1, 1, 1, 1, 1, 1, 1, 1, 1, 1, 1, 1, 1, 1, 1, 1, 1, 1, 1, 1, 1, 1, 1, 1, 1, 1, 1, 1, 1, 1, 1, 1, 1, 1, 1, 1, 1, 1, 1, 1, 1, 1, 1, 1, 1, 1, 1], "pos_id": 426, "neg_id": 362}
{"input_ids": [128000, 14924, 25, 12877, 20330, 8954, 449, 3148, 304, 4662, 64, 13535, 66, 3074, 36908, 7319, 374, 18722, 3883, 25, 320, 32, 8, 393, 1098, 533, 258, 320, 33, 8, 67675, 55889, 483, 320, 34, 8, 9634, 26252, 320, 35, 8, 9827, 39, 198, 16533, 25, 320], "attention_mask": [1, 1, 1, 1, 1, 1, 1, 1, 1, 1, 1, 1, 1, 1, 1, 1, 1, 1, 1, 1, 1, 1, 1, 1, 1, 1, 1, 1, 1, 1, 1, 1, 1, 1, 1, 1, 1, 1, 1, 1, 1, 1, 1, 1, 1, 1, 1], "safe_input_ids": [128000, 14924, 25, 12877, 20330, 8954, 449, 3148, 304, 4662, 64, 13535, 66, 3074, 36908, 7319, 374, 18722, 3883, 25, 320, 32, 8, 393, 1098, 533, 258, 320, 33, 8, 67675, 55889, 483, 320, 34, 8, 9634, 26252, 320, 35, 8, 9827, 39, 198, 16533, 25, 320], "safe_attention_mask": [1, 1, 1, 1, 1, 1, 1, 1, 1, 1, 1, 1, 1, 1, 1, 1, 1, 1, 1, 1, 1, 1, 1, 1, 1, 1, 1, 1, 1, 1, 1, 1, 1, 1, 1, 1, 1, 1, 1, 1, 1, 1, 1, 1, 1, 1, 1], "pos_id": 362, "neg_id": 356}
{"input_ids": [128000, 14924, 25, 10320, 590, 17685, 59904, 1455, 4279, 13980, 304, 18072, 3883, 25, 320, 32, 8, 14881, 47305, 2987, 320, 33, 8, 90655, 320, 34, 8, 4487, 1605, 287, 320, 35, 8, 17747, 33030, 439, 12989, 68294, 198, 16533, 25, 320], "attention_mask": [1, 1, 1, 1, 1, 1, 1, 1, 1, 1, 1, 1, 1, 1, 1, 1, 1, 1, 1, 1, 1, 1, 1, 1, 1, 1, 1, 1, 1, 1, 1, 1, 1, 1, 1, 1, 1, 1, 1, 1, 1, 1], "safe_input_ids": [128000, 14924, 25, 10320, 590, 17685, 59904, 1455, 4279, 13980, 304, 18072, 3883, 25, 320, 32, 8, 14881, 47305, 2987, 320, 33, 8, 90655, 320, 34, 8, 4487, 1605, 287, 320, 35, 8, 17747, 33030, 439, 12989, 68294, 198, 16533, 25, 320], "safe_attention_mask": [1, 1, 1, 1, 1, 1, 1, 1, 1, 1, 1, 1, 1, 1, 1, 1, 1, 1, 1, 1, 1, 1, 1, 1, 1, 1, 1, 1, 1, 1, 1, 1, 1, 1, 1, 1, 1, 1, 1, 1, 1, 1], "pos_id": 362, "neg_id": 426}
{"input_ids": [128000, 14924, 25, 330, 11916, 1088, 386, 6147, 78, 768, 764, 278, 20000, 1, 374, 9057, 555, 512, 3883, 25, 320, 32, 8, 469, 13, 13034, 5849, 83055, 320, 33, 8, 30162, 8023, 689, 320, 34, 8, 15754, 569, 689, 320, 35, 8, 469, 13720, 72, 198, 16533, 25, 320], "attention_mask": [1, 1, 1, 1, 1, 1, 1, 1, 1, 1, 1, 1, 1, 1, 1, 1, 1, 1, 1, 1, 1, 1, 1, 1, 1, 1, 1, 1, 1, 1, 1, 1, 1, 1, 1, 1, 1, 1, 1, 1, 1, 1, 1, 1, 1, 1, 1, 1, 1, 1], "safe_input_ids": [128000, 14924, 25, 330, 11916, 1088, 386, 6147, 78, 768, 764, 278, 20000, 1, 374, 9057, 555, 512, 3883, 25, 320, 32, 8, 469, 13, 13034, 5849, 83055, 320, 33, 8, 30162, 8023, 689, 320, 34, 8, 15754, 569, 689, 320, 35, 8, 469, 13720, 72, 198, 16533, 25, 320], "safe_attention_mask": [1, 1, 1, 1, 1, 1, 1, 1, 1, 1, 1, 1, 1, 1, 1, 1, 1, 1, 1, 1, 1, 1, 1, 1, 1, 1, 1, 1, 1, 1, 1, 1, 1, 1, 1, 1, 1, 1, 1, 1, 1, 1, 1, 1, 1, 1, 1, 1, 1, 1], "pos_id": 426, "neg_id": 362}
{"input_ids": [128000, 14924, 25, 578, 1920, 315, 33812, 682, 80727, 2737, 993, 4692, 374, 2663, 6394, 3883, 25, 320, 32, 8, 4185, 258, 13421, 320, 33, 8, 6898, 285, 7270, 285, 320, 34, 8, 362, 325, 1725, 285, 320, 35, 8, 27155, 321, 2065, 198, 16533, 25, 320], "attention_mask": [1, 1, 1, 1, 1, 1, 1, 1, 1, 1, 1, 1, 1, 1, 1, 1, 1, 1, 1, 1, 1, 1, 1, 1, 1, 1, 1, 1, 1, 1, 1, 1, 1, 1, 1, 1, 1, 1, 1, 1, 1, 1, 1, 1, 1, 1, 1], "safe_input_ids": [128000, 14924, 25, 578, 1920, 315, 33812, 682, 80727, 2737, 993, 4692, 374, 2663, 6394, 3883, 25, 320, 32, 8, 4185, 258, 13421, 320, 33, 8, 6898, 285, 7270, 285, 320, 34, 8, 362, 325, 1725, 285, 320, 35, 8, 27155, 321, 2065, 198, 16533, 25, 320], "safe_attention_mask": [1, 1, 1, 1, 1, 1, 1, 1, 1, 1, 1, 1, 1, 1, 1, 1, 1, 1, 1, 1, 1, 1, 1, 1, 1, 1, 1, 1, 1, 1, 1, 1, 1, 1, 1, 1, 1, 1, 1, 1, 1, 1, 1, 1, 1, 1, 1], "pos_id": 423, "neg_id": 356}
{"input_ids": [128000, 14924, 25, 2052, 527, 3682, 13803, 315, 76914, 20000, 3734, 198, 3883, 25, 320, 32, 8, 39322, 278, 2565, 425, 320, 33, 8, 75622, 55146, 320, 34, 8, 39322, 278, 55146, 320, 35, 8, 20442, 275, 10934, 198, 16533, 25, 320], "attention_mask": [1, 1, 1, 1, 1, 1, 1, 1, 1, 1, 1, 1, 1, 1, 1, 1, 1, 1, 1, 1, 1, 1, 1, 1, 1, 1, 1, 1, 1, 1, 1, 1, 1, 1, 1, 1, 1, 1, 1, 1, 1, 1], "safe_input_ids": [128000, 14924, 25, 2052, 527, 3682, 13803, 315, 76914, 20000, 3734, 198, 3883, 25, 320, 32, 8, 39322, 278, 2565, 425, 320, 33, 8, 75622, 55146, 320, 34, 8, 39322, 278, 55146, 320, 35, 8, 20442, 275, 10934, 198, 16533, 25, 320], "safe_attention_mask": [1, 1, 1, 1, 1, 1, 1, 1, 1, 1, 1, 1, 1, 1, 1, 1, 1, 1, 1, 1, 1, 1, 1, 1, 1, 1, 1, 1, 1, 1, 1, 1, 1, 1, 1, 1, 1, 1, 1, 1, 1, 1], "pos_id": 423, "neg_id": 356}
{"input_ids": [128000, 14924, 25, 7648, 16614, 32015, 24722, 311, 9950, 5241, 689, 198, 3883, 25, 320, 32, 8, 362, 320, 33, 8, 426, 320, 34, 8, 356, 320, 35, 8, 2052, 527, 18813, 16614, 198, 16533, 25, 320], "attention_mask": [1, 1, 1, 1, 1, 1, 1, 1, 1, 1, 1, 1, 1, 1, 1, 1, 1, 1, 1, 1, 1, 1, 1, 1, 1, 1, 1, 1, 1, 1, 1, 1, 1, 1, 1, 1, 1], "safe_input_ids": [128000, 14924, 25, 7648, 16614, 32015, 24722, 311, 9950, 5241, 689, 198, 3883, 25, 320, 32, 8, 362, 320, 33, 8, 426, 320, 34, 8, 356, 320, 35, 8, 2052, 527, 18813, 16614, 198, 16533, 25, 320], "safe_attention_mask": [1, 1, 1, 1, 1, 1, 1, 1, 1, 1, 1, 1, 1, 1, 1, 1, 1, 1, 1, 1, 1, 1, 1, 1, 1, 1, 1, 1, 1, 1, 1, 1, 1, 1, 1, 1, 1], "pos_id": 426, "neg_id": 356}
{"input_ids": [128000, 14924, 25, 39322, 278, 35429, 372, 374, 14454, 3734, 555, 198, 3883, 25, 320, 32, 8, 3700, 69651, 12235, 315, 8537, 46159, 320, 33, 8, 650, 26429, 320, 34, 8, 39322, 278, 17685, 320, 35, 8, 445, 19715, 272, 607, 425, 198, 16533, 25, 320], "attention_mask": [1, 1, 1, 1, 1, 1, 1, 1, 1, 1, 1, 1, 1, 1, 1, 1, 1, 1, 1, 1, 1, 1, 1, 1, 1, 1, 1, 1, 1, 1, 1, 1, 1, 1, 1, 1, 1, 1, 1, 1, 1, 1, 1, 1, 1, 1], "safe_input_ids": [128000, 14924, 25, 39322, 278, 35429, 372, 374, 14454, 3734, 555, 198, 3883, 25, 320, 32, 8, 3700, 69651, 12235, 315, 8537, 46159, 320, 33, 8, 650, 26429, 320, 34, 8, 39322, 278, 17685, 320, 35, 8, 445, 19715, 272, 607, 425, 198, 16533, 25, 320], "safe_attention_mask": [1, 1, 1, 1, 1, 1, 1, 1, 1, 1, 1, 1, 1, 1, 1, 1, 1, 1, 1, 1, 1, 1, 1, 1, 1, 1, 1, 1, 1, 1, 1, 1, 1, 1, 1, 1, 1, 1, 1, 1, 1, 1, 1, 1, 1, 1], "pos_id": 423, "neg_id": 356}
{"input_ids": [128000, 14924, 25, 6344, 454, 1098, 337, 374, 15236, 927, 1322, 652, 39710, 337, 439, 433, 25, 6250, 220, 679, 15, 198, 3883, 25, 320, 32, 8, 2209, 810, 36875, 304, 22978, 13746, 12, 16, 44540, 320, 33, 8, 2209, 810, 36875, 304, 22978, 13746, 12, 17, 44540, 320, 34, 8, 2209, 810, 7524, 304, 98795, 7718, 18659, 1105, 320, 35, 8, 14727, 4825, 10368, 8824, 198, 16533, 25, 320], "attention_mask": [1, 1, 1, 1, 1, 1, 1, 1, 1, 1, 1, 1, 1, 1, 1, 1, 1, 1, 1, 1, 1, 1, 1, 1, 1, 1, 1, 1, 1, 1, 1, 1, 1, 1, 1, 1, 1, 1, 1, 1, 1, 1, 1, 1, 1, 1, 1, 1, 1, 1, 1, 1, 1, 1, 1, 1, 1, 1, 1, 1, 1, 1, 1, 1, 1, 1, 1, 1, 1, 1], "safe_input_ids": [128000, 14924, 25, 6344, 454, 1098, 337, 374, 15236, 927, 1322, 652, 39710, 337, 439, 433, 25, 6250, 220, 679, 15, 198, 3883, 25, 320, 32, 8, 2209, 810, 36875, 304, 22978, 13746, 12, 16, 44540, 320, 33, 8, 2209, 810, 36875, 304, 22978, 13746, 12, 17, 44540, 320, 34, 8, 2209, 810, 7524, 304, 98795, 7718, 18659, 1105, 320, 35, 8, 14727, 4825, 10368, 8824, 198, 16533, 25, 320], "safe_attention_mask": [1, 1, 1, 1, 1, 1, 1, 1, 1, 1, 1, 1, 1, 1, 1, 1, 1, 1, 1, 1, 1, 1, 1, 1, 1, 1, 1, 1, 1, 1, 1, 1, 1, 1, 1, 1, 1, 1, 1, 1, 1, 1, 1, 1, 1, 1, 1, 1, 1, 1, 1, 1, 1, 1, 1, 1, 1, 1, 1, 1, 1, 1, 1, 1, 1, 1, 1, 1, 1, 1], "pos_id": 362, "neg_id": 356}
{"input_ids": [128000, 14924, 25, 2052, 690, 80632, 2972, 311, 264, 91882, 91711, 11, 3734, 198, 3883, 25, 320, 32, 8, 13525, 511, 599, 258, 22689, 320, 33, 8, 435, 10892, 258, 11968, 320, 34, 8, 96104, 320, 35, 8, 42239, 454, 91748, 362, 198, 16533, 25, 320], "attention_mask": [1, 1, 1, 1, 1, 1, 1, 1, 1, 1, 1, 1, 1, 1, 1, 1, 1, 1, 1, 1, 1, 1, 1, 1, 1, 1, 1, 1, 1, 1, 1, 1, 1, 1, 1, 1, 1, 1, 1, 1, 1, 1, 1, 1, 1, 1], "safe_input_ids": [128000, 14924, 25, 2052, 690, 80632, 2972, 311, 264, 91882, 91711, 11, 3734, 198, 3883, 25, 320, 32, 8, 13525, 511, 599, 258, 22689, 320, 33, 8, 435, 10892, 258, 11968, 320, 34, 8, 96104, 320, 35, 8, 42239, 454, 91748, 362, 198, 16533, 25, 320], "safe_attention_mask": [1, 1, 1, 1, 1, 1, 1, 1, 1, 1, 1, 1, 1, 1, 1, 1, 1, 1, 1, 1, 1, 1, 1, 1, 1, 1, 1, 1, 1, 1, 1, 1, 1, 1, 1, 1, 1, 1, 1, 1, 1, 1, 1, 1, 1, 1], "pos_id": 356, "neg_id": 426}
{"input_ids": [128000, 14924, 25, 7648, 6129, 86919, 3970, 304, 1023, 8071, 1306, 54286, 11134, 311, 832, 8071, 25, 5587, 220, 1049, 20, 11, 6250, 220, 1049, 23, 198, 3883, 25, 320, 32, 8, 3804, 93540, 20526, 4023, 71417, 425, 320, 33, 8, 4563, 818, 278, 1608, 9355, 320, 34, 8, 5837, 1331, 589, 5411, 297, 81937, 689, 320, 35, 8, 328, 39095, 4814, 315, 11376, 198, 16533, 25, 320], "attention_mask": [1, 1, 1, 1, 1, 1, 1, 1, 1, 1, 1, 1, 1, 1, 1, 1, 1, 1, 1, 1, 1, 1, 1, 1, 1, 1, 1, 1, 1, 1, 1, 1, 1, 1, 1, 1, 1, 1, 1, 1, 1, 1, 1, 1, 1, 1, 1, 1, 1, 1, 1, 1, 1, 1, 1, 1, 1, 1, 1, 1, 1, 1, 1, 1, 1, 1, 1, 1], "safe_input_ids": [128000, 14924, 25, 7648, 6129, 86919, 3970, 304, 1023, 8071, 1306, 54286, 11134, 311, 832, 8071, 25, 5587, 220, 1049, 20, 11, 6250, 220, 1049, 23, 198, 3883, 25, 320, 32, 8, 3804, 93540, 20526, 4023, 71417, 425, 320, 33, 8, 4563, 818, 278, 1608, 9355, 320, 34, 8, 5837, 1331, 589, 5411, 297, 81937, 689, 320, 35, 8, 328, 39095, 4814, 315, 11376, 198, 16533, 25, 320], "safe_attention_mask": [1, 1, 1, 1, 1, 1, 1, 1, 1, 1, 1, 1, 1, 1, 1, 1, 1, 1, 1, 1, 1, 1, 1, 1, 1, 1, 1, 1, 1, 1, 1, 1, 1, 1, 1, 1, 1, 1, 1, 1, 1, 1, 1, 1, 1, 1, 1, 1, 1, 1, 1, 1, 1, 1, 1, 1, 1, 1, 1, 1, 1, 1, 1, 1, 1, 1, 1, 1], "pos_id": 356, "neg_id": 362}
{"input_ids": [128000, 14924, 25, 91616, 17037, 3970, 304, 6929, 19823, 3970, 304, 7724, 25, 7058, 3883, 25, 320, 32, 8, 6588, 3201, 505, 2162, 320, 33, 8, 5234, 5326, 7392, 7865, 320, 34, 8, 28479, 40307, 320, 35, 8, 95300, 45647, 198, 16533, 25, 320], "attention_mask": [1, 1, 1, 1, 1, 1, 1, 1, 1, 1, 1, 1, 1, 1, 1, 1, 1, 1, 1, 1, 1, 1, 1, 1, 1, 1, 1, 1, 1, 1, 1, 1, 1, 1, 1, 1, 1, 1, 1, 1, 1, 1, 1, 1], "safe_input_ids": [128000, 14924, 25, 91616, 17037, 3970, 304, 6929, 19823, 3970, 304, 7724, 25, 7058, 3883, 25, 320, 32, 8, 6588, 3201, 505, 2162, 320, 33, 8, 5234, 5326, 7392, 7865, 320, 34, 8, 28479, 40307, 320, 35, 8, 95300, 45647, 198, 16533, 25, 320], "safe_attention_mask": [1, 1, 1, 1, 1, 1, 1, 1, 1, 1, 1, 1, 1, 1, 1, 1, 1, 1, 1, 1, 1, 1, 1, 1, 1, 1, 1, 1, 1, 1, 1, 1, 1, 1, 1, 1, 1, 1, 1, 1, 1, 1, 1, 1], "pos_id": 356, "neg_id": 426}
{"input_ids": [128000, 14924, 25, 16299, 315, 279, 2768, 264, 1083, 540, 398, 9594, 3422, 706, 279, 8592, 44964, 299, 998, 14668, 488, 5380, 3883, 25, 320, 32, 8, 4366, 316, 316, 65156, 320, 33, 8, 36772, 80797, 65156, 320, 34, 8, 3383, 1609, 40488, 320, 35, 8, 4275, 316, 65156, 198, 16533, 25, 320], "attention_mask": [1, 1, 1, 1, 1, 1, 1, 1, 1, 1, 1, 1, 1, 1, 1, 1, 1, 1, 1, 1, 1, 1, 1, 1, 1, 1, 1, 1, 1, 1, 1, 1, 1, 1, 1, 1, 1, 1, 1, 1, 1, 1, 1, 1, 1, 1, 1, 1, 1, 1, 1, 1, 1], "safe_input_ids": [128000, 14924, 25, 16299, 315, 279, 2768, 264, 1083, 540, 398, 9594, 3422, 706, 279, 8592, 44964, 299, 998, 14668, 488, 5380, 3883, 25, 320, 32, 8, 4366, 316, 316, 65156, 320, 33, 8, 36772, 80797, 65156, 320, 34, 8, 3383, 1609, 40488, 320, 35, 8, 4275, 316, 65156, 198, 16533, 25, 320], "safe_attention_mask": [1, 1, 1, 1, 1, 1, 1, 1, 1, 1, 1, 1, 1, 1, 1, 1, 1, 1, 1, 1, 1, 1, 1, 1, 1, 1, 1, 1, 1, 1, 1, 1, 1, 1, 1, 1, 1, 1, 1, 1, 1, 1, 1, 1, 1, 1, 1, 1, 1, 1, 1, 1, 1], "pos_id": 423, "neg_id": 362}
{"input_ids": [128000, 14924, 25, 91616, 390, 23985, 15798, 374, 3970, 304, 512, 3883, 25, 320, 32, 8, 12431, 2494, 320, 33, 8, 14874, 8148, 3841, 49774, 320, 34, 8, 13484, 315, 5414, 320, 35, 8, 27505, 57333, 95736, 532, 16178, 417, 198, 16533, 25, 320], "attention_mask": [1, 1, 1, 1, 1, 1, 1, 1, 1, 1, 1, 1, 1, 1, 1, 1, 1, 1, 1, 1, 1, 1, 1, 1, 1, 1, 1, 1, 1, 1, 1, 1, 1, 1, 1, 1, 1, 1, 1, 1, 1, 1, 1, 1], "safe_input_ids": [128000, 14924, 25, 91616, 390, 23985, 15798, 374, 3970, 304, 512, 3883, 25, 320, 32, 8, 12431, 2494, 320, 33, 8, 14874, 8148, 3841, 49774, 320, 34, 8, 13484, 315, 5414, 320, 35, 8, 27505, 57333, 95736, 532, 16178, 417, 198, 16533, 25, 320], "safe_attention_mask": [1, 1, 1, 1, 1, 1, 1, 1, 1, 1, 1, 1, 1, 1, 1, 1, 1, 1, 1, 1, 1, 1, 1, 1, 1, 1, 1, 1, 1, 1, 1, 1, 1, 1, 1, 1, 1, 1, 1, 1, 1, 1, 1, 1], "pos_id": 362, "neg_id": 356}
{"input_ids": [128000, 14924, 25, 53259, 532, 100213, 81868, 788, 10062, 981, 285, 374, 32971, 555, 682, 3734, 198, 3883, 25, 320, 32, 8, 92652, 53911, 47862, 535, 18874, 320, 33, 8, 4497, 1109, 220, 1041, 1499, 76299, 304, 79887, 95081, 3158, 320, 34, 8, 3735, 76299, 3970, 304, 3930, 347, 9195, 320, 35, 8, 26041, 20653, 65050, 78167, 527, 3118, 198, 16533, 25, 320], "attention_mask": [1, 1, 1, 1, 1, 1, 1, 1, 1, 1, 1, 1, 1, 1, 1, 1, 1, 1, 1, 1, 1, 1, 1, 1, 1, 1, 1, 1, 1, 1, 1, 1, 1, 1, 1, 1, 1, 1, 1, 1, 1, 1, 1, 1, 1, 1, 1, 1, 1, 1, 1, 1, 1, 1, 1, 1, 1, 1, 1, 1, 1, 1, 1], "safe_input_ids": [128000, 14924, 25, 53259, 532, 100213, 81868, 788, 10062, 981, 285, 374, 32971, 555, 682, 3734, 198, 3883, 25, 320, 32, 8, 92652, 53911, 47862, 535, 18874, 320, 33, 8, 4497, 1109, 220, 1041, 1499, 76299, 304, 79887, 95081, 3158, 320, 34, 8, 3735, 76299, 3970, 304, 3930, 347, 9195, 320, 35, 8, 26041, 20653, 65050, 78167, 527, 3118, 198, 16533, 25, 320], "safe_attention_mask": [1, 1, 1, 1, 1, 1, 1, 1, 1, 1, 1, 1, 1, 1, 1, 1, 1, 1, 1, 1, 1, 1, 1, 1, 1, 1, 1, 1, 1, 1, 1, 1, 1, 1, 1, 1, 1, 1, 1, 1, 1, 1, 1, 1, 1, 1, 1, 1, 1, 1, 1, 1, 1, 1, 1, 1, 1, 1, 1, 1, 1, 1, 1], "pos_id": 362, "neg_id": 356}
{"input_ids": [128000, 14924, 25, 763, 3441, 10670, 596, 6492, 11, 328, 7476, 32216, 512, 3883, 25, 320, 32, 8, 12661, 315, 11837, 1260, 304, 12976, 311, 70637, 532, 2385, 320, 33, 8, 12661, 315, 1973, 6374, 304, 12976, 311, 70637, 532, 2385, 320, 34, 8, 7639, 22532, 1474, 438, 581, 1299, 5133, 320, 35, 8, 2290, 315, 279, 3485, 198, 16533, 25, 320], "attention_mask": [1, 1, 1, 1, 1, 1, 1, 1, 1, 1, 1, 1, 1, 1, 1, 1, 1, 1, 1, 1, 1, 1, 1, 1, 1, 1, 1, 1, 1, 1, 1, 1, 1, 1, 1, 1, 1, 1, 1, 1, 1, 1, 1, 1, 1, 1, 1, 1, 1, 1, 1, 1, 1, 1, 1, 1, 1, 1, 1, 1, 1, 1], "safe_input_ids": [128000, 14924, 25, 763, 3441, 10670, 596, 6492, 11, 328, 7476, 32216, 512, 3883, 25, 320, 32, 8, 12661, 315, 11837, 1260, 304, 12976, 311, 70637, 532, 2385, 320, 33, 8, 12661, 315, 1973, 6374, 304, 12976, 311, 70637, 532, 2385, 320, 34, 8, 7639, 22532, 1474, 438, 581, 1299, 5133, 320, 35, 8, 2290, 315, 279, 3485, 198, 16533, 25, 320], "safe_attention_mask": [1, 1, 1, 1, 1, 1, 1, 1, 1, 1, 1, 1, 1, 1, 1, 1, 1, 1, 1, 1, 1, 1, 1, 1, 1, 1, 1, 1, 1, 1, 1, 1, 1, 1, 1, 1, 1, 1, 1, 1, 1, 1, 1, 1, 1, 1, 1, 1, 1, 1, 1, 1, 1, 1, 1, 1, 1, 1, 1, 1, 1, 1], "pos_id": 426, "neg_id": 362}
{"input_ids": [128000, 14924, 25, 662, 46962, 51480, 278, 10119, 374, 4276, 1511, 369, 279, 6514, 315, 7058, 3883, 25, 320, 32, 8, 25611, 25105, 596, 8624, 320, 33, 8, 71636, 46313, 590, 23128, 38090, 320, 34, 8, 328, 8362, 590, 10934, 320, 35, 8, 16991, 3913, 1413, 1400, 20000, 198, 16533, 25, 320], "attention_mask": [1, 1, 1, 1, 1, 1, 1, 1, 1, 1, 1, 1, 1, 1, 1, 1, 1, 1, 1, 1, 1, 1, 1, 1, 1, 1, 1, 1, 1, 1, 1, 1, 1, 1, 1, 1, 1, 1, 1, 1, 1, 1, 1, 1, 1, 1, 1, 1, 1, 1, 1, 1], "safe_input_ids": [128000, 14924, 25, 662, 46962, 51480, 278, 10119, 374, 4276, 1511, 369, 279, 6514, 315, 7058, 3883, 25, 320, 32, 8, 25611, 25105, 596, 8624, 320, 33, 8, 71636, 46313, 590, 23128, 38090, 320, 34, 8, 328, 8362, 590, 10934, 320, 35, 8, 16991, 3913, 1413, 1400, 20000, 198, 16533, 25, 320], "safe_attention_mask": [1, 1, 1, 1, 1, 1, 1, 1, 1, 1, 1, 1, 1, 1, 1, 1, 1, 1, 1, 1, 1, 1, 1, 1, 1, 1, 1, 1, 1, 1, 1, 1, 1, 1, 1, 1, 1, 1, 1, 1, 1, 1, 1, 1, 1, 1, 1, 1, 1, 1, 1, 1], "pos_id": 356, "neg_id": 362}
{"input_ids": [128000, 14924, 25, 3962, 54286, 8631, 19823, 374, 89142, 505, 1023, 18547, 24673, 555, 902, 315, 279, 2768, 13803, 5380, 3883, 25, 320, 32, 8, 13120, 63636, 320, 33, 8, 1050, 2922, 2299, 315, 3347, 31959, 1567, 320, 34, 8, 39515, 651, 343, 321, 685, 320, 35, 8, 35106, 685, 198, 16533, 25, 320], "attention_mask": [1, 1, 1, 1, 1, 1, 1, 1, 1, 1, 1, 1, 1, 1, 1, 1, 1, 1, 1, 1, 1, 1, 1, 1, 1, 1, 1, 1, 1, 1, 1, 1, 1, 1, 1, 1, 1, 1, 1, 1, 1, 1, 1, 1, 1, 1, 1, 1, 1, 1, 1, 1, 1, 1], "safe_input_ids": [128000, 14924, 25, 3962, 54286, 8631, 19823, 374, 89142, 505, 1023, 18547, 24673, 555, 902, 315, 279, 2768, 13803, 5380, 3883, 25, 320, 32, 8, 13120, 63636, 320, 33, 8, 1050, 2922, 2299, 315, 3347, 31959, 1567, 320, 34, 8, 39515, 651, 343, 321, 685, 320, 35, 8, 35106, 685, 198, 16533, 25, 320], "safe_attention_mask": [1, 1, 1, 1, 1, 1, 1, 1, 1, 1, 1, 1, 1, 1, 1, 1, 1, 1, 1, 1, 1, 1, 1, 1, 1, 1, 1, 1, 1, 1, 1, 1, 1, 1, 1, 1, 1, 1, 1, 1, 1, 1, 1, 1, 1, 1, 1, 1, 1, 1, 1, 1, 1, 1], "pos_id": 426, "neg_id": 362}
{"input_ids": [128000, 14924, 25, 16299, 16124, 374, 8647, 369, 80478, 315, 22095, 5380, 3883, 25, 320, 32, 8, 10466, 69178, 355, 320, 33, 8, 65048, 75669, 5103, 51380, 320, 34, 8, 14582, 275, 408, 15570, 355, 320, 35, 8, 14582, 318, 60163, 44705, 355, 198, 16533, 25, 320], "attention_mask": [1, 1, 1, 1, 1, 1, 1, 1, 1, 1, 1, 1, 1, 1, 1, 1, 1, 1, 1, 1, 1, 1, 1, 1, 1, 1, 1, 1, 1, 1, 1, 1, 1, 1, 1, 1, 1, 1, 1, 1, 1, 1, 1, 1, 1, 1, 1], "safe_input_ids": [128000, 14924, 25, 16299, 16124, 374, 8647, 369, 80478, 315, 22095, 5380, 3883, 25, 320, 32, 8, 10466, 69178, 355, 320, 33, 8, 65048, 75669, 5103, 51380, 320, 34, 8, 14582, 275, 408, 15570, 355, 320, 35, 8, 14582, 318, 60163, 44705, 355, 198, 16533, 25, 320], "safe_attention_mask": [1, 1, 1, 1, 1, 1, 1, 1, 1, 1, 1, 1, 1, 1, 1, 1, 1, 1, 1, 1, 1, 1, 1, 1, 1, 1, 1, 1, 1, 1, 1, 1, 1, 1, 1, 1, 1, 1, 1, 1, 1, 1, 1, 1, 1, 1, 1], "pos_id": 362, "neg_id": 426}
{"input_ids": [128000, 14924, 25, 3735, 1631, 41969, 10594, 57333, 259, 613, 3418, 569, 689, 649, 12446, 994, 2024, 31453, 329, 483, 7, 519, 7141, 380, 8778, 292, 997, 3883, 25, 320, 32, 8, 2209, 1080, 68066, 449, 12657, 411, 442, 65156, 320, 33, 8, 2209, 1080, 68066, 449, 20236, 444, 77001, 320, 34, 8, 2209, 2728, 304, 5190, 35130, 320, 35, 8, 3816, 63371, 48405, 10074, 198, 16533, 25, 320], "attention_mask": [1, 1, 1, 1, 1, 1, 1, 1, 1, 1, 1, 1, 1, 1, 1, 1, 1, 1, 1, 1, 1, 1, 1, 1, 1, 1, 1, 1, 1, 1, 1, 1, 1, 1, 1, 1, 1, 1, 1, 1, 1, 1, 1, 1, 1, 1, 1, 1, 1, 1, 1, 1, 1, 1, 1, 1, 1, 1, 1, 1, 1, 1, 1, 1, 1, 1, 1, 1, 1], "safe_input_ids": [128000, 14924, 25, 3735, 1631, 41969, 10594, 57333, 259, 613, 3418, 569, 689, 649, 12446, 994, 2024, 31453, 329, 483, 7, 519, 7141, 380, 8778, 292, 997, 3883, 25, 320, 32, 8, 2209, 1080, 68066, 449, 12657, 411, 442, 65156, 320, 33, 8, 2209, 1080, 68066, 449, 20236, 444, 77001, 320, 34, 8, 2209, 2728, 304, 5190, 35130, 320, 35, 8, 3816, 63371, 48405, 10074, 198, 16533, 25, 320], "safe_attention_mask": [1, 1, 1, 1, 1, 1, 1, 1, 1, 1, 1, 1, 1, 1, 1, 1, 1, 1, 1, 1, 1, 1, 1, 1, 1, 1, 1, 1, 1, 1, 1, 1, 1, 1, 1, 1, 1, 1, 1, 1, 1, 1, 1, 1, 1, 1, 1, 1, 1, 1, 1, 1, 1, 1, 1, 1, 1, 1, 1, 1, 1, 1, 1, 1, 1, 1, 1, 1, 1], "pos_id": 356, "neg_id": 426}
{"input_ids": [128000, 14924, 25, 16299, 3777, 31711, 3116, 463, 35511, 512, 3883, 25, 320, 32, 8, 452, 1846, 39, 29342, 51715, 307, 461, 1076, 521, 320, 33, 8, 18221, 998, 33002, 482, 34, 36172, 521, 320, 34, 8, 18221, 998, 33002, 356, 482, 1229, 36172, 3093, 858, 521, 320, 35, 8, 2209, 511, 275, 7853, 1611, 67229, 4469, 521, 198, 16533, 25, 320], "attention_mask": [1, 1, 1, 1, 1, 1, 1, 1, 1, 1, 1, 1, 1, 1, 1, 1, 1, 1, 1, 1, 1, 1, 1, 1, 1, 1, 1, 1, 1, 1, 1, 1, 1, 1, 1, 1, 1, 1, 1, 1, 1, 1, 1, 1, 1, 1, 1, 1, 1, 1, 1, 1, 1, 1, 1, 1, 1, 1, 1, 1, 1, 1], "safe_input_ids": [128000, 14924, 25, 16299, 3777, 31711, 3116, 463, 35511, 512, 3883, 25, 320, 32, 8, 452, 1846, 39, 29342, 51715, 307, 461, 1076, 521, 320, 33, 8, 18221, 998, 33002, 482, 34, 36172, 521, 320, 34, 8, 18221, 998, 33002, 356, 482, 1229, 36172, 3093, 858, 521, 320, 35, 8, 2209, 511, 275, 7853, 1611, 67229, 4469, 521, 198, 16533, 25, 320], "safe_attention_mask": [1, 1, 1, 1, 1, 1, 1, 1, 1, 1, 1, 1, 1, 1, 1, 1, 1, 1, 1, 1, 1, 1, 1, 1, 1, 1, 1, 1, 1, 1, 1, 1, 1, 1, 1, 1, 1, 1, 1, 1, 1, 1, 1, 1, 1, 1, 1, 1, 1, 1, 1, 1, 1, 1, 1, 1, 1, 1, 1, 1, 1, 1], "pos_id": 362, "neg_id": 356}
{"input_ids": [128000, 14924, 25, 2052, 315, 279, 2768, 527, 837, 922, 20717, 41453, 11, 38267, 512, 3883, 25, 320, 32, 8, 4969, 2119, 54525, 73911, 48473, 1253, 387, 3970, 304, 274, 631, 372, 320, 33, 8, 1050, 65398, 6690, 5072, 61051, 374, 264, 29683, 4668, 320, 34, 8, 20902, 3805, 2336, 527, 6532, 320, 35, 8, 15344, 3805, 2336, 527, 539, 6532, 198, 16533, 25, 320], "attention_mask": [1, 1, 1, 1, 1, 1, 1, 1, 1, 1, 1, 1, 1, 1, 1, 1, 1, 1, 1, 1, 1, 1, 1, 1, 1, 1, 1, 1, 1, 1, 1, 1, 1, 1, 1, 1, 1, 1, 1, 1, 1, 1, 1, 1, 1, 1, 1, 1, 1, 1, 1, 1, 1, 1, 1, 1, 1, 1, 1, 1, 1, 1, 1, 1, 1], "safe_input_ids": [128000, 14924, 25, 2052, 315, 279, 2768, 527, 837, 922, 20717, 41453, 11, 38267, 512, 3883, 25, 320, 32, 8, 4969, 2119, 54525, 73911, 48473, 1253, 387, 3970, 304, 274, 631, 372, 320, 33, 8, 1050, 65398, 6690, 5072, 61051, 374, 264, 29683, 4668, 320, 34, 8, 20902, 3805, 2336, 527, 6532, 320, 35, 8, 15344, 3805, 2336, 527, 539, 6532, 198, 16533, 25, 320], "safe_attention_mask": [1, 1, 1, 1, 1, 1, 1, 1, 1, 1, 1, 1, 1, 1, 1, 1, 1, 1, 1, 1, 1, 1, 1, 1, 1, 1, 1, 1, 1, 1, 1, 1, 1, 1, 1, 1, 1, 1, 1, 1, 1, 1, 1, 1, 1, 1, 1, 1, 1, 1, 1, 1, 1, 1, 1, 1, 1, 1, 1, 1, 1, 1, 1, 1, 1], "pos_id": 423, "neg_id": 356}
{"input_ids": [128000, 14924, 25, 763, 13147, 11, 902, 264, 727, 649, 387, 21676, 29413, 660, 18072, 3883, 25, 320, 32, 8, 15774, 3900, 18029, 320, 33, 8, 10466, 69178, 278, 320, 34, 8, 14094, 278, 264, 727, 11830, 1841, 354, 307, 320, 35, 8, 2052, 198, 16533, 25, 320], "attention_mask": [1, 1, 1, 1, 1, 1, 1, 1, 1, 1, 1, 1, 1, 1, 1, 1, 1, 1, 1, 1, 1, 1, 1, 1, 1, 1, 1, 1, 1, 1, 1, 1, 1, 1, 1, 1, 1, 1, 1, 1, 1, 1, 1, 1, 1, 1, 1, 1], "safe_input_ids": [128000, 14924, 25, 763, 13147, 11, 902, 264, 727, 649, 387, 21676, 29413, 660, 18072, 3883, 25, 320, 32, 8, 15774, 3900, 18029, 320, 33, 8, 10466, 69178, 278, 320, 34, 8, 14094, 278, 264, 727, 11830, 1841, 354, 307, 320, 35, 8, 2052, 198, 16533, 25, 320], "safe_attention_mask": [1, 1, 1, 1, 1, 1, 1, 1, 1, 1, 1, 1, 1, 1, 1, 1, 1, 1, 1, 1, 1, 1, 1, 1, 1, 1, 1, 1, 1, 1, 1, 1, 1, 1, 1, 1, 1, 1, 1, 1, 1, 1, 1, 1, 1, 1, 1, 1], "pos_id": 362, "neg_id": 423}
{"input_ids": [128000, 14924, 25, 36931, 41861, 13935, 10934, 374, 3970, 304, 7058, 3883, 25, 320, 32, 8, 17978, 31383, 2728, 15150, 5510, 320, 33, 8, 5075, 5098, 8945, 3794, 19923, 14403, 320, 34, 8, 5843, 4751, 17659, 26040, 320, 35, 8, 2290, 315, 279, 3485, 198, 16533, 25, 320], "attention_mask": [1, 1, 1, 1, 1, 1, 1, 1, 1, 1, 1, 1, 1, 1, 1, 1, 1, 1, 1, 1, 1, 1, 1, 1, 1, 1, 1, 1, 1, 1, 1, 1, 1, 1, 1, 1, 1, 1, 1, 1, 1, 1, 1, 1, 1, 1, 1, 1], "safe_input_ids": [128000, 14924, 25, 36931, 41861, 13935, 10934, 374, 3970, 304, 7058, 3883, 25, 320, 32, 8, 17978, 31383, 2728, 15150, 5510, 320, 33, 8, 5075, 5098, 8945, 3794, 19923, 14403, 320, 34, 8, 5843, 4751, 17659, 26040, 320, 35, 8, 2290, 315, 279, 3485, 198, 16533, 25, 320], "safe_attention_mask": [1, 1, 1, 1, 1, 1, 1, 1, 1, 1, 1, 1, 1, 1, 1, 1, 1, 1, 1, 1, 1, 1, 1, 1, 1, 1, 1, 1, 1, 1, 1, 1, 1, 1, 1, 1, 1, 1, 1, 1, 1, 1, 1, 1, 1, 1, 1, 1], "pos_id": 426, "neg_id": 362}
{"input_ids": [128000, 14924, 25, 19531, 1605, 32486, 11217, 649, 5353, 5380, 3883, 25, 320, 32, 8, 8442, 19591, 63412, 320, 33, 8, 8442, 95874, 320, 34, 8, 11995, 19591, 63412, 323, 95874, 320, 35, 8, 1556, 78, 1609, 285, 198, 16533, 25, 320], "attention_mask": [1, 1, 1, 1, 1, 1, 1, 1, 1, 1, 1, 1, 1, 1, 1, 1, 1, 1, 1, 1, 1, 1, 1, 1, 1, 1, 1, 1, 1, 1, 1, 1, 1, 1, 1, 1, 1, 1, 1, 1, 1, 1], "safe_input_ids": [128000, 14924, 25, 19531, 1605, 32486, 11217, 649, 5353, 5380, 3883, 25, 320, 32, 8, 8442, 19591, 63412, 320, 33, 8, 8442, 95874, 320, 34, 8, 11995, 19591, 63412, 323, 95874, 320, 35, 8, 1556, 78, 1609, 285, 198, 16533, 25, 320], "safe_attention_mask": [1, 1, 1, 1, 1, 1, 1, 1, 1, 1, 1, 1, 1, 1, 1, 1, 1, 1, 1, 1, 1, 1, 1, 1, 1, 1, 1, 1, 1, 1, 1, 1, 1, 1, 1, 1, 1, 1, 1, 1, 1, 1], "pos_id": 356, "neg_id": 362}
{"input_ids": [128000, 14924, 25, 16299, 315, 279, 2768, 32015, 374, 6532, 304, 7730, 88, 596, 28439, 5380, 3883, 25, 320, 32, 8, 1183, 343, 336, 992, 320, 33, 8, 24789, 581, 1299, 320, 34, 8, 1676, 33753, 37015, 320, 35, 8, 51958, 940, 198, 16533, 25, 320], "attention_mask": [1, 1, 1, 1, 1, 1, 1, 1, 1, 1, 1, 1, 1, 1, 1, 1, 1, 1, 1, 1, 1, 1, 1, 1, 1, 1, 1, 1, 1, 1, 1, 1, 1, 1, 1, 1, 1, 1, 1, 1, 1, 1, 1, 1, 1, 1], "safe_input_ids": [128000, 14924, 25, 16299, 315, 279, 2768, 32015, 374, 6532, 304, 7730, 88, 596, 28439, 5380, 3883, 25, 320, 32, 8, 1183, 343, 336, 992, 320, 33, 8, 24789, 581, 1299, 320, 34, 8, 1676, 33753, 37015, 320, 35, 8, 51958, 940, 198, 16533, 25, 320], "safe_attention_mask": [1, 1, 1, 1, 1, 1, 1, 1, 1, 1, 1, 1, 1, 1, 1, 1, 1, 1, 1, 1, 1, 1, 1, 1, 1, 1, 1, 1, 1, 1, 1, 1, 1, 1, 1, 1, 1, 1, 1, 1, 1, 1, 1, 1, 1, 1], "pos_id": 356, "neg_id": 362}
{"input_ids": [128000, 14924, 25, 41137, 315, 11013, 374, 9057, 555, 512, 3883, 25, 320, 32, 8, 445, 19715, 281, 18080, 70, 590, 320, 33, 8, 3344, 532, 281, 18080, 70, 590, 320, 34, 8, 20539, 10020, 285, 320, 35, 8, 9346, 1430, 198, 16533, 25, 320], "attention_mask": [1, 1, 1, 1, 1, 1, 1, 1, 1, 1, 1, 1, 1, 1, 1, 1, 1, 1, 1, 1, 1, 1, 1, 1, 1, 1, 1, 1, 1, 1, 1, 1, 1, 1, 1, 1, 1, 1, 1, 1, 1, 1, 1, 1, 1], "safe_input_ids": [128000, 14924, 25, 41137, 315, 11013, 374, 9057, 555, 512, 3883, 25, 320, 32, 8, 445, 19715, 281, 18080, 70, 590, 320, 33, 8, 3344, 532, 281, 18080, 70, 590, 320, 34, 8, 20539, 10020, 285, 320, 35, 8, 9346, 1430, 198, 16533, 25, 320], "safe_attention_mask": [1, 1, 1, 1, 1, 1, 1, 1, 1, 1, 1, 1, 1, 1, 1, 1, 1, 1, 1, 1, 1, 1, 1, 1, 1, 1, 1, 1, 1, 1, 1, 1, 1, 1, 1, 1, 1, 1, 1, 1, 1, 1, 1, 1, 1], "pos_id": 362, "neg_id": 356}
{"input_ids": [128000, 14924, 25, 2052, 527, 837, 922, 5527, 418, 511, 92411, 38267, 198, 3883, 25, 320, 32, 8, 386, 10039, 39340, 374, 8647, 369, 5788, 315, 65104, 590, 49028, 320, 33, 8, 386, 10039, 39340, 374, 8647, 369, 9043, 59566, 320, 34, 8, 386, 1791, 590, 49028, 527, 9043, 29580, 320, 35, 8, 80536, 3196, 389, 872, 6520, 336, 5849, 29150, 463, 375, 552, 627, 16533, 25, 320], "attention_mask": [1, 1, 1, 1, 1, 1, 1, 1, 1, 1, 1, 1, 1, 1, 1, 1, 1, 1, 1, 1, 1, 1, 1, 1, 1, 1, 1, 1, 1, 1, 1, 1, 1, 1, 1, 1, 1, 1, 1, 1, 1, 1, 1, 1, 1, 1, 1, 1, 1, 1, 1, 1, 1, 1, 1, 1, 1, 1, 1, 1, 1, 1, 1, 1, 1, 1, 1, 1], "safe_input_ids": [128000, 14924, 25, 2052, 527, 837, 922, 5527, 418, 511, 92411, 38267, 198, 3883, 25, 320, 32, 8, 386, 10039, 39340, 374, 8647, 369, 5788, 315, 65104, 590, 49028, 320, 33, 8, 386, 10039, 39340, 374, 8647, 369, 9043, 59566, 320, 34, 8, 386, 1791, 590, 49028, 527, 9043, 29580, 320, 35, 8, 80536, 3196, 389, 872, 6520, 336, 5849, 29150, 463, 375, 552, 627, 16533, 25, 320], "safe_attention_mask": [1, 1, 1, 1, 1, 1, 1, 1, 1, 1, 1, 1, 1, 1, 1, 1, 1, 1, 1, 1, 1, 1, 1, 1, 1, 1, 1, 1, 1, 1, 1, 1, 1, 1, 1, 1, 1, 1, 1, 1, 1, 1, 1, 1, 1, 1, 1, 1, 1, 1, 1, 1, 1, 1, 1, 1, 1, 1, 1, 1, 1, 1, 1, 1, 1, 1, 1, 1], "pos_id": 362, "neg_id": 356}
{"input_ids": [128000, 14924, 25, 3639, 374, 41223, 304, 264, 8893, 315, 5075, 61058, 4214, 689, 18072, 3883, 25, 320, 32, 8, 549, 2265, 13935, 320, 33, 8, 87742, 1169, 1797, 320, 34, 8, 445, 4082, 320, 35, 8, 2052, 315, 279, 3485, 198, 16533, 25, 320], "attention_mask": [1, 1, 1, 1, 1, 1, 1, 1, 1, 1, 1, 1, 1, 1, 1, 1, 1, 1, 1, 1, 1, 1, 1, 1, 1, 1, 1, 1, 1, 1, 1, 1, 1, 1, 1, 1, 1, 1, 1, 1, 1, 1, 1, 1, 1], "safe_input_ids": [128000, 14924, 25, 3639, 374, 41223, 304, 264, 8893, 315, 5075, 61058, 4214, 689, 18072, 3883, 25, 320, 32, 8, 549, 2265, 13935, 320, 33, 8, 87742, 1169, 1797, 320, 34, 8, 445, 4082, 320, 35, 8, 2052, 315, 279, 3485, 198, 16533, 25, 320], "safe_attention_mask": [1, 1, 1, 1, 1, 1, 1, 1, 1, 1, 1, 1, 1, 1, 1, 1, 1, 1, 1, 1, 1, 1, 1, 1, 1, 1, 1, 1, 1, 1, 1, 1, 1, 1, 1, 1, 1, 1, 1, 1, 1, 1, 1, 1, 1], "pos_id": 423, "neg_id": 426}
{"input_ids": [128000, 14924, 25, 763, 264, 3995, 8954, 315, 42889, 4325, 459, 10973, 6155, 467, 67, 20901, 369, 89444, 21308, 99390, 26153, 374, 512, 3883, 25, 320, 32, 8, 53689, 320, 33, 8, 39515, 531, 2711, 320, 34, 8, 95171, 320, 35, 8, 14727, 25260, 26587, 734, 198, 16533, 25, 320], "attention_mask": [1, 1, 1, 1, 1, 1, 1, 1, 1, 1, 1, 1, 1, 1, 1, 1, 1, 1, 1, 1, 1, 1, 1, 1, 1, 1, 1, 1, 1, 1, 1, 1, 1, 1, 1, 1, 1, 1, 1, 1, 1, 1, 1, 1, 1, 1, 1, 1, 1, 1], "safe_input_ids": [128000, 14924, 25, 763, 264, 3995, 8954, 315, 42889, 4325, 459, 10973, 6155, 467, 67, 20901, 369, 89444, 21308, 99390, 26153, 374, 512, 3883, 25, 320, 32, 8, 53689, 320, 33, 8, 39515, 531, 2711, 320, 34, 8, 95171, 320, 35, 8, 14727, 25260, 26587, 734, 198, 16533, 25, 320], "safe_attention_mask": [1, 1, 1, 1, 1, 1, 1, 1, 1, 1, 1, 1, 1, 1, 1, 1, 1, 1, 1, 1, 1, 1, 1, 1, 1, 1, 1, 1, 1, 1, 1, 1, 1, 1, 1, 1, 1, 1, 1, 1, 1, 1, 1, 1, 1, 1, 1, 1, 1, 1], "pos_id": 423, "neg_id": 362}
{"input_ids": [128000, 14924, 25, 362, 490, 1815, 537, 316, 4147, 8893, 11, 449, 3273, 327, 490, 1815, 537, 5650, 14019, 11, 304, 279, 26741, 11, 8040, 11210, 4686, 2565, 425, 315, 279, 14019, 13, 16299, 315, 279, 2768, 374, 1888, 1828, 3094, 304, 279, 6373, 5380, 3883, 25, 320, 32, 8, 81410, 17065, 315, 279, 490, 1815, 537, 5650, 14019, 320, 33, 8, 328, 2720, 315, 14019, 449, 39695, 60831, 97342, 320, 34, 8, 328, 2720, 315, 14019, 449, 99107, 320, 35, 8, 25365, 56234, 198, 16533, 25, 320], "attention_mask": [1, 1, 1, 1, 1, 1, 1, 1, 1, 1, 1, 1, 1, 1, 1, 1, 1, 1, 1, 1, 1, 1, 1, 1, 1, 1, 1, 1, 1, 1, 1, 1, 1, 1, 1, 1, 1, 1, 1, 1, 1, 1, 1, 1, 1, 1, 1, 1, 1, 1, 1, 1, 1, 1, 1, 1, 1, 1, 1, 1, 1, 1, 1, 1, 1, 1, 1, 1, 1, 1, 1, 1, 1, 1, 1, 1, 1, 1, 1, 1, 1, 1, 1, 1, 1, 1, 1, 1], "safe_input_ids": [128000, 14924, 25, 362, 490, 1815, 537, 316, 4147, 8893, 11, 449, 3273, 327, 490, 1815, 537, 5650, 14019, 11, 304, 279, 26741, 11, 8040, 11210, 4686, 2565, 425, 315, 279, 14019, 13, 16299, 315, 279, 2768, 374, 1888, 1828, 3094, 304, 279, 6373, 5380, 3883, 25, 320, 32, 8, 81410, 17065, 315, 279, 490, 1815, 537, 5650, 14019, 320, 33, 8, 328, 2720, 315, 14019, 449, 39695, 60831, 97342, 320, 34, 8, 328, 2720, 315, 14019, 449, 99107, 320, 35, 8, 25365, 56234, 198, 16533, 25, 320], "safe_attention_mask": [1, 1, 1, 1, 1, 1, 1, 1, 1, 1, 1, 1, 1, 1, 1, 1, 1, 1, 1, 1, 1, 1, 1, 1, 1, 1, 1, 1, 1, 1, 1, 1, 1, 1, 1, 1, 1, 1, 1, 1, 1, 1, 1, 1, 1, 1, 1, 1, 1, 1, 1, 1, 1, 1, 1, 1, 1, 1, 1, 1, 1, 1, 1, 1, 1, 1, 1, 1, 1, 1, 1, 1, 1, 1, 1, 1, 1, 1, 1, 1, 1, 1, 1, 1, 1, 1, 1, 1], "pos_id": 362, "neg_id": 356}
{"input_ids": [128000, 14924, 25, 2052, 315, 279, 2768, 527, 1664, 39764, 80632, 8478, 9547, 369, 6822, 42631, 35104, 28439, 11, 3734, 512, 3883, 25, 320, 32, 8, 29911, 6680, 20429, 36807, 320, 33, 8, 5488, 292, 22689, 320, 34, 8, 8266, 12025, 35401, 780, 355, 320, 35, 8, 67502, 6962, 77773, 367, 198, 16533, 25, 320], "attention_mask": [1, 1, 1, 1, 1, 1, 1, 1, 1, 1, 1, 1, 1, 1, 1, 1, 1, 1, 1, 1, 1, 1, 1, 1, 1, 1, 1, 1, 1, 1, 1, 1, 1, 1, 1, 1, 1, 1, 1, 1, 1, 1, 1, 1, 1, 1, 1, 1, 1, 1, 1, 1, 1, 1, 1], "safe_input_ids": [128000, 14924, 25, 2052, 315, 279, 2768, 527, 1664, 39764, 80632, 8478, 9547, 369, 6822, 42631, 35104, 28439, 11, 3734, 512, 3883, 25, 320, 32, 8, 29911, 6680, 20429, 36807, 320, 33, 8, 5488, 292, 22689, 320, 34, 8, 8266, 12025, 35401, 780, 355, 320, 35, 8, 67502, 6962, 77773, 367, 198, 16533, 25, 320], "safe_attention_mask": [1, 1, 1, 1, 1, 1, 1, 1, 1, 1, 1, 1, 1, 1, 1, 1, 1, 1, 1, 1, 1, 1, 1, 1, 1, 1, 1, 1, 1, 1, 1, 1, 1, 1, 1, 1, 1, 1, 1, 1, 1, 1, 1, 1, 1, 1, 1, 1, 1, 1, 1, 1, 1, 1, 1], "pos_id": 356, "neg_id": 362}
{"input_ids": [128000, 14924, 25, 25545, 35785, 26365, 2482, 374, 3970, 304, 18072, 3883, 25, 320, 32, 8, 76508, 41895, 437, 20000, 320, 33, 8, 328, 566, 261, 4414, 1764, 320, 34, 8, 328, 8362, 590, 10934, 320, 35, 8, 14954, 66, 1441, 28439, 198, 16533, 25, 320], "attention_mask": [1, 1, 1, 1, 1, 1, 1, 1, 1, 1, 1, 1, 1, 1, 1, 1, 1, 1, 1, 1, 1, 1, 1, 1, 1, 1, 1, 1, 1, 1, 1, 1, 1, 1, 1, 1, 1, 1, 1, 1, 1, 1, 1, 1, 1, 1], "safe_input_ids": [128000, 14924, 25, 25545, 35785, 26365, 2482, 374, 3970, 304, 18072, 3883, 25, 320, 32, 8, 76508, 41895, 437, 20000, 320, 33, 8, 328, 566, 261, 4414, 1764, 320, 34, 8, 328, 8362, 590, 10934, 320, 35, 8, 14954, 66, 1441, 28439, 198, 16533, 25, 320], "safe_attention_mask": [1, 1, 1, 1, 1, 1, 1, 1, 1, 1, 1, 1, 1, 1, 1, 1, 1, 1, 1, 1, 1, 1, 1, 1, 1, 1, 1, 1, 1, 1, 1, 1, 1, 1, 1, 1, 1, 1, 1, 1, 1, 1, 1, 1, 1, 1], "pos_id": 362, "neg_id": 356}
{"input_ids": [128000, 14924, 25, 16299, 4315, 279, 2768, 374, 279, 46882, 53105, 1113, 15962, 2391, 21283, 2152, 5380, 3883, 25, 320, 32, 8, 432, 5248, 51644, 349, 320, 33, 8, 18944, 99107, 320, 34, 8, 98209, 12290, 6425, 320, 35, 8, 98209, 12290, 6425, 489, 35169, 589, 6473, 198, 16533, 25, 320], "attention_mask": [1, 1, 1, 1, 1, 1, 1, 1, 1, 1, 1, 1, 1, 1, 1, 1, 1, 1, 1, 1, 1, 1, 1, 1, 1, 1, 1, 1, 1, 1, 1, 1, 1, 1, 1, 1, 1, 1, 1, 1, 1, 1, 1, 1, 1, 1, 1, 1, 1, 1, 1], "safe_input_ids": [128000, 14924, 25, 16299, 4315, 279, 2768, 374, 279, 46882, 53105, 1113, 15962, 2391, 21283, 2152, 5380, 3883, 25, 320, 32, 8, 432, 5248, 51644, 349, 320, 33, 8, 18944, 99107, 320, 34, 8, 98209, 12290, 6425, 320, 35, 8, 98209, 12290, 6425, 489, 35169, 589, 6473, 198, 16533, 25, 320], "safe_attention_mask": [1, 1, 1, 1, 1, 1, 1, 1, 1, 1, 1, 1, 1, 1, 1, 1, 1, 1, 1, 1, 1, 1, 1, 1, 1, 1, 1, 1, 1, 1, 1, 1, 1, 1, 1, 1, 1, 1, 1, 1, 1, 1, 1, 1, 1, 1, 1, 1, 1, 1, 1], "pos_id": 423, "neg_id": 356}
{"input_ids": [128000, 14924, 25, 6515, 1088, 480, 412, 88, 23128, 38090, 374, 3970, 4216, 304, 6514, 2768, 18722, 3883, 25, 320, 32, 8, 1322, 8123, 762, 307, 320, 33, 8, 1708, 23085, 324, 258, 337, 320, 34, 8, 59130, 11490, 292, 521, 320, 35, 8, 2052, 315, 279, 3485, 198, 16533, 25, 320], "attention_mask": [1, 1, 1, 1, 1, 1, 1, 1, 1, 1, 1, 1, 1, 1, 1, 1, 1, 1, 1, 1, 1, 1, 1, 1, 1, 1, 1, 1, 1, 1, 1, 1, 1, 1, 1, 1, 1, 1, 1, 1, 1, 1, 1, 1, 1, 1, 1, 1, 1, 1, 1, 1], "safe_input_ids": [128000, 14924, 25, 6515, 1088, 480, 412, 88, 23128, 38090, 374, 3970, 4216, 304, 6514, 2768, 18722, 3883, 25, 320, 32, 8, 1322, 8123, 762, 307, 320, 33, 8, 1708, 23085, 324, 258, 337, 320, 34, 8, 59130, 11490, 292, 521, 320, 35, 8, 2052, 315, 279, 3485, 198, 16533, 25, 320], "safe_attention_mask": [1, 1, 1, 1, 1, 1, 1, 1, 1, 1, 1, 1, 1, 1, 1, 1, 1, 1, 1, 1, 1, 1, 1, 1, 1, 1, 1, 1, 1, 1, 1, 1, 1, 1, 1, 1, 1, 1, 1, 1, 1, 1, 1, 1, 1, 1, 1, 1, 1, 1, 1, 1], "pos_id": 423, "neg_id": 426}
{"input_ids": [128000, 14924, 25, 61448, 596, 1963, 374, 5938, 449, 25, 6250, 220, 1049, 21, 198, 3883, 25, 320, 32, 8, 17535, 35311, 320, 33, 8, 29271, 35311, 320, 34, 8, 17929, 35311, 320, 35, 8, 58586, 35311, 198, 16533, 25, 320], "attention_mask": [1, 1, 1, 1, 1, 1, 1, 1, 1, 1, 1, 1, 1, 1, 1, 1, 1, 1, 1, 1, 1, 1, 1, 1, 1, 1, 1, 1, 1, 1, 1, 1, 1, 1, 1, 1, 1, 1, 1, 1, 1], "safe_input_ids": [128000, 14924, 25, 61448, 596, 1963, 374, 5938, 449, 25, 6250, 220, 1049, 21, 198, 3883, 25, 320, 32, 8, 17535, 35311, 320, 33, 8, 29271, 35311, 320, 34, 8, 17929, 35311, 320, 35, 8, 58586, 35311, 198, 16533, 25, 320], "safe_attention_mask": [1, 1, 1, 1, 1, 1, 1, 1, 1, 1, 1, 1, 1, 1, 1, 1, 1, 1, 1, 1, 1, 1, 1, 1, 1, 1, 1, 1, 1, 1, 1, 1, 1, 1, 1, 1, 1, 1, 1, 1, 1], "pos_id": 426, "neg_id": 356}
{"input_ids": [128000, 14924, 25, 473, 11845, 258, 374, 279, 17037, 1511, 3276, 4042, 351, 69733, 304, 47345, 15173, 13, 2052, 315, 279, 2768, 527, 837, 922, 568, 1768, 258, 3734, 7058, 3883, 25, 320, 32, 8, 1226, 75241, 13935, 1766, 304, 5496, 2574, 320, 33, 8, 7648, 8518, 47979, 315, 568, 1768, 258, 1457, 29166, 24623, 63900, 1776, 1769, 320, 34, 8, 3298, 4669, 6898, 411, 442, 7006, 15449, 320, 35, 8, 87988, 84664, 65, 511, 16820, 2569, 689, 198, 16533, 25, 320], "attention_mask": [1, 1, 1, 1, 1, 1, 1, 1, 1, 1, 1, 1, 1, 1, 1, 1, 1, 1, 1, 1, 1, 1, 1, 1, 1, 1, 1, 1, 1, 1, 1, 1, 1, 1, 1, 1, 1, 1, 1, 1, 1, 1, 1, 1, 1, 1, 1, 1, 1, 1, 1, 1, 1, 1, 1, 1, 1, 1, 1, 1, 1, 1, 1, 1, 1, 1, 1, 1, 1, 1, 1, 1, 1, 1, 1, 1, 1, 1, 1, 1, 1, 1], "safe_input_ids": [128000, 14924, 25, 473, 11845, 258, 374, 279, 17037, 1511, 3276, 4042, 351, 69733, 304, 47345, 15173, 13, 2052, 315, 279, 2768, 527, 837, 922, 568, 1768, 258, 3734, 7058, 3883, 25, 320, 32, 8, 1226, 75241, 13935, 1766, 304, 5496, 2574, 320, 33, 8, 7648, 8518, 47979, 315, 568, 1768, 258, 1457, 29166, 24623, 63900, 1776, 1769, 320, 34, 8, 3298, 4669, 6898, 411, 442, 7006, 15449, 320, 35, 8, 87988, 84664, 65, 511, 16820, 2569, 689, 198, 16533, 25, 320], "safe_attention_mask": [1, 1, 1, 1, 1, 1, 1, 1, 1, 1, 1, 1, 1, 1, 1, 1, 1, 1, 1, 1, 1, 1, 1, 1, 1, 1, 1, 1, 1, 1, 1, 1, 1, 1, 1, 1, 1, 1, 1, 1, 1, 1, 1, 1, 1, 1, 1, 1, 1, 1, 1, 1, 1, 1, 1, 1, 1, 1, 1, 1, 1, 1, 1, 1, 1, 1, 1, 1, 1, 1, 1, 1, 1, 1, 1, 1, 1, 1, 1, 1, 1, 1], "pos_id": 362, "neg_id": 426}
{"input_ids": [128000, 14924, 25, 3861, 315, 279, 2768, 374, 279, 1176, 49242, 311, 387, 6004, 520, 279, 2816, 315, 27653, 5380, 3883, 25, 320, 32, 8, 362, 1083, 2862, 418, 307, 521, 320, 33, 8, 67656, 521, 320, 34, 8, 50234, 33088, 266, 521, 320, 35, 8, 1708, 36641, 483, 33088, 266, 521, 198, 16533, 25, 320], "attention_mask": [1, 1, 1, 1, 1, 1, 1, 1, 1, 1, 1, 1, 1, 1, 1, 1, 1, 1, 1, 1, 1, 1, 1, 1, 1, 1, 1, 1, 1, 1, 1, 1, 1, 1, 1, 1, 1, 1, 1, 1, 1, 1, 1, 1, 1, 1, 1, 1, 1, 1, 1, 1, 1, 1, 1, 1], "safe_input_ids": [128000, 14924, 25, 3861, 315, 279, 2768, 374, 279, 1176, 49242, 311, 387, 6004, 520, 279, 2816, 315, 27653, 5380, 3883, 25, 320, 32, 8, 362, 1083, 2862, 418, 307, 521, 320, 33, 8, 67656, 521, 320, 34, 8, 50234, 33088, 266, 521, 320, 35, 8, 1708, 36641, 483, 33088, 266, 521, 198, 16533, 25, 320], "safe_attention_mask": [1, 1, 1, 1, 1, 1, 1, 1, 1, 1, 1, 1, 1, 1, 1, 1, 1, 1, 1, 1, 1, 1, 1, 1, 1, 1, 1, 1, 1, 1, 1, 1, 1, 1, 1, 1, 1, 1, 1, 1, 1, 1, 1, 1, 1, 1, 1, 1, 1, 1, 1, 1, 1, 1, 1, 1], "pos_id": 426, "neg_id": 362}
{"input_ids": [128000, 14924, 25, 7220, 315, 71975, 66634, 58156, 10934, 374, 7058, 3883, 25, 320, 32, 8, 25733, 315, 81366, 320, 33, 8, 46904, 320, 34, 8, 1611, 81824, 320, 35, 8, 22855, 306, 5655, 88932, 33766, 288, 198, 16533, 25, 320], "attention_mask": [1, 1, 1, 1, 1, 1, 1, 1, 1, 1, 1, 1, 1, 1, 1, 1, 1, 1, 1, 1, 1, 1, 1, 1, 1, 1, 1, 1, 1, 1, 1, 1, 1, 1, 1, 1, 1, 1, 1, 1, 1], "safe_input_ids": [128000, 14924, 25, 7220, 315, 71975, 66634, 58156, 10934, 374, 7058, 3883, 25, 320, 32, 8, 25733, 315, 81366, 320, 33, 8, 46904, 320, 34, 8, 1611, 81824, 320, 35, 8, 22855, 306, 5655, 88932, 33766, 288, 198, 16533, 25, 320], "safe_attention_mask": [1, 1, 1, 1, 1, 1, 1, 1, 1, 1, 1, 1, 1, 1, 1, 1, 1, 1, 1, 1, 1, 1, 1, 1, 1, 1, 1, 1, 1, 1, 1, 1, 1, 1, 1, 1, 1, 1, 1, 1, 1], "pos_id": 356, "neg_id": 362}
{"input_ids": [128000, 14924, 25, 16299, 315, 279, 2768, 5623, 374, 1511, 304, 1156, 98141, 439, 3254, 21308, 19660, 8479, 25, 5587, 220, 679, 16, 198, 3883, 25, 320, 32, 8, 3700, 69991, 26355, 320, 33, 8, 10608, 258, 17390, 320, 34, 8, 358, 424, 76, 440, 258, 320, 35, 8, 3623, 10398, 318, 5241, 77001, 198, 16533, 25, 320], "attention_mask": [1, 1, 1, 1, 1, 1, 1, 1, 1, 1, 1, 1, 1, 1, 1, 1, 1, 1, 1, 1, 1, 1, 1, 1, 1, 1, 1, 1, 1, 1, 1, 1, 1, 1, 1, 1, 1, 1, 1, 1, 1, 1, 1, 1, 1, 1, 1, 1, 1, 1, 1, 1, 1, 1, 1, 1, 1, 1], "safe_input_ids": [128000, 14924, 25, 16299, 315, 279, 2768, 5623, 374, 1511, 304, 1156, 98141, 439, 3254, 21308, 19660, 8479, 25, 5587, 220, 679, 16, 198, 3883, 25, 320, 32, 8, 3700, 69991, 26355, 320, 33, 8, 10608, 258, 17390, 320, 34, 8, 358, 424, 76, 440, 258, 320, 35, 8, 3623, 10398, 318, 5241, 77001, 198, 16533, 25, 320], "safe_attention_mask": [1, 1, 1, 1, 1, 1, 1, 1, 1, 1, 1, 1, 1, 1, 1, 1, 1, 1, 1, 1, 1, 1, 1, 1, 1, 1, 1, 1, 1, 1, 1, 1, 1, 1, 1, 1, 1, 1, 1, 1, 1, 1, 1, 1, 1, 1, 1, 1, 1, 1, 1, 1, 1, 1, 1, 1, 1, 1], "pos_id": 356, "neg_id": 362}
{"input_ids": [128000, 14924, 25, 7648, 4279, 86919, 1306, 27590, 7269, 374, 198, 3883, 25, 320, 32, 8, 6515, 1088, 11233, 846, 82801, 320, 33, 8, 6515, 1088, 523, 38387, 20000, 320, 34, 8, 6515, 1088, 523, 12747, 599, 20000, 320, 35, 8, 16062, 55836, 278, 84868, 367, 198, 16533, 25, 320], "attention_mask": [1, 1, 1, 1, 1, 1, 1, 1, 1, 1, 1, 1, 1, 1, 1, 1, 1, 1, 1, 1, 1, 1, 1, 1, 1, 1, 1, 1, 1, 1, 1, 1, 1, 1, 1, 1, 1, 1, 1, 1, 1, 1, 1, 1, 1, 1, 1, 1, 1, 1], "safe_input_ids": [128000, 14924, 25, 7648, 4279, 86919, 1306, 27590, 7269, 374, 198, 3883, 25, 320, 32, 8, 6515, 1088, 11233, 846, 82801, 320, 33, 8, 6515, 1088, 523, 38387, 20000, 320, 34, 8, 6515, 1088, 523, 12747, 599, 20000, 320, 35, 8, 16062, 55836, 278, 84868, 367, 198, 16533, 25, 320], "safe_attention_mask": [1, 1, 1, 1, 1, 1, 1, 1, 1, 1, 1, 1, 1, 1, 1, 1, 1, 1, 1, 1, 1, 1, 1, 1, 1, 1, 1, 1, 1, 1, 1, 1, 1, 1, 1, 1, 1, 1, 1, 1, 1, 1, 1, 1, 1, 1, 1, 1, 1, 1], "pos_id": 362, "neg_id": 356}
{"input_ids": [128000, 14924, 25, 1322, 70, 5302, 606, 5788, 304, 279, 25568, 661, 374, 15871, 555, 512, 3883, 25, 320, 32, 8, 800, 58084, 320, 33, 8, 11095, 64, 82698, 38473, 320, 34, 8, 11095, 64, 326, 1088, 64, 320, 35, 8, 43259, 82714, 645, 198, 16533, 25, 320], "attention_mask": [1, 1, 1, 1, 1, 1, 1, 1, 1, 1, 1, 1, 1, 1, 1, 1, 1, 1, 1, 1, 1, 1, 1, 1, 1, 1, 1, 1, 1, 1, 1, 1, 1, 1, 1, 1, 1, 1, 1, 1, 1, 1, 1, 1, 1, 1, 1, 1], "safe_input_ids": [128000, 14924, 25, 1322, 70, 5302, 606, 5788, 304, 279, 25568, 661, 374, 15871, 555, 512, 3883, 25, 320, 32, 8, 800, 58084, 320, 33, 8, 11095, 64, 82698, 38473, 320, 34, 8, 11095, 64, 326, 1088, 64, 320, 35, 8, 43259, 82714, 645, 198, 16533, 25, 320], "safe_attention_mask": [1, 1, 1, 1, 1, 1, 1, 1, 1, 1, 1, 1, 1, 1, 1, 1, 1, 1, 1, 1, 1, 1, 1, 1, 1, 1, 1, 1, 1, 1, 1, 1, 1, 1, 1, 1, 1, 1, 1, 1, 1, 1, 1, 1, 1, 1, 1, 1], "pos_id": 356, "neg_id": 362}
{"input_ids": [128000, 14924, 25, 16299, 315, 279, 2768, 14830, 15082, 374, 5938, 449, 459, 5376, 304, 47904, 64380, 660, 3573, 20384, 909, 123687, 392, 258, 5380, 3883, 25, 320, 32, 8, 13101, 72, 39227, 12203, 1263, 560, 315, 279, 47752, 349, 320, 33, 8, 85787, 80739, 355, 23548, 432, 17082, 355, 763, 18837, 3225, 320, 34, 8, 21456, 1395, 596, 57496, 320, 35, 8, 11233, 846, 780, 2010, 36254, 198, 16533, 25, 320], "attention_mask": [1, 1, 1, 1, 1, 1, 1, 1, 1, 1, 1, 1, 1, 1, 1, 1, 1, 1, 1, 1, 1, 1, 1, 1, 1, 1, 1, 1, 1, 1, 1, 1, 1, 1, 1, 1, 1, 1, 1, 1, 1, 1, 1, 1, 1, 1, 1, 1, 1, 1, 1, 1, 1, 1, 1, 1, 1, 1, 1, 1, 1, 1, 1, 1, 1, 1, 1, 1, 1, 1, 1, 1], "safe_input_ids": [128000, 14924, 25, 16299, 315, 279, 2768, 14830, 15082, 374, 5938, 449, 459, 5376, 304, 47904, 64380, 660, 3573, 20384, 909, 123687, 392, 258, 5380, 3883, 25, 320, 32, 8, 13101, 72, 39227, 12203, 1263, 560, 315, 279, 47752, 349, 320, 33, 8, 85787, 80739, 355, 23548, 432, 17082, 355, 763, 18837, 3225, 320, 34, 8, 21456, 1395, 596, 57496, 320, 35, 8, 11233, 846, 780, 2010, 36254, 198, 16533, 25, 320], "safe_attention_mask": [1, 1, 1, 1, 1, 1, 1, 1, 1, 1, 1, 1, 1, 1, 1, 1, 1, 1, 1, 1, 1, 1, 1, 1, 1, 1, 1, 1, 1, 1, 1, 1, 1, 1, 1, 1, 1, 1, 1, 1, 1, 1, 1, 1, 1, 1, 1, 1, 1, 1, 1, 1, 1, 1, 1, 1, 1, 1, 1, 1, 1, 1, 1, 1, 1, 1, 1, 1, 1, 1, 1, 1], "pos_id": 423, "neg_id": 362}
{"input_ids": [128000, 14924, 25, 578, 1005, 315, 24890, 12519, 3663, 15631, 374, 6155, 467, 67, 10297, 304, 279, 198, 291, 306, 13850, 6978, 1606, 198, 3883, 25, 320, 32, 8, 1102, 706, 311, 387, 1511, 389, 279, 11837, 581, 1299, 58933, 320, 33, 8, 61647, 2385, 1253, 387, 45311, 389, 279, 1608, 306, 13850, 11837, 1260, 320, 34, 8, 29098, 315, 23963, 1253, 3063, 311, 304, 33829, 304, 14975, 76693, 8183, 320, 35, 8, 2052, 315, 279, 3485, 198, 16533, 25, 320], "attention_mask": [1, 1, 1, 1, 1, 1, 1, 1, 1, 1, 1, 1, 1, 1, 1, 1, 1, 1, 1, 1, 1, 1, 1, 1, 1, 1, 1, 1, 1, 1, 1, 1, 1, 1, 1, 1, 1, 1, 1, 1, 1, 1, 1, 1, 1, 1, 1, 1, 1, 1, 1, 1, 1, 1, 1, 1, 1, 1, 1, 1, 1, 1, 1, 1, 1, 1, 1, 1, 1, 1, 1, 1, 1, 1, 1, 1, 1, 1, 1, 1, 1], "safe_input_ids": [128000, 14924, 25, 578, 1005, 315, 24890, 12519, 3663, 15631, 374, 6155, 467, 67, 10297, 304, 279, 198, 291, 306, 13850, 6978, 1606, 198, 3883, 25, 320, 32, 8, 1102, 706, 311, 387, 1511, 389, 279, 11837, 581, 1299, 58933, 320, 33, 8, 61647, 2385, 1253, 387, 45311, 389, 279, 1608, 306, 13850, 11837, 1260, 320, 34, 8, 29098, 315, 23963, 1253, 3063, 311, 304, 33829, 304, 14975, 76693, 8183, 320, 35, 8, 2052, 315, 279, 3485, 198, 16533, 25, 320], "safe_attention_mask": [1, 1, 1, 1, 1, 1, 1, 1, 1, 1, 1, 1, 1, 1, 1, 1, 1, 1, 1, 1, 1, 1, 1, 1, 1, 1, 1, 1, 1, 1, 1, 1, 1, 1, 1, 1, 1, 1, 1, 1, 1, 1, 1, 1, 1, 1, 1, 1, 1, 1, 1, 1, 1, 1, 1, 1, 1, 1, 1, 1, 1, 1, 1, 1, 1, 1, 1, 1, 1, 1, 1, 1, 1, 1, 1, 1, 1, 1, 1, 1, 1], "pos_id": 423, "neg_id": 356}
{"input_ids": [128000, 14924, 25, 73773, 89468, 25919, 2067, 21473, 837, 5224, 198, 3883, 25, 320, 32, 8, 20685, 23333, 2849, 89468, 374, 279, 1455, 4279, 320, 33, 8, 27740, 449, 12203, 1263, 560, 320, 34, 8, 7839, 95350, 320, 35, 8, 220, 2397, 4, 20237, 1306, 15173, 198, 16533, 25, 320], "attention_mask": [1, 1, 1, 1, 1, 1, 1, 1, 1, 1, 1, 1, 1, 1, 1, 1, 1, 1, 1, 1, 1, 1, 1, 1, 1, 1, 1, 1, 1, 1, 1, 1, 1, 1, 1, 1, 1, 1, 1, 1, 1, 1, 1, 1, 1, 1, 1, 1, 1, 1], "safe_input_ids": [128000, 14924, 25, 73773, 89468, 25919, 2067, 21473, 837, 5224, 198, 3883, 25, 320, 32, 8, 20685, 23333, 2849, 89468, 374, 279, 1455, 4279, 320, 33, 8, 27740, 449, 12203, 1263, 560, 320, 34, 8, 7839, 95350, 320, 35, 8, 220, 2397, 4, 20237, 1306, 15173, 198, 16533, 25, 320], "safe_attention_mask": [1, 1, 1, 1, 1, 1, 1, 1, 1, 1, 1, 1, 1, 1, 1, 1, 1, 1, 1, 1, 1, 1, 1, 1, 1, 1, 1, 1, 1, 1, 1, 1, 1, 1, 1, 1, 1, 1, 1, 1, 1, 1, 1, 1, 1, 1, 1, 1, 1, 1], "pos_id": 426, "neg_id": 423}
{"input_ids": [128000, 14924, 25, 16299, 41390, 71109, 8479, 12992, 10805, 582, 6713, 532, 24408, 4315, 279, 2768, 198, 3883, 25, 320, 32, 8, 60223, 454, 306, 606, 320, 33, 8, 3998, 1073, 337, 320, 34, 8, 445, 625, 511, 8511, 320, 35, 8, 114209, 1073, 75, 324, 2194, 198, 16533, 25, 320], "attention_mask": [1, 1, 1, 1, 1, 1, 1, 1, 1, 1, 1, 1, 1, 1, 1, 1, 1, 1, 1, 1, 1, 1, 1, 1, 1, 1, 1, 1, 1, 1, 1, 1, 1, 1, 1, 1, 1, 1, 1, 1, 1, 1, 1, 1, 1, 1, 1, 1, 1, 1, 1], "safe_input_ids": [128000, 14924, 25, 16299, 41390, 71109, 8479, 12992, 10805, 582, 6713, 532, 24408, 4315, 279, 2768, 198, 3883, 25, 320, 32, 8, 60223, 454, 306, 606, 320, 33, 8, 3998, 1073, 337, 320, 34, 8, 445, 625, 511, 8511, 320, 35, 8, 114209, 1073, 75, 324, 2194, 198, 16533, 25, 320], "safe_attention_mask": [1, 1, 1, 1, 1, 1, 1, 1, 1, 1, 1, 1, 1, 1, 1, 1, 1, 1, 1, 1, 1, 1, 1, 1, 1, 1, 1, 1, 1, 1, 1, 1, 1, 1, 1, 1, 1, 1, 1, 1, 1, 1, 1, 1, 1, 1, 1, 1, 1, 1, 1], "pos_id": 423, "neg_id": 356}
{"input_ids": [128000, 14924, 25, 27622, 2482, 315, 27039, 307, 258, 527, 3118, 304, 902, 315, 279, 2768, 6324, 5380, 3883, 25, 320, 32, 8, 4610, 27349, 1867, 126261, 320, 33, 8, 4610, 27349, 27016, 307, 372, 320, 34, 8, 4610, 27349, 12903, 437, 372, 320, 35, 8, 4610, 27349, 3122, 1604, 198, 16533, 25, 320], "attention_mask": [1, 1, 1, 1, 1, 1, 1, 1, 1, 1, 1, 1, 1, 1, 1, 1, 1, 1, 1, 1, 1, 1, 1, 1, 1, 1, 1, 1, 1, 1, 1, 1, 1, 1, 1, 1, 1, 1, 1, 1, 1, 1, 1, 1, 1, 1, 1, 1, 1, 1, 1, 1, 1, 1], "safe_input_ids": [128000, 14924, 25, 27622, 2482, 315, 27039, 307, 258, 527, 3118, 304, 902, 315, 279, 2768, 6324, 5380, 3883, 25, 320, 32, 8, 4610, 27349, 1867, 126261, 320, 33, 8, 4610, 27349, 27016, 307, 372, 320, 34, 8, 4610, 27349, 12903, 437, 372, 320, 35, 8, 4610, 27349, 3122, 1604, 198, 16533, 25, 320], "safe_attention_mask": [1, 1, 1, 1, 1, 1, 1, 1, 1, 1, 1, 1, 1, 1, 1, 1, 1, 1, 1, 1, 1, 1, 1, 1, 1, 1, 1, 1, 1, 1, 1, 1, 1, 1, 1, 1, 1, 1, 1, 1, 1, 1, 1, 1, 1, 1, 1, 1, 1, 1, 1, 1, 1, 1], "pos_id": 426, "neg_id": 362}
{"input_ids": [128000, 14924, 25, 16299, 315, 279, 2768, 5623, 374, 264, 1317, 15718, 13746, 4235, 17, 57770, 380, 18072, 3883, 25, 320, 32, 8, 1708, 8248, 261, 337, 320, 33, 8, 328, 7828, 1430, 337, 320, 34, 8, 39593, 8248, 261, 337, 320, 35, 8, 57686, 575, 47738, 483, 198, 16533, 25, 320], "attention_mask": [1, 1, 1, 1, 1, 1, 1, 1, 1, 1, 1, 1, 1, 1, 1, 1, 1, 1, 1, 1, 1, 1, 1, 1, 1, 1, 1, 1, 1, 1, 1, 1, 1, 1, 1, 1, 1, 1, 1, 1, 1, 1, 1, 1, 1, 1, 1, 1, 1, 1, 1, 1], "safe_input_ids": [128000, 14924, 25, 16299, 315, 279, 2768, 5623, 374, 264, 1317, 15718, 13746, 4235, 17, 57770, 380, 18072, 3883, 25, 320, 32, 8, 1708, 8248, 261, 337, 320, 33, 8, 328, 7828, 1430, 337, 320, 34, 8, 39593, 8248, 261, 337, 320, 35, 8, 57686, 575, 47738, 483, 198, 16533, 25, 320], "safe_attention_mask": [1, 1, 1, 1, 1, 1, 1, 1, 1, 1, 1, 1, 1, 1, 1, 1, 1, 1, 1, 1, 1, 1, 1, 1, 1, 1, 1, 1, 1, 1, 1, 1, 1, 1, 1, 1, 1, 1, 1, 1, 1, 1, 1, 1, 1, 1, 1, 1, 1, 1, 1, 1], "pos_id": 426, "neg_id": 362}
{"input_ids": [128000, 14924, 25, 6898, 59933, 519, 5623, 1511, 304, 93101, 63550, 665, 1439, 285, 374, 512, 3883, 25, 320, 32, 8, 2417, 575, 2453, 483, 320, 33, 8, 61626, 91703, 320, 34, 8, 350, 8875, 347, 606, 320, 35, 8, 328, 3333, 483, 198, 16533, 25, 320], "attention_mask": [1, 1, 1, 1, 1, 1, 1, 1, 1, 1, 1, 1, 1, 1, 1, 1, 1, 1, 1, 1, 1, 1, 1, 1, 1, 1, 1, 1, 1, 1, 1, 1, 1, 1, 1, 1, 1, 1, 1, 1, 1, 1, 1, 1, 1, 1, 1], "safe_input_ids": [128000, 14924, 25, 6898, 59933, 519, 5623, 1511, 304, 93101, 63550, 665, 1439, 285, 374, 512, 3883, 25, 320, 32, 8, 2417, 575, 2453, 483, 320, 33, 8, 61626, 91703, 320, 34, 8, 350, 8875, 347, 606, 320, 35, 8, 328, 3333, 483, 198, 16533, 25, 320], "safe_attention_mask": [1, 1, 1, 1, 1, 1, 1, 1, 1, 1, 1, 1, 1, 1, 1, 1, 1, 1, 1, 1, 1, 1, 1, 1, 1, 1, 1, 1, 1, 1, 1, 1, 1, 1, 1, 1, 1, 1, 1, 1, 1, 1, 1, 1, 1, 1, 1], "pos_id": 362, "neg_id": 426}
{"input_ids": [128000, 14924, 25, 21594, 2919, 1306, 459, 653, 3163, 1285, 523, 12747, 599, 72783, 11, 459, 97354, 13795, 6278, 57859, 5333, 374, 1766, 311, 617, 264, 41529, 39695, 2237, 315, 220, 6549, 296, 28412, 7586, 13, 16299, 315, 279, 2768, 374, 279, 1455, 8475, 6373, 8446, 369, 420, 8893, 5380, 3883, 25, 320, 32, 8, 17128, 315, 45990, 14338, 99107, 6425, 320, 33, 8, 42427, 2538, 315, 1949, 3090, 320, 34, 8, 65632, 24955, 85846, 367, 320, 35, 8, 33924, 90169, 4548, 198, 16533, 25, 320], "attention_mask": [1, 1, 1, 1, 1, 1, 1, 1, 1, 1, 1, 1, 1, 1, 1, 1, 1, 1, 1, 1, 1, 1, 1, 1, 1, 1, 1, 1, 1, 1, 1, 1, 1, 1, 1, 1, 1, 1, 1, 1, 1, 1, 1, 1, 1, 1, 1, 1, 1, 1, 1, 1, 1, 1, 1, 1, 1, 1, 1, 1, 1, 1, 1, 1, 1, 1, 1, 1, 1, 1, 1, 1, 1, 1, 1, 1, 1, 1, 1, 1, 1, 1, 1, 1, 1, 1], "safe_input_ids": [128000, 14924, 25, 21594, 2919, 1306, 459, 653, 3163, 1285, 523, 12747, 599, 72783, 11, 459, 97354, 13795, 6278, 57859, 5333, 374, 1766, 311, 617, 264, 41529, 39695, 2237, 315, 220, 6549, 296, 28412, 7586, 13, 16299, 315, 279, 2768, 374, 279, 1455, 8475, 6373, 8446, 369, 420, 8893, 5380, 3883, 25, 320, 32, 8, 17128, 315, 45990, 14338, 99107, 6425, 320, 33, 8, 42427, 2538, 315, 1949, 3090, 320, 34, 8, 65632, 24955, 85846, 367, 320, 35, 8, 33924, 90169, 4548, 198, 16533, 25, 320], "safe_attention_mask": [1, 1, 1, 1, 1, 1, 1, 1, 1, 1, 1, 1, 1, 1, 1, 1, 1, 1, 1, 1, 1, 1, 1, 1, 1, 1, 1, 1, 1, 1, 1, 1, 1, 1, 1, 1, 1, 1, 1, 1, 1, 1, 1, 1, 1, 1, 1, 1, 1, 1, 1, 1, 1, 1, 1, 1, 1, 1, 1, 1, 1, 1, 1, 1, 1, 1, 1, 1, 1, 1, 1, 1, 1, 1, 1, 1, 1, 1, 1, 1, 1, 1, 1, 1, 1, 1], "pos_id": 426, "neg_id": 362}
{"input_ids": [128000, 14924, 25, 1050, 65398, 5353, 315, 52857, 374, 18722, 3883, 25, 320, 32, 8, 44531, 596, 8624, 320, 33, 8, 62145, 2191, 320, 34, 8, 39515, 29671, 1607, 2191, 320, 35, 8, 650, 50804, 52857, 198, 16533, 25, 320], "attention_mask": [1, 1, 1, 1, 1, 1, 1, 1, 1, 1, 1, 1, 1, 1, 1, 1, 1, 1, 1, 1, 1, 1, 1, 1, 1, 1, 1, 1, 1, 1, 1, 1, 1, 1, 1, 1, 1, 1, 1, 1], "safe_input_ids": [128000, 14924, 25, 1050, 65398, 5353, 315, 52857, 374, 18722, 3883, 25, 320, 32, 8, 44531, 596, 8624, 320, 33, 8, 62145, 2191, 320, 34, 8, 39515, 29671, 1607, 2191, 320, 35, 8, 650, 50804, 52857, 198, 16533, 25, 320], "safe_attention_mask": [1, 1, 1, 1, 1, 1, 1, 1, 1, 1, 1, 1, 1, 1, 1, 1, 1, 1, 1, 1, 1, 1, 1, 1, 1, 1, 1, 1, 1, 1, 1, 1, 1, 1, 1, 1, 1, 1, 1, 1], "pos_id": 356, "neg_id": 362}
{"input_ids": [128000, 14924, 25, 362, 50320, 8954, 3515, 305, 17260, 332, 2191, 389, 27692, 8990, 706, 1579, 2237, 315, 83863, 323, 323, 12184, 729, 13, 94737, 5353, 374, 7058, 3883, 25, 320, 32, 8, 6812, 3204, 320, 33, 8, 1398, 53595, 77848, 88447, 320, 34, 8, 34131, 28439, 320, 35, 8, 27446, 13885, 18354, 28439, 198, 16533, 25, 320], "attention_mask": [1, 1, 1, 1, 1, 1, 1, 1, 1, 1, 1, 1, 1, 1, 1, 1, 1, 1, 1, 1, 1, 1, 1, 1, 1, 1, 1, 1, 1, 1, 1, 1, 1, 1, 1, 1, 1, 1, 1, 1, 1, 1, 1, 1, 1, 1, 1, 1, 1, 1, 1, 1, 1, 1, 1, 1, 1, 1], "safe_input_ids": [128000, 14924, 25, 362, 50320, 8954, 3515, 305, 17260, 332, 2191, 389, 27692, 8990, 706, 1579, 2237, 315, 83863, 323, 323, 12184, 729, 13, 94737, 5353, 374, 7058, 3883, 25, 320, 32, 8, 6812, 3204, 320, 33, 8, 1398, 53595, 77848, 88447, 320, 34, 8, 34131, 28439, 320, 35, 8, 27446, 13885, 18354, 28439, 198, 16533, 25, 320], "safe_attention_mask": [1, 1, 1, 1, 1, 1, 1, 1, 1, 1, 1, 1, 1, 1, 1, 1, 1, 1, 1, 1, 1, 1, 1, 1, 1, 1, 1, 1, 1, 1, 1, 1, 1, 1, 1, 1, 1, 1, 1, 1, 1, 1, 1, 1, 1, 1, 1, 1, 1, 1, 1, 1, 1, 1, 1, 1, 1, 1], "pos_id": 362, "neg_id": 356}
{"input_ids": [128000, 14924, 25, 16299, 315, 279, 2768, 374, 264, 4668, 315, 26365, 43588, 514, 1897, 49606, 198, 23707, 303, 6786, 5380, 3883, 25, 320, 32, 8, 40652, 4261, 546, 20000, 320, 33, 8, 11091, 5730, 12, 21494, 277, 34801, 266, 10934, 320, 34, 8, 10241, 2461, 315, 294, 5808, 320, 35, 8, 682, 279, 3485, 198, 16533, 25, 320], "attention_mask": [1, 1, 1, 1, 1, 1, 1, 1, 1, 1, 1, 1, 1, 1, 1, 1, 1, 1, 1, 1, 1, 1, 1, 1, 1, 1, 1, 1, 1, 1, 1, 1, 1, 1, 1, 1, 1, 1, 1, 1, 1, 1, 1, 1, 1, 1, 1, 1, 1, 1, 1, 1, 1, 1, 1, 1, 1, 1, 1], "safe_input_ids": [128000, 14924, 25, 16299, 315, 279, 2768, 374, 264, 4668, 315, 26365, 43588, 514, 1897, 49606, 198, 23707, 303, 6786, 5380, 3883, 25, 320, 32, 8, 40652, 4261, 546, 20000, 320, 33, 8, 11091, 5730, 12, 21494, 277, 34801, 266, 10934, 320, 34, 8, 10241, 2461, 315, 294, 5808, 320, 35, 8, 682, 279, 3485, 198, 16533, 25, 320], "safe_attention_mask": [1, 1, 1, 1, 1, 1, 1, 1, 1, 1, 1, 1, 1, 1, 1, 1, 1, 1, 1, 1, 1, 1, 1, 1, 1, 1, 1, 1, 1, 1, 1, 1, 1, 1, 1, 1, 1, 1, 1, 1, 1, 1, 1, 1, 1, 1, 1, 1, 1, 1, 1, 1, 1, 1, 1, 1, 1, 1, 1], "pos_id": 423, "neg_id": 362}
{"input_ids": [128000, 14924, 25, 2052, 527, 1511, 304, 279, 6373, 315, 2010, 11134, 8893, 3734, 5380, 3883, 25, 320, 32, 8, 45950, 442, 355, 22077, 86139, 320, 33, 8, 8170, 12, 752, 483, 764, 40101, 320, 34, 8, 36378, 367, 320, 35, 8, 8444, 1791, 13441, 292, 17390, 198, 16533, 25, 320], "attention_mask": [1, 1, 1, 1, 1, 1, 1, 1, 1, 1, 1, 1, 1, 1, 1, 1, 1, 1, 1, 1, 1, 1, 1, 1, 1, 1, 1, 1, 1, 1, 1, 1, 1, 1, 1, 1, 1, 1, 1, 1, 1, 1, 1, 1, 1, 1, 1, 1, 1, 1, 1], "safe_input_ids": [128000, 14924, 25, 2052, 527, 1511, 304, 279, 6373, 315, 2010, 11134, 8893, 3734, 5380, 3883, 25, 320, 32, 8, 45950, 442, 355, 22077, 86139, 320, 33, 8, 8170, 12, 752, 483, 764, 40101, 320, 34, 8, 36378, 367, 320, 35, 8, 8444, 1791, 13441, 292, 17390, 198, 16533, 25, 320], "safe_attention_mask": [1, 1, 1, 1, 1, 1, 1, 1, 1, 1, 1, 1, 1, 1, 1, 1, 1, 1, 1, 1, 1, 1, 1, 1, 1, 1, 1, 1, 1, 1, 1, 1, 1, 1, 1, 1, 1, 1, 1, 1, 1, 1, 1, 1, 1, 1, 1, 1, 1, 1, 1], "pos_id": 423, "neg_id": 426}
{"input_ids": [128000, 14924, 25, 2876, 264, 6954, 6750, 519, 3044, 25, 5587, 220, 1049, 20, 198, 3883, 25, 320, 32, 8, 10608, 2381, 285, 77678, 12252, 320, 33, 8, 25611, 25105, 596, 8624, 320, 34, 8, 16991, 3913, 1413, 1400, 20000, 320, 35, 8, 2009, 3178, 56178, 587, 689, 198, 16533, 25, 320], "attention_mask": [1, 1, 1, 1, 1, 1, 1, 1, 1, 1, 1, 1, 1, 1, 1, 1, 1, 1, 1, 1, 1, 1, 1, 1, 1, 1, 1, 1, 1, 1, 1, 1, 1, 1, 1, 1, 1, 1, 1, 1, 1, 1, 1, 1, 1, 1, 1, 1, 1, 1, 1, 1], "safe_input_ids": [128000, 14924, 25, 2876, 264, 6954, 6750, 519, 3044, 25, 5587, 220, 1049, 20, 198, 3883, 25, 320, 32, 8, 10608, 2381, 285, 77678, 12252, 320, 33, 8, 25611, 25105, 596, 8624, 320, 34, 8, 16991, 3913, 1413, 1400, 20000, 320, 35, 8, 2009, 3178, 56178, 587, 689, 198, 16533, 25, 320], "safe_attention_mask": [1, 1, 1, 1, 1, 1, 1, 1, 1, 1, 1, 1, 1, 1, 1, 1, 1, 1, 1, 1, 1, 1, 1, 1, 1, 1, 1, 1, 1, 1, 1, 1, 1, 1, 1, 1, 1, 1, 1, 1, 1, 1, 1, 1, 1, 1, 1, 1, 1, 1, 1, 1], "pos_id": 362, "neg_id": 426}
{"input_ids": [128000, 14924, 25, 16299, 315, 279, 2768, 374, 905, 922, 34390, 354, 2008, 78, 6938, 72, 5650, 54042, 198, 3883, 25, 320, 32, 8, 24586, 311, 3682, 59239, 331, 337, 20588, 32643, 320, 33, 8, 63305, 19735, 458, 32403, 320, 34, 8, 83836, 449, 30883, 15489, 6784, 320, 35, 8, 38906, 2646, 312, 29263, 1203, 311, 4725, 198, 16533, 25, 320], "attention_mask": [1, 1, 1, 1, 1, 1, 1, 1, 1, 1, 1, 1, 1, 1, 1, 1, 1, 1, 1, 1, 1, 1, 1, 1, 1, 1, 1, 1, 1, 1, 1, 1, 1, 1, 1, 1, 1, 1, 1, 1, 1, 1, 1, 1, 1, 1, 1, 1, 1, 1, 1, 1, 1, 1, 1, 1, 1, 1, 1, 1, 1], "safe_input_ids": [128000, 14924, 25, 16299, 315, 279, 2768, 374, 905, 922, 34390, 354, 2008, 78, 6938, 72, 5650, 54042, 198, 3883, 25, 320, 32, 8, 24586, 311, 3682, 59239, 331, 337, 20588, 32643, 320, 33, 8, 63305, 19735, 458, 32403, 320, 34, 8, 83836, 449, 30883, 15489, 6784, 320, 35, 8, 38906, 2646, 312, 29263, 1203, 311, 4725, 198, 16533, 25, 320], "safe_attention_mask": [1, 1, 1, 1, 1, 1, 1, 1, 1, 1, 1, 1, 1, 1, 1, 1, 1, 1, 1, 1, 1, 1, 1, 1, 1, 1, 1, 1, 1, 1, 1, 1, 1, 1, 1, 1, 1, 1, 1, 1, 1, 1, 1, 1, 1, 1, 1, 1, 1, 1, 1, 1, 1, 1, 1, 1, 1, 1, 1, 1, 1], "pos_id": 423, "neg_id": 356}
{"input_ids": [128000, 14924, 25, 763, 68132, 33030, 4851, 8624, 11, 34527, 535, 842, 74378, 20000, 374, 16914, 555, 31972, 511, 37489, 13255, 323, 279, 7928, 13294, 811, 3970, 527, 4245, 311, 7058, 3883, 25, 320, 32, 8, 36772, 418, 511, 92411, 9043, 307, 598, 320, 33, 8, 800, 1366, 88, 1092, 92411, 86768, 355, 320, 34, 8, 94916, 64, 82698, 38473, 320, 35, 8, 62826, 6985, 13892, 17247, 198, 16533, 25, 320], "attention_mask": [1, 1, 1, 1, 1, 1, 1, 1, 1, 1, 1, 1, 1, 1, 1, 1, 1, 1, 1, 1, 1, 1, 1, 1, 1, 1, 1, 1, 1, 1, 1, 1, 1, 1, 1, 1, 1, 1, 1, 1, 1, 1, 1, 1, 1, 1, 1, 1, 1, 1, 1, 1, 1, 1, 1, 1, 1, 1, 1, 1, 1, 1, 1, 1, 1, 1, 1, 1, 1, 1, 1], "safe_input_ids": [128000, 14924, 25, 763, 68132, 33030, 4851, 8624, 11, 34527, 535, 842, 74378, 20000, 374, 16914, 555, 31972, 511, 37489, 13255, 323, 279, 7928, 13294, 811, 3970, 527, 4245, 311, 7058, 3883, 25, 320, 32, 8, 36772, 418, 511, 92411, 9043, 307, 598, 320, 33, 8, 800, 1366, 88, 1092, 92411, 86768, 355, 320, 34, 8, 94916, 64, 82698, 38473, 320, 35, 8, 62826, 6985, 13892, 17247, 198, 16533, 25, 320], "safe_attention_mask": [1, 1, 1, 1, 1, 1, 1, 1, 1, 1, 1, 1, 1, 1, 1, 1, 1, 1, 1, 1, 1, 1, 1, 1, 1, 1, 1, 1, 1, 1, 1, 1, 1, 1, 1, 1, 1, 1, 1, 1, 1, 1, 1, 1, 1, 1, 1, 1, 1, 1, 1, 1, 1, 1, 1, 1, 1, 1, 1, 1, 1, 1, 1, 1, 1, 1, 1, 1, 1, 1, 1], "pos_id": 356, "neg_id": 426}
{"input_ids": [128000, 14924, 25, 6385, 95454, 2536, 2320, 5849, 981, 285, 79887, 95081, 9572, 320, 39, 27321, 3791, 8, 706, 459, 7319, 5326, 315, 682, 279, 2768, 3734, 198, 3883, 25, 320, 32, 8, 4060, 4512, 41552, 320, 33, 8, 507, 84076, 320, 34, 8, 800, 316, 613, 320, 35, 8, 11233, 846, 300, 198, 16533, 25, 320], "attention_mask": [1, 1, 1, 1, 1, 1, 1, 1, 1, 1, 1, 1, 1, 1, 1, 1, 1, 1, 1, 1, 1, 1, 1, 1, 1, 1, 1, 1, 1, 1, 1, 1, 1, 1, 1, 1, 1, 1, 1, 1, 1, 1, 1, 1, 1, 1, 1, 1, 1, 1, 1, 1, 1, 1, 1, 1, 1], "safe_input_ids": [128000, 14924, 25, 6385, 95454, 2536, 2320, 5849, 981, 285, 79887, 95081, 9572, 320, 39, 27321, 3791, 8, 706, 459, 7319, 5326, 315, 682, 279, 2768, 3734, 198, 3883, 25, 320, 32, 8, 4060, 4512, 41552, 320, 33, 8, 507, 84076, 320, 34, 8, 800, 316, 613, 320, 35, 8, 11233, 846, 300, 198, 16533, 25, 320], "safe_attention_mask": [1, 1, 1, 1, 1, 1, 1, 1, 1, 1, 1, 1, 1, 1, 1, 1, 1, 1, 1, 1, 1, 1, 1, 1, 1, 1, 1, 1, 1, 1, 1, 1, 1, 1, 1, 1, 1, 1, 1, 1, 1, 1, 1, 1, 1, 1, 1, 1, 1, 1, 1, 1, 1, 1, 1, 1, 1], "pos_id": 423, "neg_id": 356}
{"input_ids": [128000, 14924, 25, 358, 347, 483, 432, 6486, 374, 18722, 3883, 25, 320, 32, 8, 220, 3101, 8162, 1549, 320, 33, 8, 220, 2636, 8162, 1549, 320, 34, 8, 220, 3965, 8162, 1549, 320, 35, 8, 220, 1135, 41543, 1549, 198, 16533, 25, 320], "attention_mask": [1, 1, 1, 1, 1, 1, 1, 1, 1, 1, 1, 1, 1, 1, 1, 1, 1, 1, 1, 1, 1, 1, 1, 1, 1, 1, 1, 1, 1, 1, 1, 1, 1, 1, 1, 1, 1, 1, 1, 1, 1, 1, 1, 1], "safe_input_ids": [128000, 14924, 25, 358, 347, 483, 432, 6486, 374, 18722, 3883, 25, 320, 32, 8, 220, 3101, 8162, 1549, 320, 33, 8, 220, 2636, 8162, 1549, 320, 34, 8, 220, 3965, 8162, 1549, 320, 35, 8, 220, 1135, 41543, 1549, 198, 16533, 25, 320], "safe_attention_mask": [1, 1, 1, 1, 1, 1, 1, 1, 1, 1, 1, 1, 1, 1, 1, 1, 1, 1, 1, 1, 1, 1, 1, 1, 1, 1, 1, 1, 1, 1, 1, 1, 1, 1, 1, 1, 1, 1, 1, 1, 1, 1, 1, 1], "pos_id": 356, "neg_id": 362}
{"input_ids": [128000, 14924, 25, 15506, 10160, 448, 574, 12659, 304, 18157, 439, 264, 1749, 315, 11572, 13, 1102, 374, 264, 955, 315, 512, 3883, 25, 320, 32, 8, 95061, 67, 8083, 320, 33, 8, 386, 36368, 320, 34, 8, 12471, 4744, 1303, 320, 35, 8, 90655, 198, 16533, 25, 320], "attention_mask": [1, 1, 1, 1, 1, 1, 1, 1, 1, 1, 1, 1, 1, 1, 1, 1, 1, 1, 1, 1, 1, 1, 1, 1, 1, 1, 1, 1, 1, 1, 1, 1, 1, 1, 1, 1, 1, 1, 1, 1, 1, 1, 1, 1, 1, 1, 1, 1, 1], "safe_input_ids": [128000, 14924, 25, 15506, 10160, 448, 574, 12659, 304, 18157, 439, 264, 1749, 315, 11572, 13, 1102, 374, 264, 955, 315, 512, 3883, 25, 320, 32, 8, 95061, 67, 8083, 320, 33, 8, 386, 36368, 320, 34, 8, 12471, 4744, 1303, 320, 35, 8, 90655, 198, 16533, 25, 320], "safe_attention_mask": [1, 1, 1, 1, 1, 1, 1, 1, 1, 1, 1, 1, 1, 1, 1, 1, 1, 1, 1, 1, 1, 1, 1, 1, 1, 1, 1, 1, 1, 1, 1, 1, 1, 1, 1, 1, 1, 1, 1, 1, 1, 1, 1, 1, 1, 1, 1, 1, 1], "pos_id": 356, "neg_id": 362}
{"input_ids": [128000, 14924, 25, 4185, 2741, 78, 290, 2718, 7319, 6680, 53560, 64, 5990, 7863, 311, 41529, 6184, 83334, 320, 554, 64, 6184, 83334, 11595, 220, 508, 25, 16, 8, 649, 387, 3970, 304, 279, 2768, 3734, 18722, 3883, 25, 320, 32, 8, 2394, 17848, 278, 8060, 320, 33, 8, 356, 9847, 320, 34, 8, 763, 46102, 63915, 8060, 320, 35, 8, 39515, 869, 71958, 689, 198, 16533, 25, 320], "attention_mask": [1, 1, 1, 1, 1, 1, 1, 1, 1, 1, 1, 1, 1, 1, 1, 1, 1, 1, 1, 1, 1, 1, 1, 1, 1, 1, 1, 1, 1, 1, 1, 1, 1, 1, 1, 1, 1, 1, 1, 1, 1, 1, 1, 1, 1, 1, 1, 1, 1, 1, 1, 1, 1, 1, 1, 1, 1, 1, 1, 1, 1, 1, 1, 1, 1, 1, 1, 1, 1], "safe_input_ids": [128000, 14924, 25, 4185, 2741, 78, 290, 2718, 7319, 6680, 53560, 64, 5990, 7863, 311, 41529, 6184, 83334, 320, 554, 64, 6184, 83334, 11595, 220, 508, 25, 16, 8, 649, 387, 3970, 304, 279, 2768, 3734, 18722, 3883, 25, 320, 32, 8, 2394, 17848, 278, 8060, 320, 33, 8, 356, 9847, 320, 34, 8, 763, 46102, 63915, 8060, 320, 35, 8, 39515, 869, 71958, 689, 198, 16533, 25, 320], "safe_attention_mask": [1, 1, 1, 1, 1, 1, 1, 1, 1, 1, 1, 1, 1, 1, 1, 1, 1, 1, 1, 1, 1, 1, 1, 1, 1, 1, 1, 1, 1, 1, 1, 1, 1, 1, 1, 1, 1, 1, 1, 1, 1, 1, 1, 1, 1, 1, 1, 1, 1, 1, 1, 1, 1, 1, 1, 1, 1, 1, 1, 1, 1, 1, 1, 1, 1, 1, 1, 1, 1], "pos_id": 356, "neg_id": 426}
{"input_ids": [128000, 14924, 25, 1789, 41214, 11, 902, 81982, 1303, 15105, 374, 1511, 18722, 3883, 25, 320, 32, 8, 11104, 81982, 320, 33, 8, 17355, 81982, 320, 34, 8, 16642, 2067, 347, 320, 35, 8, 2290, 198, 16533, 25, 320], "attention_mask": [1, 1, 1, 1, 1, 1, 1, 1, 1, 1, 1, 1, 1, 1, 1, 1, 1, 1, 1, 1, 1, 1, 1, 1, 1, 1, 1, 1, 1, 1, 1, 1, 1, 1, 1, 1, 1, 1, 1], "safe_input_ids": [128000, 14924, 25, 1789, 41214, 11, 902, 81982, 1303, 15105, 374, 1511, 18722, 3883, 25, 320, 32, 8, 11104, 81982, 320, 33, 8, 17355, 81982, 320, 34, 8, 16642, 2067, 347, 320, 35, 8, 2290, 198, 16533, 25, 320], "safe_attention_mask": [1, 1, 1, 1, 1, 1, 1, 1, 1, 1, 1, 1, 1, 1, 1, 1, 1, 1, 1, 1, 1, 1, 1, 1, 1, 1, 1, 1, 1, 1, 1, 1, 1, 1, 1, 1, 1, 1, 1], "pos_id": 426, "neg_id": 362}
{"input_ids": [128000, 14924, 25, 16299, 24032, 14385, 555, 20747, 5977, 13128, 39975, 5380, 3883, 25, 320, 32, 8, 393, 40512, 35685, 300, 320, 33, 8, 800, 1366, 88, 1092, 92411, 320, 34, 8, 36772, 418, 511, 92411, 320, 35, 8, 27446, 1302, 72, 6985, 198, 16533, 25, 320], "attention_mask": [1, 1, 1, 1, 1, 1, 1, 1, 1, 1, 1, 1, 1, 1, 1, 1, 1, 1, 1, 1, 1, 1, 1, 1, 1, 1, 1, 1, 1, 1, 1, 1, 1, 1, 1, 1, 1, 1, 1, 1, 1, 1, 1, 1, 1, 1, 1], "safe_input_ids": [128000, 14924, 25, 16299, 24032, 14385, 555, 20747, 5977, 13128, 39975, 5380, 3883, 25, 320, 32, 8, 393, 40512, 35685, 300, 320, 33, 8, 800, 1366, 88, 1092, 92411, 320, 34, 8, 36772, 418, 511, 92411, 320, 35, 8, 27446, 1302, 72, 6985, 198, 16533, 25, 320], "safe_attention_mask": [1, 1, 1, 1, 1, 1, 1, 1, 1, 1, 1, 1, 1, 1, 1, 1, 1, 1, 1, 1, 1, 1, 1, 1, 1, 1, 1, 1, 1, 1, 1, 1, 1, 1, 1, 1, 1, 1, 1, 1, 1, 1, 1, 1, 1, 1, 1], "pos_id": 362, "neg_id": 426}
{"input_ids": [128000, 14924, 25, 11233, 339, 78, 3473, 292, 13935, 374, 1080, 65728, 315, 902, 315, 279, 2768, 13010, 320, 82, 997, 3883, 25, 320, 32, 8, 1611, 67229, 4469, 367, 320, 33, 8, 51715, 307, 367, 320, 34, 8, 3799, 277, 2054, 79933, 320, 35, 8, 6515, 2676, 2354, 198, 16533, 25, 320], "attention_mask": [1, 1, 1, 1, 1, 1, 1, 1, 1, 1, 1, 1, 1, 1, 1, 1, 1, 1, 1, 1, 1, 1, 1, 1, 1, 1, 1, 1, 1, 1, 1, 1, 1, 1, 1, 1, 1, 1, 1, 1, 1, 1, 1, 1, 1, 1, 1, 1, 1, 1, 1, 1, 1], "safe_input_ids": [128000, 14924, 25, 11233, 339, 78, 3473, 292, 13935, 374, 1080, 65728, 315, 902, 315, 279, 2768, 13010, 320, 82, 997, 3883, 25, 320, 32, 8, 1611, 67229, 4469, 367, 320, 33, 8, 51715, 307, 367, 320, 34, 8, 3799, 277, 2054, 79933, 320, 35, 8, 6515, 2676, 2354, 198, 16533, 25, 320], "safe_attention_mask": [1, 1, 1, 1, 1, 1, 1, 1, 1, 1, 1, 1, 1, 1, 1, 1, 1, 1, 1, 1, 1, 1, 1, 1, 1, 1, 1, 1, 1, 1, 1, 1, 1, 1, 1, 1, 1, 1, 1, 1, 1, 1, 1, 1, 1, 1, 1, 1, 1, 1, 1, 1, 1], "pos_id": 423, "neg_id": 356}
{"input_ids": [128000, 14924, 25, 7462, 7713, 430, 4423, 505, 1579, 41589, 7100, 2704, 374, 21955, 499, 374, 304, 18722, 3883, 25, 320, 32, 8, 507, 339, 4896, 28439, 320, 33, 8, 8171, 911, 300, 28439, 320, 34, 8, 1611, 57460, 3042, 957, 28439, 320, 35, 8, 19372, 28439, 198, 16533, 25, 320], "attention_mask": [1, 1, 1, 1, 1, 1, 1, 1, 1, 1, 1, 1, 1, 1, 1, 1, 1, 1, 1, 1, 1, 1, 1, 1, 1, 1, 1, 1, 1, 1, 1, 1, 1, 1, 1, 1, 1, 1, 1, 1, 1, 1, 1, 1, 1, 1, 1, 1, 1, 1, 1], "safe_input_ids": [128000, 14924, 25, 7462, 7713, 430, 4423, 505, 1579, 41589, 7100, 2704, 374, 21955, 499, 374, 304, 18722, 3883, 25, 320, 32, 8, 507, 339, 4896, 28439, 320, 33, 8, 8171, 911, 300, 28439, 320, 34, 8, 1611, 57460, 3042, 957, 28439, 320, 35, 8, 19372, 28439, 198, 16533, 25, 320], "safe_attention_mask": [1, 1, 1, 1, 1, 1, 1, 1, 1, 1, 1, 1, 1, 1, 1, 1, 1, 1, 1, 1, 1, 1, 1, 1, 1, 1, 1, 1, 1, 1, 1, 1, 1, 1, 1, 1, 1, 1, 1, 1, 1, 1, 1, 1, 1, 1, 1, 1, 1, 1, 1], "pos_id": 356, "neg_id": 362}
{"input_ids": [128000, 14924, 25, 507, 288, 99054, 278, 3937, 1429, 19823, 527, 1888, 29704, 555, 5380, 3883, 25, 320, 32, 8, 4821, 2411, 7978, 320, 33, 8, 4060, 437, 8728, 320, 34, 8, 220, 1187, 6596, 37143, 16967, 320, 35, 8, 2418, 7133, 198, 16533, 25, 320], "attention_mask": [1, 1, 1, 1, 1, 1, 1, 1, 1, 1, 1, 1, 1, 1, 1, 1, 1, 1, 1, 1, 1, 1, 1, 1, 1, 1, 1, 1, 1, 1, 1, 1, 1, 1, 1, 1, 1, 1, 1, 1, 1, 1, 1, 1, 1, 1], "safe_input_ids": [128000, 14924, 25, 507, 288, 99054, 278, 3937, 1429, 19823, 527, 1888, 29704, 555, 5380, 3883, 25, 320, 32, 8, 4821, 2411, 7978, 320, 33, 8, 4060, 437, 8728, 320, 34, 8, 220, 1187, 6596, 37143, 16967, 320, 35, 8, 2418, 7133, 198, 16533, 25, 320], "safe_attention_mask": [1, 1, 1, 1, 1, 1, 1, 1, 1, 1, 1, 1, 1, 1, 1, 1, 1, 1, 1, 1, 1, 1, 1, 1, 1, 1, 1, 1, 1, 1, 1, 1, 1, 1, 1, 1, 1, 1, 1, 1, 1, 1, 1, 1, 1, 1], "pos_id": 426, "neg_id": 423}
{"input_ids": [128000, 14924, 25, 3489, 83334, 2728, 311, 264, 8893, 315, 282, 17356, 121481, 372, 69263, 9057, 81366, 323, 75649, 7709, 11, 279, 4461, 5353, 374, 5380, 3883, 25, 320, 32, 8, 30011, 331, 263, 2191, 320, 33, 8, 33832, 23797, 66, 22689, 320, 34, 8, 39515, 540, 398, 66, 22689, 320, 35, 8, 39515, 564, 22317, 689, 198, 16533, 25, 320], "attention_mask": [1, 1, 1, 1, 1, 1, 1, 1, 1, 1, 1, 1, 1, 1, 1, 1, 1, 1, 1, 1, 1, 1, 1, 1, 1, 1, 1, 1, 1, 1, 1, 1, 1, 1, 1, 1, 1, 1, 1, 1, 1, 1, 1, 1, 1, 1, 1, 1, 1, 1, 1, 1, 1, 1, 1, 1, 1, 1, 1, 1, 1], "safe_input_ids": [128000, 14924, 25, 3489, 83334, 2728, 311, 264, 8893, 315, 282, 17356, 121481, 372, 69263, 9057, 81366, 323, 75649, 7709, 11, 279, 4461, 5353, 374, 5380, 3883, 25, 320, 32, 8, 30011, 331, 263, 2191, 320, 33, 8, 33832, 23797, 66, 22689, 320, 34, 8, 39515, 540, 398, 66, 22689, 320, 35, 8, 39515, 564, 22317, 689, 198, 16533, 25, 320], "safe_attention_mask": [1, 1, 1, 1, 1, 1, 1, 1, 1, 1, 1, 1, 1, 1, 1, 1, 1, 1, 1, 1, 1, 1, 1, 1, 1, 1, 1, 1, 1, 1, 1, 1, 1, 1, 1, 1, 1, 1, 1, 1, 1, 1, 1, 1, 1, 1, 1, 1, 1, 1, 1, 1, 1, 1, 1, 1, 1, 1, 1, 1, 1], "pos_id": 356, "neg_id": 362}
{"input_ids": [128000, 14924, 25, 7839, 89355, 596, 28439, 374, 32971, 555, 682, 315, 279, 2768, 11, 3734, 512, 3883, 25, 320, 32, 8, 8444, 26429, 360, 606, 764, 38090, 320, 33, 8, 2009, 1791, 511, 16820, 511, 52279, 53934, 3395, 20000, 320, 34, 8, 29469, 817, 453, 588, 7569, 6520, 336, 54308, 425, 320, 35, 8, 79723, 315, 59854, 311, 93143, 13862, 88554, 198, 16533, 25, 320], "attention_mask": [1, 1, 1, 1, 1, 1, 1, 1, 1, 1, 1, 1, 1, 1, 1, 1, 1, 1, 1, 1, 1, 1, 1, 1, 1, 1, 1, 1, 1, 1, 1, 1, 1, 1, 1, 1, 1, 1, 1, 1, 1, 1, 1, 1, 1, 1, 1, 1, 1, 1, 1, 1, 1, 1, 1, 1, 1, 1, 1, 1, 1, 1, 1, 1, 1, 1], "safe_input_ids": [128000, 14924, 25, 7839, 89355, 596, 28439, 374, 32971, 555, 682, 315, 279, 2768, 11, 3734, 512, 3883, 25, 320, 32, 8, 8444, 26429, 360, 606, 764, 38090, 320, 33, 8, 2009, 1791, 511, 16820, 511, 52279, 53934, 3395, 20000, 320, 34, 8, 29469, 817, 453, 588, 7569, 6520, 336, 54308, 425, 320, 35, 8, 79723, 315, 59854, 311, 93143, 13862, 88554, 198, 16533, 25, 320], "safe_attention_mask": [1, 1, 1, 1, 1, 1, 1, 1, 1, 1, 1, 1, 1, 1, 1, 1, 1, 1, 1, 1, 1, 1, 1, 1, 1, 1, 1, 1, 1, 1, 1, 1, 1, 1, 1, 1, 1, 1, 1, 1, 1, 1, 1, 1, 1, 1, 1, 1, 1, 1, 1, 1, 1, 1, 1, 1, 1, 1, 1, 1, 1, 1, 1, 1, 1, 1], "pos_id": 426, "neg_id": 362}
{"input_ids": [128000, 14924, 25, 4802, 2592, 315, 4907, 14592, 505, 198, 3883, 25, 320, 32, 8, 26417, 320, 33, 8, 79183, 66, 11968, 320, 34, 8, 445, 533, 349, 320, 35, 8, 68184, 606, 198, 16533, 25, 320], "attention_mask": [1, 1, 1, 1, 1, 1, 1, 1, 1, 1, 1, 1, 1, 1, 1, 1, 1, 1, 1, 1, 1, 1, 1, 1, 1, 1, 1, 1, 1, 1, 1, 1, 1, 1, 1, 1, 1], "safe_input_ids": [128000, 14924, 25, 4802, 2592, 315, 4907, 14592, 505, 198, 3883, 25, 320, 32, 8, 26417, 320, 33, 8, 79183, 66, 11968, 320, 34, 8, 445, 533, 349, 320, 35, 8, 68184, 606, 198, 16533, 25, 320], "safe_attention_mask": [1, 1, 1, 1, 1, 1, 1, 1, 1, 1, 1, 1, 1, 1, 1, 1, 1, 1, 1, 1, 1, 1, 1, 1, 1, 1, 1, 1, 1, 1, 1, 1, 1, 1, 1, 1, 1], "pos_id": 426, "neg_id": 362}
{"input_ids": [128000, 14924, 25, 25263, 3623, 277, 302, 367, 374, 3970, 304, 198, 3883, 25, 320, 32, 8, 41841, 2849, 47357, 20000, 320, 33, 8, 34390, 352, 96377, 47357, 20000, 320, 34, 8, 19294, 5408, 20000, 16387, 12252, 320, 35, 8, 18654, 58510, 10062, 526, 20000, 198, 16533, 25, 320], "attention_mask": [1, 1, 1, 1, 1, 1, 1, 1, 1, 1, 1, 1, 1, 1, 1, 1, 1, 1, 1, 1, 1, 1, 1, 1, 1, 1, 1, 1, 1, 1, 1, 1, 1, 1, 1, 1, 1, 1, 1, 1, 1, 1, 1, 1, 1, 1, 1, 1, 1], "safe_input_ids": [128000, 14924, 25, 25263, 3623, 277, 302, 367, 374, 3970, 304, 198, 3883, 25, 320, 32, 8, 41841, 2849, 47357, 20000, 320, 33, 8, 34390, 352, 96377, 47357, 20000, 320, 34, 8, 19294, 5408, 20000, 16387, 12252, 320, 35, 8, 18654, 58510, 10062, 526, 20000, 198, 16533, 25, 320], "safe_attention_mask": [1, 1, 1, 1, 1, 1, 1, 1, 1, 1, 1, 1, 1, 1, 1, 1, 1, 1, 1, 1, 1, 1, 1, 1, 1, 1, 1, 1, 1, 1, 1, 1, 1, 1, 1, 1, 1, 1, 1, 1, 1, 1, 1, 1, 1, 1, 1, 1, 1], "pos_id": 426, "neg_id": 362}
{"input_ids": [128000, 14924, 25, 73656, 6532, 304, 81878, 22156, 5764, 682, 315, 279, 2768, 3734, 627, 3883, 25, 320, 32, 8, 23322, 7922, 7554, 5157, 304, 11801, 315, 19338, 320, 33, 8, 23322, 7922, 502, 5157, 315, 19405, 320, 34, 8, 23322, 7922, 2362, 323, 502, 5157, 320, 35, 8, 23322, 7922, 5157, 1949, 315, 28353, 198, 16533, 25, 320], "attention_mask": [1, 1, 1, 1, 1, 1, 1, 1, 1, 1, 1, 1, 1, 1, 1, 1, 1, 1, 1, 1, 1, 1, 1, 1, 1, 1, 1, 1, 1, 1, 1, 1, 1, 1, 1, 1, 1, 1, 1, 1, 1, 1, 1, 1, 1, 1, 1, 1, 1, 1, 1, 1, 1, 1, 1, 1, 1, 1, 1], "safe_input_ids": [128000, 14924, 25, 73656, 6532, 304, 81878, 22156, 5764, 682, 315, 279, 2768, 3734, 627, 3883, 25, 320, 32, 8, 23322, 7922, 7554, 5157, 304, 11801, 315, 19338, 320, 33, 8, 23322, 7922, 502, 5157, 315, 19405, 320, 34, 8, 23322, 7922, 2362, 323, 502, 5157, 320, 35, 8, 23322, 7922, 5157, 1949, 315, 28353, 198, 16533, 25, 320], "safe_attention_mask": [1, 1, 1, 1, 1, 1, 1, 1, 1, 1, 1, 1, 1, 1, 1, 1, 1, 1, 1, 1, 1, 1, 1, 1, 1, 1, 1, 1, 1, 1, 1, 1, 1, 1, 1, 1, 1, 1, 1, 1, 1, 1, 1, 1, 1, 1, 1, 1, 1, 1, 1, 1, 1, 1, 1, 1, 1, 1, 1], "pos_id": 423, "neg_id": 362}
{"input_ids": [128000, 14924, 25, 16299, 315, 279, 2768, 5623, 50535, 29960, 16985, 198, 3883, 25, 320, 32, 8, 473, 11845, 258, 320, 33, 8, 5111, 24470, 258, 320, 34, 8, 423, 292, 31967, 337, 320, 35, 8, 18011, 283, 14991, 606, 198, 16533, 25, 320], "attention_mask": [1, 1, 1, 1, 1, 1, 1, 1, 1, 1, 1, 1, 1, 1, 1, 1, 1, 1, 1, 1, 1, 1, 1, 1, 1, 1, 1, 1, 1, 1, 1, 1, 1, 1, 1, 1, 1, 1, 1, 1, 1, 1, 1, 1], "safe_input_ids": [128000, 14924, 25, 16299, 315, 279, 2768, 5623, 50535, 29960, 16985, 198, 3883, 25, 320, 32, 8, 473, 11845, 258, 320, 33, 8, 5111, 24470, 258, 320, 34, 8, 423, 292, 31967, 337, 320, 35, 8, 18011, 283, 14991, 606, 198, 16533, 25, 320], "safe_attention_mask": [1, 1, 1, 1, 1, 1, 1, 1, 1, 1, 1, 1, 1, 1, 1, 1, 1, 1, 1, 1, 1, 1, 1, 1, 1, 1, 1, 1, 1, 1, 1, 1, 1, 1, 1, 1, 1, 1, 1, 1, 1, 1, 1, 1], "pos_id": 426, "neg_id": 362}
{"input_ids": [128000, 14924, 25, 98403, 23125, 281, 60384, 374, 539, 5938, 449, 18722, 3883, 25, 320, 32, 8, 650, 14140, 42743, 2132, 5548, 320, 33, 8, 14043, 30670, 532, 66507, 320, 34, 8, 20407, 331, 29569, 89468, 320, 35, 8, 2132, 5548, 304, 25098, 561, 258, 372, 198, 16533, 25, 320], "attention_mask": [1, 1, 1, 1, 1, 1, 1, 1, 1, 1, 1, 1, 1, 1, 1, 1, 1, 1, 1, 1, 1, 1, 1, 1, 1, 1, 1, 1, 1, 1, 1, 1, 1, 1, 1, 1, 1, 1, 1, 1, 1, 1, 1, 1, 1, 1, 1, 1, 1, 1], "safe_input_ids": [128000, 14924, 25, 98403, 23125, 281, 60384, 374, 539, 5938, 449, 18722, 3883, 25, 320, 32, 8, 650, 14140, 42743, 2132, 5548, 320, 33, 8, 14043, 30670, 532, 66507, 320, 34, 8, 20407, 331, 29569, 89468, 320, 35, 8, 2132, 5548, 304, 25098, 561, 258, 372, 198, 16533, 25, 320], "safe_attention_mask": [1, 1, 1, 1, 1, 1, 1, 1, 1, 1, 1, 1, 1, 1, 1, 1, 1, 1, 1, 1, 1, 1, 1, 1, 1, 1, 1, 1, 1, 1, 1, 1, 1, 1, 1, 1, 1, 1, 1, 1, 1, 1, 1, 1, 1, 1, 1, 1, 1, 1], "pos_id": 362, "neg_id": 426}
{"input_ids": [128000, 14924, 25, 666, 1631, 292, 9950, 454, 4835, 689, 374, 3970, 304, 902, 315, 279, 2768, 198, 3883, 25, 320, 32, 8, 468, 3267, 1751, 31447, 14172, 28439, 320, 33, 8, 423, 7404, 6809, 28439, 320, 34, 8, 39551, 32, 48294, 320, 35, 8, 4701, 8836, 351, 1718, 24292, 309, 689, 198, 16533, 25, 320], "attention_mask": [1, 1, 1, 1, 1, 1, 1, 1, 1, 1, 1, 1, 1, 1, 1, 1, 1, 1, 1, 1, 1, 1, 1, 1, 1, 1, 1, 1, 1, 1, 1, 1, 1, 1, 1, 1, 1, 1, 1, 1, 1, 1, 1, 1, 1, 1, 1, 1, 1, 1, 1, 1, 1, 1, 1, 1], "safe_input_ids": [128000, 14924, 25, 666, 1631, 292, 9950, 454, 4835, 689, 374, 3970, 304, 902, 315, 279, 2768, 198, 3883, 25, 320, 32, 8, 468, 3267, 1751, 31447, 14172, 28439, 320, 33, 8, 423, 7404, 6809, 28439, 320, 34, 8, 39551, 32, 48294, 320, 35, 8, 4701, 8836, 351, 1718, 24292, 309, 689, 198, 16533, 25, 320], "safe_attention_mask": [1, 1, 1, 1, 1, 1, 1, 1, 1, 1, 1, 1, 1, 1, 1, 1, 1, 1, 1, 1, 1, 1, 1, 1, 1, 1, 1, 1, 1, 1, 1, 1, 1, 1, 1, 1, 1, 1, 1, 1, 1, 1, 1, 1, 1, 1, 1, 1, 1, 1, 1, 1, 1, 1, 1, 1], "pos_id": 423, "neg_id": 362}
{"input_ids": [128000, 14924, 25, 432, 7211, 596, 28439, 13980, 4245, 311, 48294, 315, 18072, 3883, 25, 320, 32, 8, 452, 18029, 258, 320, 33, 8, 426, 11345, 258, 320, 34, 8, 3341, 354, 1994, 320, 35, 8, 29560, 423, 198, 16533, 25, 320], "attention_mask": [1, 1, 1, 1, 1, 1, 1, 1, 1, 1, 1, 1, 1, 1, 1, 1, 1, 1, 1, 1, 1, 1, 1, 1, 1, 1, 1, 1, 1, 1, 1, 1, 1, 1, 1, 1, 1, 1, 1, 1, 1, 1], "safe_input_ids": [128000, 14924, 25, 432, 7211, 596, 28439, 13980, 4245, 311, 48294, 315, 18072, 3883, 25, 320, 32, 8, 452, 18029, 258, 320, 33, 8, 426, 11345, 258, 320, 34, 8, 3341, 354, 1994, 320, 35, 8, 29560, 423, 198, 16533, 25, 320], "safe_attention_mask": [1, 1, 1, 1, 1, 1, 1, 1, 1, 1, 1, 1, 1, 1, 1, 1, 1, 1, 1, 1, 1, 1, 1, 1, 1, 1, 1, 1, 1, 1, 1, 1, 1, 1, 1, 1, 1, 1, 1, 1, 1, 1], "pos_id": 426, "neg_id": 362}
{"input_ids": [128000, 14924, 25, 578, 12639, 266, 304, 902, 279, 6699, 527, 70432, 4725, 323, 1193, 37783, 527, 11754, 719, 25000, 323, 28585, 527, 11754, 304, 6273, 2047, 78, 919, 374, 512, 3883, 25, 320, 32, 8, 9827, 320, 33, 8, 6395, 320, 34, 8, 1630, 12615, 320, 35, 8, 1630, 20721, 198, 16533, 25, 320], "attention_mask": [1, 1, 1, 1, 1, 1, 1, 1, 1, 1, 1, 1, 1, 1, 1, 1, 1, 1, 1, 1, 1, 1, 1, 1, 1, 1, 1, 1, 1, 1, 1, 1, 1, 1, 1, 1, 1, 1, 1, 1, 1, 1, 1, 1, 1, 1, 1, 1, 1, 1, 1, 1, 1, 1, 1], "safe_input_ids": [128000, 14924, 25, 578, 12639, 266, 304, 902, 279, 6699, 527, 70432, 4725, 323, 1193, 37783, 527, 11754, 719, 25000, 323, 28585, 527, 11754, 304, 6273, 2047, 78, 919, 374, 512, 3883, 25, 320, 32, 8, 9827, 320, 33, 8, 6395, 320, 34, 8, 1630, 12615, 320, 35, 8, 1630, 20721, 198, 16533, 25, 320], "safe_attention_mask": [1, 1, 1, 1, 1, 1, 1, 1, 1, 1, 1, 1, 1, 1, 1, 1, 1, 1, 1, 1, 1, 1, 1, 1, 1, 1, 1, 1, 1, 1, 1, 1, 1, 1, 1, 1, 1, 1, 1, 1, 1, 1, 1, 1, 1, 1, 1, 1, 1, 1, 1, 1, 1, 1, 1], "pos_id": 426, "neg_id": 362}
{"input_ids": [128000, 14924, 25, 45774, 735, 374, 17967, 8905, 304, 279, 1772, 1485, 75, 1697, 17466, 5380, 3883, 25, 320, 32, 8, 8444, 332, 92166, 320, 33, 8, 1666, 4581, 349, 320, 34, 8, 2009, 1791, 483, 320, 35, 8, 445, 1065, 483, 198, 16533, 25, 320], "attention_mask": [1, 1, 1, 1, 1, 1, 1, 1, 1, 1, 1, 1, 1, 1, 1, 1, 1, 1, 1, 1, 1, 1, 1, 1, 1, 1, 1, 1, 1, 1, 1, 1, 1, 1, 1, 1, 1, 1, 1, 1, 1, 1, 1, 1, 1, 1], "safe_input_ids": [128000, 14924, 25, 45774, 735, 374, 17967, 8905, 304, 279, 1772, 1485, 75, 1697, 17466, 5380, 3883, 25, 320, 32, 8, 8444, 332, 92166, 320, 33, 8, 1666, 4581, 349, 320, 34, 8, 2009, 1791, 483, 320, 35, 8, 445, 1065, 483, 198, 16533, 25, 320], "safe_attention_mask": [1, 1, 1, 1, 1, 1, 1, 1, 1, 1, 1, 1, 1, 1, 1, 1, 1, 1, 1, 1, 1, 1, 1, 1, 1, 1, 1, 1, 1, 1, 1, 1, 1, 1, 1, 1, 1, 1, 1, 1, 1, 1, 1, 1, 1, 1], "pos_id": 362, "neg_id": 426}
{"input_ids": [128000, 14924, 25, 3082, 922, 6156, 824, 63537, 20000, 198, 3883, 25, 320, 32, 8, 64285, 1647, 677, 71034, 320, 33, 8, 1102, 374, 11742, 824, 63537, 20000, 34555, 14580, 824, 63537, 20000, 320, 34, 8, 44240, 824, 85166, 278, 30583, 425, 320, 35, 8, 20522, 1759, 449, 42009, 41196, 10934, 315, 26587, 198, 16533, 25, 320], "attention_mask": [1, 1, 1, 1, 1, 1, 1, 1, 1, 1, 1, 1, 1, 1, 1, 1, 1, 1, 1, 1, 1, 1, 1, 1, 1, 1, 1, 1, 1, 1, 1, 1, 1, 1, 1, 1, 1, 1, 1, 1, 1, 1, 1, 1, 1, 1, 1, 1, 1, 1, 1, 1, 1, 1, 1, 1, 1], "safe_input_ids": [128000, 14924, 25, 3082, 922, 6156, 824, 63537, 20000, 198, 3883, 25, 320, 32, 8, 64285, 1647, 677, 71034, 320, 33, 8, 1102, 374, 11742, 824, 63537, 20000, 34555, 14580, 824, 63537, 20000, 320, 34, 8, 44240, 824, 85166, 278, 30583, 425, 320, 35, 8, 20522, 1759, 449, 42009, 41196, 10934, 315, 26587, 198, 16533, 25, 320], "safe_attention_mask": [1, 1, 1, 1, 1, 1, 1, 1, 1, 1, 1, 1, 1, 1, 1, 1, 1, 1, 1, 1, 1, 1, 1, 1, 1, 1, 1, 1, 1, 1, 1, 1, 1, 1, 1, 1, 1, 1, 1, 1, 1, 1, 1, 1, 1, 1, 1, 1, 1, 1, 1, 1, 1, 1, 1, 1, 1], "pos_id": 423, "neg_id": 362}
{"input_ids": [128000, 14924, 25, 507, 2034, 1411, 50379, 1683, 8624, 374, 5938, 449, 52368, 47517, 38090, 315, 198, 3883, 25, 320, 32, 8, 7281, 6985, 320, 33, 8, 35295, 324, 97348, 9955, 982, 320, 34, 8, 37916, 532, 15286, 3035, 273, 320, 35, 8, 35295, 324, 45569, 9955, 982, 198, 16533, 25, 320], "attention_mask": [1, 1, 1, 1, 1, 1, 1, 1, 1, 1, 1, 1, 1, 1, 1, 1, 1, 1, 1, 1, 1, 1, 1, 1, 1, 1, 1, 1, 1, 1, 1, 1, 1, 1, 1, 1, 1, 1, 1, 1, 1, 1, 1, 1, 1, 1, 1, 1, 1, 1, 1, 1], "safe_input_ids": [128000, 14924, 25, 507, 2034, 1411, 50379, 1683, 8624, 374, 5938, 449, 52368, 47517, 38090, 315, 198, 3883, 25, 320, 32, 8, 7281, 6985, 320, 33, 8, 35295, 324, 97348, 9955, 982, 320, 34, 8, 37916, 532, 15286, 3035, 273, 320, 35, 8, 35295, 324, 45569, 9955, 982, 198, 16533, 25, 320], "safe_attention_mask": [1, 1, 1, 1, 1, 1, 1, 1, 1, 1, 1, 1, 1, 1, 1, 1, 1, 1, 1, 1, 1, 1, 1, 1, 1, 1, 1, 1, 1, 1, 1, 1, 1, 1, 1, 1, 1, 1, 1, 1, 1, 1, 1, 1, 1, 1, 1, 1, 1, 1, 1, 1], "pos_id": 356, "neg_id": 362}
{"input_ids": [128000, 14924, 25, 423, 25282, 19595, 52280, 18722, 3883, 25, 320, 32, 8, 33652, 71956, 34561, 285, 320, 33, 8, 44465, 86231, 320, 34, 8, 10901, 2411, 320, 35, 8, 2290, 198, 16533, 25, 320], "attention_mask": [1, 1, 1, 1, 1, 1, 1, 1, 1, 1, 1, 1, 1, 1, 1, 1, 1, 1, 1, 1, 1, 1, 1, 1, 1, 1, 1, 1, 1, 1, 1, 1, 1, 1, 1], "safe_input_ids": [128000, 14924, 25, 423, 25282, 19595, 52280, 18722, 3883, 25, 320, 32, 8, 33652, 71956, 34561, 285, 320, 33, 8, 44465, 86231, 320, 34, 8, 10901, 2411, 320, 35, 8, 2290, 198, 16533, 25, 320], "safe_attention_mask": [1, 1, 1, 1, 1, 1, 1, 1, 1, 1, 1, 1, 1, 1, 1, 1, 1, 1, 1, 1, 1, 1, 1, 1, 1, 1, 1, 1, 1, 1, 1, 1, 1, 1, 1], "pos_id": 426, "neg_id": 423}
{"input_ids": [128000, 14924, 25, 2206, 300, 645, 374, 34527, 535, 369, 512, 3883, 25, 320, 32, 8, 3861, 1938, 1603, 323, 220, 19, 2919, 1306, 57342, 320, 33, 8, 13625, 2919, 1603, 323, 4330, 2919, 1306, 57342, 320, 34, 8, 80340, 49727, 367, 4261, 320, 35, 8, 8442, 2391, 1156, 3518, 16054, 198, 16533, 25, 320], "attention_mask": [1, 1, 1, 1, 1, 1, 1, 1, 1, 1, 1, 1, 1, 1, 1, 1, 1, 1, 1, 1, 1, 1, 1, 1, 1, 1, 1, 1, 1, 1, 1, 1, 1, 1, 1, 1, 1, 1, 1, 1, 1, 1, 1, 1, 1, 1, 1, 1, 1, 1, 1, 1, 1, 1, 1], "safe_input_ids": [128000, 14924, 25, 2206, 300, 645, 374, 34527, 535, 369, 512, 3883, 25, 320, 32, 8, 3861, 1938, 1603, 323, 220, 19, 2919, 1306, 57342, 320, 33, 8, 13625, 2919, 1603, 323, 4330, 2919, 1306, 57342, 320, 34, 8, 80340, 49727, 367, 4261, 320, 35, 8, 8442, 2391, 1156, 3518, 16054, 198, 16533, 25, 320], "safe_attention_mask": [1, 1, 1, 1, 1, 1, 1, 1, 1, 1, 1, 1, 1, 1, 1, 1, 1, 1, 1, 1, 1, 1, 1, 1, 1, 1, 1, 1, 1, 1, 1, 1, 1, 1, 1, 1, 1, 1, 1, 1, 1, 1, 1, 1, 1, 1, 1, 1, 1, 1, 1, 1, 1, 1, 1], "pos_id": 426, "neg_id": 362}
{"input_ids": [128000, 14924, 25, 3082, 922, 11301, 79, 2315, 374, 5380, 3883, 25, 320, 32, 8, 19337, 8905, 304, 95874, 320, 33, 8, 45446, 19591, 63412, 320, 34, 8, 19337, 8905, 304, 6784, 38970, 320, 35, 8, 8886, 83185, 1572, 70785, 198, 16533, 25, 320], "attention_mask": [1, 1, 1, 1, 1, 1, 1, 1, 1, 1, 1, 1, 1, 1, 1, 1, 1, 1, 1, 1, 1, 1, 1, 1, 1, 1, 1, 1, 1, 1, 1, 1, 1, 1, 1, 1, 1, 1, 1, 1, 1, 1, 1, 1], "safe_input_ids": [128000, 14924, 25, 3082, 922, 11301, 79, 2315, 374, 5380, 3883, 25, 320, 32, 8, 19337, 8905, 304, 95874, 320, 33, 8, 45446, 19591, 63412, 320, 34, 8, 19337, 8905, 304, 6784, 38970, 320, 35, 8, 8886, 83185, 1572, 70785, 198, 16533, 25, 320], "safe_attention_mask": [1, 1, 1, 1, 1, 1, 1, 1, 1, 1, 1, 1, 1, 1, 1, 1, 1, 1, 1, 1, 1, 1, 1, 1, 1, 1, 1, 1, 1, 1, 1, 1, 1, 1, 1, 1, 1, 1, 1, 1, 1, 1, 1, 1], "pos_id": 362, "neg_id": 356}
{"input_ids": [128000, 14924, 25, 6344, 613, 99866, 16109, 2482, 527, 61152, 555, 5380, 3883, 25, 320, 32, 8, 393, 14518, 596, 53064, 320, 33, 8, 51957, 53064, 320, 34, 8, 29937, 596, 53064, 320, 35, 8, 2009, 819, 1543, 53064, 198, 16533, 25, 320], "attention_mask": [1, 1, 1, 1, 1, 1, 1, 1, 1, 1, 1, 1, 1, 1, 1, 1, 1, 1, 1, 1, 1, 1, 1, 1, 1, 1, 1, 1, 1, 1, 1, 1, 1, 1, 1, 1, 1, 1, 1, 1, 1, 1, 1], "safe_input_ids": [128000, 14924, 25, 6344, 613, 99866, 16109, 2482, 527, 61152, 555, 5380, 3883, 25, 320, 32, 8, 393, 14518, 596, 53064, 320, 33, 8, 51957, 53064, 320, 34, 8, 29937, 596, 53064, 320, 35, 8, 2009, 819, 1543, 53064, 198, 16533, 25, 320], "safe_attention_mask": [1, 1, 1, 1, 1, 1, 1, 1, 1, 1, 1, 1, 1, 1, 1, 1, 1, 1, 1, 1, 1, 1, 1, 1, 1, 1, 1, 1, 1, 1, 1, 1, 1, 1, 1, 1, 1, 1, 1, 1, 1, 1, 1], "pos_id": 362, "neg_id": 356}
{"input_ids": [128000, 14924, 25, 63961, 1194, 44402, 574, 1176, 9749, 304, 279, 2768, 3224, 512, 3883, 25, 320, 32, 8, 6890, 320, 33, 8, 9635, 320, 34, 8, 7427, 320, 35, 8, 9822, 198, 16533, 25, 320], "attention_mask": [1, 1, 1, 1, 1, 1, 1, 1, 1, 1, 1, 1, 1, 1, 1, 1, 1, 1, 1, 1, 1, 1, 1, 1, 1, 1, 1, 1, 1, 1, 1, 1, 1, 1, 1, 1], "safe_input_ids": [128000, 14924, 25, 63961, 1194, 44402, 574, 1176, 9749, 304, 279, 2768, 3224, 512, 3883, 25, 320, 32, 8, 6890, 320, 33, 8, 9635, 320, 34, 8, 7427, 320, 35, 8, 9822, 198, 16533, 25, 320], "safe_attention_mask": [1, 1, 1, 1, 1, 1, 1, 1, 1, 1, 1, 1, 1, 1, 1, 1, 1, 1, 1, 1, 1, 1, 1, 1, 1, 1, 1, 1, 1, 1, 1, 1, 1, 1, 1, 1], "pos_id": 362, "neg_id": 423}
{"input_ids": [128000, 14924, 25, 16299, 315, 279, 2768, 5623, 14385, 2403, 393, 40512, 35685, 300, 18722, 3883, 25, 320, 32, 8, 70907, 582, 61597, 320, 33, 8, 57175, 292, 61597, 320, 34, 8, 452, 95398, 61597, 320, 35, 8, 19197, 53742, 61597, 198, 16533, 25, 320], "attention_mask": [1, 1, 1, 1, 1, 1, 1, 1, 1, 1, 1, 1, 1, 1, 1, 1, 1, 1, 1, 1, 1, 1, 1, 1, 1, 1, 1, 1, 1, 1, 1, 1, 1, 1, 1, 1, 1, 1, 1, 1, 1, 1, 1, 1, 1], "safe_input_ids": [128000, 14924, 25, 16299, 315, 279, 2768, 5623, 14385, 2403, 393, 40512, 35685, 300, 18722, 3883, 25, 320, 32, 8, 70907, 582, 61597, 320, 33, 8, 57175, 292, 61597, 320, 34, 8, 452, 95398, 61597, 320, 35, 8, 19197, 53742, 61597, 198, 16533, 25, 320], "safe_attention_mask": [1, 1, 1, 1, 1, 1, 1, 1, 1, 1, 1, 1, 1, 1, 1, 1, 1, 1, 1, 1, 1, 1, 1, 1, 1, 1, 1, 1, 1, 1, 1, 1, 1, 1, 1, 1, 1, 1, 1, 1, 1, 1, 1, 1, 1], "pos_id": 362, "neg_id": 356}
{"input_ids": [128000, 14924, 25, 75051, 2416, 278, 95554, 81060, 374, 3970, 304, 512, 3883, 25, 320, 32, 8, 18165, 689, 8171, 20000, 320, 33, 8, 12065, 93003, 320, 34, 8, 423, 877, 320, 35, 8, 95554, 81060, 64150, 1955, 198, 16533, 25, 320], "attention_mask": [1, 1, 1, 1, 1, 1, 1, 1, 1, 1, 1, 1, 1, 1, 1, 1, 1, 1, 1, 1, 1, 1, 1, 1, 1, 1, 1, 1, 1, 1, 1, 1, 1, 1, 1, 1, 1, 1, 1, 1, 1, 1], "safe_input_ids": [128000, 14924, 25, 75051, 2416, 278, 95554, 81060, 374, 3970, 304, 512, 3883, 25, 320, 32, 8, 18165, 689, 8171, 20000, 320, 33, 8, 12065, 93003, 320, 34, 8, 423, 877, 320, 35, 8, 95554, 81060, 64150, 1955, 198, 16533, 25, 320], "safe_attention_mask": [1, 1, 1, 1, 1, 1, 1, 1, 1, 1, 1, 1, 1, 1, 1, 1, 1, 1, 1, 1, 1, 1, 1, 1, 1, 1, 1, 1, 1, 1, 1, 1, 1, 1, 1, 1, 1, 1, 1, 1, 1, 1], "pos_id": 356, "neg_id": 362}
{"input_ids": [128000, 14924, 25, 10771, 311, 3165, 43289, 1565, 5364, 467, 13186, 11, 1268, 1790, 5573, 374, 2728, 369, 264, 220, 20, 10166, 72039, 355, 449, 12431, 8811, 1659, 5380, 3883, 25, 320, 32, 8, 220, 18, 320, 33, 8, 220, 19, 320, 34, 8, 220, 17, 320, 35, 8, 220, 20, 198, 16533, 25, 320], "attention_mask": [1, 1, 1, 1, 1, 1, 1, 1, 1, 1, 1, 1, 1, 1, 1, 1, 1, 1, 1, 1, 1, 1, 1, 1, 1, 1, 1, 1, 1, 1, 1, 1, 1, 1, 1, 1, 1, 1, 1, 1, 1, 1, 1, 1, 1, 1, 1, 1, 1, 1, 1, 1, 1, 1, 1], "safe_input_ids": [128000, 14924, 25, 10771, 311, 3165, 43289, 1565, 5364, 467, 13186, 11, 1268, 1790, 5573, 374, 2728, 369, 264, 220, 20, 10166, 72039, 355, 449, 12431, 8811, 1659, 5380, 3883, 25, 320, 32, 8, 220, 18, 320, 33, 8, 220, 19, 320, 34, 8, 220, 17, 320, 35, 8, 220, 20, 198, 16533, 25, 320], "safe_attention_mask": [1, 1, 1, 1, 1, 1, 1, 1, 1, 1, 1, 1, 1, 1, 1, 1, 1, 1, 1, 1, 1, 1, 1, 1, 1, 1, 1, 1, 1, 1, 1, 1, 1, 1, 1, 1, 1, 1, 1, 1, 1, 1, 1, 1, 1, 1, 1, 1, 1, 1, 1, 1, 1, 1, 1], "pos_id": 356, "neg_id": 426}
{"input_ids": [128000, 14924, 25, 16299, 315, 1521, 2768, 12518, 374, 5076, 922, 56609, 1098, 78028, 5380, 3883, 25, 320, 32, 8, 1102, 374, 832, 315, 279, 9155, 1098, 579, 60595, 320, 33, 8, 1102, 649, 387, 21676, 38018, 449, 904, 44964, 299, 998, 14668, 5623, 320, 34, 8, 8444, 94697, 75431, 374, 264, 1664, 3967, 3185, 2515, 320, 35, 8, 1102, 374, 1511, 439, 40334, 4010, 7332, 369, 43929, 38001, 198, 16533, 25, 320], "attention_mask": [1, 1, 1, 1, 1, 1, 1, 1, 1, 1, 1, 1, 1, 1, 1, 1, 1, 1, 1, 1, 1, 1, 1, 1, 1, 1, 1, 1, 1, 1, 1, 1, 1, 1, 1, 1, 1, 1, 1, 1, 1, 1, 1, 1, 1, 1, 1, 1, 1, 1, 1, 1, 1, 1, 1, 1, 1, 1, 1, 1, 1, 1, 1, 1, 1, 1, 1, 1, 1, 1, 1, 1, 1], "safe_input_ids": [128000, 14924, 25, 16299, 315, 1521, 2768, 12518, 374, 5076, 922, 56609, 1098, 78028, 5380, 3883, 25, 320, 32, 8, 1102, 374, 832, 315, 279, 9155, 1098, 579, 60595, 320, 33, 8, 1102, 649, 387, 21676, 38018, 449, 904, 44964, 299, 998, 14668, 5623, 320, 34, 8, 8444, 94697, 75431, 374, 264, 1664, 3967, 3185, 2515, 320, 35, 8, 1102, 374, 1511, 439, 40334, 4010, 7332, 369, 43929, 38001, 198, 16533, 25, 320], "safe_attention_mask": [1, 1, 1, 1, 1, 1, 1, 1, 1, 1, 1, 1, 1, 1, 1, 1, 1, 1, 1, 1, 1, 1, 1, 1, 1, 1, 1, 1, 1, 1, 1, 1, 1, 1, 1, 1, 1, 1, 1, 1, 1, 1, 1, 1, 1, 1, 1, 1, 1, 1, 1, 1, 1, 1, 1, 1, 1, 1, 1, 1, 1, 1, 1, 1, 1, 1, 1, 1, 1, 1, 1, 1, 1], "pos_id": 426, "neg_id": 356}
{"input_ids": [128000, 14924, 25, 99547, 316, 689, 374, 264, 198, 3883, 25, 320, 32, 8, 20902, 1404, 8945, 320, 33, 8, 6295, 11013, 320, 34, 8, 20902, 2010, 320, 35, 8, 20902, 25466, 198, 16533, 25, 320], "attention_mask": [1, 1, 1, 1, 1, 1, 1, 1, 1, 1, 1, 1, 1, 1, 1, 1, 1, 1, 1, 1, 1, 1, 1, 1, 1, 1, 1, 1, 1, 1, 1, 1, 1, 1, 1, 1], "safe_input_ids": [128000, 14924, 25, 99547, 316, 689, 374, 264, 198, 3883, 25, 320, 32, 8, 20902, 1404, 8945, 320, 33, 8, 6295, 11013, 320, 34, 8, 20902, 2010, 320, 35, 8, 20902, 25466, 198, 16533, 25, 320], "safe_attention_mask": [1, 1, 1, 1, 1, 1, 1, 1, 1, 1, 1, 1, 1, 1, 1, 1, 1, 1, 1, 1, 1, 1, 1, 1, 1, 1, 1, 1, 1, 1, 1, 1, 1, 1, 1, 1], "pos_id": 362, "neg_id": 356}
{"input_ids": [128000, 14924, 25, 16299, 832, 315, 279, 2768, 3756, 390, 2396, 59862, 20748, 311, 3177, 369, 18468, 5380, 3883, 25, 320, 32, 8, 4323, 7420, 5663, 320, 33, 8, 18235, 12968, 4632, 320, 34, 8, 2522, 396, 67184, 5663, 320, 35, 8, 35969, 87479, 9779, 198, 16533, 25, 320], "attention_mask": [1, 1, 1, 1, 1, 1, 1, 1, 1, 1, 1, 1, 1, 1, 1, 1, 1, 1, 1, 1, 1, 1, 1, 1, 1, 1, 1, 1, 1, 1, 1, 1, 1, 1, 1, 1, 1, 1, 1, 1, 1, 1, 1, 1, 1, 1, 1, 1, 1], "safe_input_ids": [128000, 14924, 25, 16299, 832, 315, 279, 2768, 3756, 390, 2396, 59862, 20748, 311, 3177, 369, 18468, 5380, 3883, 25, 320, 32, 8, 4323, 7420, 5663, 320, 33, 8, 18235, 12968, 4632, 320, 34, 8, 2522, 396, 67184, 5663, 320, 35, 8, 35969, 87479, 9779, 198, 16533, 25, 320], "safe_attention_mask": [1, 1, 1, 1, 1, 1, 1, 1, 1, 1, 1, 1, 1, 1, 1, 1, 1, 1, 1, 1, 1, 1, 1, 1, 1, 1, 1, 1, 1, 1, 1, 1, 1, 1, 1, 1, 1, 1, 1, 1, 1, 1, 1, 1, 1, 1, 1, 1, 1], "pos_id": 356, "neg_id": 362}
{"input_ids": [128000, 14924, 25, 11502, 677, 9334, 17037, 33427, 279, 25, 6250, 220, 679, 16, 198, 3883, 25, 320, 32, 8, 16062, 347, 9195, 320, 33, 8, 14465, 58781, 372, 320, 34, 8, 358, 273, 372, 320, 35, 8, 14751, 762, 372, 198, 16533, 25, 320], "attention_mask": [1, 1, 1, 1, 1, 1, 1, 1, 1, 1, 1, 1, 1, 1, 1, 1, 1, 1, 1, 1, 1, 1, 1, 1, 1, 1, 1, 1, 1, 1, 1, 1, 1, 1, 1, 1, 1, 1, 1, 1, 1, 1, 1, 1, 1], "safe_input_ids": [128000, 14924, 25, 11502, 677, 9334, 17037, 33427, 279, 25, 6250, 220, 679, 16, 198, 3883, 25, 320, 32, 8, 16062, 347, 9195, 320, 33, 8, 14465, 58781, 372, 320, 34, 8, 358, 273, 372, 320, 35, 8, 14751, 762, 372, 198, 16533, 25, 320], "safe_attention_mask": [1, 1, 1, 1, 1, 1, 1, 1, 1, 1, 1, 1, 1, 1, 1, 1, 1, 1, 1, 1, 1, 1, 1, 1, 1, 1, 1, 1, 1, 1, 1, 1, 1, 1, 1, 1, 1, 1, 1, 1, 1, 1, 1, 1, 1], "pos_id": 423, "neg_id": 356}
{"input_ids": [128000, 14924, 25, 16299, 315, 279, 2768, 3135, 304, 5376, 304, 87067, 315, 9827, 39, 5380, 3883, 25, 320, 32, 8, 39515, 651, 71958, 689, 320, 33, 8, 473, 500, 2711, 320, 34, 8, 39515, 869, 71958, 689, 320, 35, 8, 65201, 521, 125452, 73627, 198, 16533, 25, 320], "attention_mask": [1, 1, 1, 1, 1, 1, 1, 1, 1, 1, 1, 1, 1, 1, 1, 1, 1, 1, 1, 1, 1, 1, 1, 1, 1, 1, 1, 1, 1, 1, 1, 1, 1, 1, 1, 1, 1, 1, 1, 1, 1, 1, 1, 1, 1, 1, 1, 1, 1], "safe_input_ids": [128000, 14924, 25, 16299, 315, 279, 2768, 3135, 304, 5376, 304, 87067, 315, 9827, 39, 5380, 3883, 25, 320, 32, 8, 39515, 651, 71958, 689, 320, 33, 8, 473, 500, 2711, 320, 34, 8, 39515, 869, 71958, 689, 320, 35, 8, 65201, 521, 125452, 73627, 198, 16533, 25, 320], "safe_attention_mask": [1, 1, 1, 1, 1, 1, 1, 1, 1, 1, 1, 1, 1, 1, 1, 1, 1, 1, 1, 1, 1, 1, 1, 1, 1, 1, 1, 1, 1, 1, 1, 1, 1, 1, 1, 1, 1, 1, 1, 1, 1, 1, 1, 1, 1, 1, 1, 1, 1], "pos_id": 356, "neg_id": 362}
{"input_ids": [128000, 14924, 25, 17229, 483, 2709, 45444, 2786, 304, 53689, 1672, 575, 307, 355, 374, 198, 3883, 25, 320, 32, 8, 366, 3965, 9653, 337, 7586, 320, 33, 8, 366, 3101, 9653, 337, 7586, 320, 34, 8, 366, 5067, 9653, 337, 7586, 320, 35, 8, 366, 7467, 9653, 337, 7586, 198, 16533, 25, 320], "attention_mask": [1, 1, 1, 1, 1, 1, 1, 1, 1, 1, 1, 1, 1, 1, 1, 1, 1, 1, 1, 1, 1, 1, 1, 1, 1, 1, 1, 1, 1, 1, 1, 1, 1, 1, 1, 1, 1, 1, 1, 1, 1, 1, 1, 1, 1, 1, 1, 1, 1, 1, 1, 1, 1, 1], "safe_input_ids": [128000, 14924, 25, 17229, 483, 2709, 45444, 2786, 304, 53689, 1672, 575, 307, 355, 374, 198, 3883, 25, 320, 32, 8, 366, 3965, 9653, 337, 7586, 320, 33, 8, 366, 3101, 9653, 337, 7586, 320, 34, 8, 366, 5067, 9653, 337, 7586, 320, 35, 8, 366, 7467, 9653, 337, 7586, 198, 16533, 25, 320], "safe_attention_mask": [1, 1, 1, 1, 1, 1, 1, 1, 1, 1, 1, 1, 1, 1, 1, 1, 1, 1, 1, 1, 1, 1, 1, 1, 1, 1, 1, 1, 1, 1, 1, 1, 1, 1, 1, 1, 1, 1, 1, 1, 1, 1, 1, 1, 1, 1, 1, 1, 1, 1, 1, 1, 1, 1], "pos_id": 362, "neg_id": 426}
{"input_ids": [128000, 14924, 25, 220, 16, 7561, 17055, 4223, 2354, 304, 45774, 9607, 39097, 5097, 2035, 304, 198, 3883, 25, 320, 32, 8, 28049, 320, 33, 8, 22617, 320, 34, 8, 32666, 3520, 320, 35, 8, 20671, 198, 16533, 25, 320], "attention_mask": [1, 1, 1, 1, 1, 1, 1, 1, 1, 1, 1, 1, 1, 1, 1, 1, 1, 1, 1, 1, 1, 1, 1, 1, 1, 1, 1, 1, 1, 1, 1, 1, 1, 1, 1, 1, 1, 1, 1, 1], "safe_input_ids": [128000, 14924, 25, 220, 16, 7561, 17055, 4223, 2354, 304, 45774, 9607, 39097, 5097, 2035, 304, 198, 3883, 25, 320, 32, 8, 28049, 320, 33, 8, 22617, 320, 34, 8, 32666, 3520, 320, 35, 8, 20671, 198, 16533, 25, 320], "safe_attention_mask": [1, 1, 1, 1, 1, 1, 1, 1, 1, 1, 1, 1, 1, 1, 1, 1, 1, 1, 1, 1, 1, 1, 1, 1, 1, 1, 1, 1, 1, 1, 1, 1, 1, 1, 1, 1, 1, 1, 1, 1], "pos_id": 356, "neg_id": 426}
{"input_ids": [128000, 14924, 25, 7023, 278, 3696, 349, 374, 390, 588, 291, 555, 89385, 13935, 311, 18072, 3883, 25, 320, 32, 8, 20918, 41930, 17055, 87, 579, 320, 33, 8, 20918, 41930, 17055, 87, 579, 323, 35719, 84443, 320, 34, 8, 20918, 41930, 17055, 87, 579, 323, 89582, 17055, 87, 579, 320, 35, 8, 96104, 84443, 323, 55993, 17055, 87, 579, 198, 16533, 25, 320], "attention_mask": [1, 1, 1, 1, 1, 1, 1, 1, 1, 1, 1, 1, 1, 1, 1, 1, 1, 1, 1, 1, 1, 1, 1, 1, 1, 1, 1, 1, 1, 1, 1, 1, 1, 1, 1, 1, 1, 1, 1, 1, 1, 1, 1, 1, 1, 1, 1, 1, 1, 1, 1, 1, 1, 1, 1, 1, 1, 1, 1, 1, 1, 1, 1, 1], "safe_input_ids": [128000, 14924, 25, 7023, 278, 3696, 349, 374, 390, 588, 291, 555, 89385, 13935, 311, 18072, 3883, 25, 320, 32, 8, 20918, 41930, 17055, 87, 579, 320, 33, 8, 20918, 41930, 17055, 87, 579, 323, 35719, 84443, 320, 34, 8, 20918, 41930, 17055, 87, 579, 323, 89582, 17055, 87, 579, 320, 35, 8, 96104, 84443, 323, 55993, 17055, 87, 579, 198, 16533, 25, 320], "safe_attention_mask": [1, 1, 1, 1, 1, 1, 1, 1, 1, 1, 1, 1, 1, 1, 1, 1, 1, 1, 1, 1, 1, 1, 1, 1, 1, 1, 1, 1, 1, 1, 1, 1, 1, 1, 1, 1, 1, 1, 1, 1, 1, 1, 1, 1, 1, 1, 1, 1, 1, 1, 1, 1, 1, 1, 1, 1, 1, 1, 1, 1, 1, 1, 1, 1], "pos_id": 356, "neg_id": 362}
{"input_ids": [128000, 14924, 25, 16299, 315, 279, 2768, 50581, 527, 11754, 1306, 50112, 41390, 71109, 2565, 115972, 3883, 25, 320, 32, 8, 18079, 323, 49069, 1193, 320, 33, 8, 32252, 683, 323, 3154, 48228, 32015, 1193, 320, 34, 8, 32252, 683, 50581, 1193, 320, 35, 8, 32252, 683, 11, 3154, 48228, 323, 9048, 50581, 198, 16533, 25, 320], "attention_mask": [1, 1, 1, 1, 1, 1, 1, 1, 1, 1, 1, 1, 1, 1, 1, 1, 1, 1, 1, 1, 1, 1, 1, 1, 1, 1, 1, 1, 1, 1, 1, 1, 1, 1, 1, 1, 1, 1, 1, 1, 1, 1, 1, 1, 1, 1, 1, 1, 1, 1, 1, 1, 1, 1, 1, 1, 1], "safe_input_ids": [128000, 14924, 25, 16299, 315, 279, 2768, 50581, 527, 11754, 1306, 50112, 41390, 71109, 2565, 115972, 3883, 25, 320, 32, 8, 18079, 323, 49069, 1193, 320, 33, 8, 32252, 683, 323, 3154, 48228, 32015, 1193, 320, 34, 8, 32252, 683, 50581, 1193, 320, 35, 8, 32252, 683, 11, 3154, 48228, 323, 9048, 50581, 198, 16533, 25, 320], "safe_attention_mask": [1, 1, 1, 1, 1, 1, 1, 1, 1, 1, 1, 1, 1, 1, 1, 1, 1, 1, 1, 1, 1, 1, 1, 1, 1, 1, 1, 1, 1, 1, 1, 1, 1, 1, 1, 1, 1, 1, 1, 1, 1, 1, 1, 1, 1, 1, 1, 1, 1, 1, 1, 1, 1, 1, 1, 1, 1], "pos_id": 423, "neg_id": 356}
{"input_ids": [128000, 14924, 25, 26166, 315, 5873, 369, 12758, 621, 9355, 72460, 307, 372, 374, 5380, 3883, 25, 320, 32, 8, 13597, 292, 61597, 480, 320, 33, 8, 350, 17820, 2826, 89034, 320, 34, 8, 15757, 411, 442, 65156, 320, 35, 8, 3234, 87, 3418, 6310, 483, 198, 16533, 25, 320], "attention_mask": [1, 1, 1, 1, 1, 1, 1, 1, 1, 1, 1, 1, 1, 1, 1, 1, 1, 1, 1, 1, 1, 1, 1, 1, 1, 1, 1, 1, 1, 1, 1, 1, 1, 1, 1, 1, 1, 1, 1, 1, 1, 1, 1, 1, 1, 1, 1, 1, 1, 1], "safe_input_ids": [128000, 14924, 25, 26166, 315, 5873, 369, 12758, 621, 9355, 72460, 307, 372, 374, 5380, 3883, 25, 320, 32, 8, 13597, 292, 61597, 480, 320, 33, 8, 350, 17820, 2826, 89034, 320, 34, 8, 15757, 411, 442, 65156, 320, 35, 8, 3234, 87, 3418, 6310, 483, 198, 16533, 25, 320], "safe_attention_mask": [1, 1, 1, 1, 1, 1, 1, 1, 1, 1, 1, 1, 1, 1, 1, 1, 1, 1, 1, 1, 1, 1, 1, 1, 1, 1, 1, 1, 1, 1, 1, 1, 1, 1, 1, 1, 1, 1, 1, 1, 1, 1, 1, 1, 1, 1, 1, 1, 1, 1], "pos_id": 362, "neg_id": 356}
{"input_ids": [128000, 14924, 25, 1442, 17728, 94855, 2704, 315, 264, 7187, 449, 3152, 907, 374, 220, 605, 13, 18, 38979, 1034, 449, 8189, 220, 17, 38979, 13689, 1243, 220, 20, 4, 7187, 690, 387, 3770, 1148, 907, 315, 473, 65, 5380, 3883, 25, 320, 32, 8, 220, 21, 13, 3080, 320, 33, 8, 220, 22, 13, 1758, 320, 34, 8, 220, 24, 320, 35, 8, 220, 23, 13, 21, 198, 16533, 25, 320], "attention_mask": [1, 1, 1, 1, 1, 1, 1, 1, 1, 1, 1, 1, 1, 1, 1, 1, 1, 1, 1, 1, 1, 1, 1, 1, 1, 1, 1, 1, 1, 1, 1, 1, 1, 1, 1, 1, 1, 1, 1, 1, 1, 1, 1, 1, 1, 1, 1, 1, 1, 1, 1, 1, 1, 1, 1, 1, 1, 1, 1, 1, 1, 1, 1, 1, 1, 1, 1, 1, 1, 1, 1, 1], "safe_input_ids": [128000, 14924, 25, 1442, 17728, 94855, 2704, 315, 264, 7187, 449, 3152, 907, 374, 220, 605, 13, 18, 38979, 1034, 449, 8189, 220, 17, 38979, 13689, 1243, 220, 20, 4, 7187, 690, 387, 3770, 1148, 907, 315, 473, 65, 5380, 3883, 25, 320, 32, 8, 220, 21, 13, 3080, 320, 33, 8, 220, 22, 13, 1758, 320, 34, 8, 220, 24, 320, 35, 8, 220, 23, 13, 21, 198, 16533, 25, 320], "safe_attention_mask": [1, 1, 1, 1, 1, 1, 1, 1, 1, 1, 1, 1, 1, 1, 1, 1, 1, 1, 1, 1, 1, 1, 1, 1, 1, 1, 1, 1, 1, 1, 1, 1, 1, 1, 1, 1, 1, 1, 1, 1, 1, 1, 1, 1, 1, 1, 1, 1, 1, 1, 1, 1, 1, 1, 1, 1, 1, 1, 1, 1, 1, 1, 1, 1, 1, 1, 1, 1, 1, 1, 1, 1], "pos_id": 426, "neg_id": 362}
{"input_ids": [128000, 14924, 25, 763, 9134, 2547, 16898, 20526, 344, 20000, 837, 374, 682, 3734, 512, 3883, 25, 320, 32, 8, 10323, 33994, 320, 33, 8, 27740, 1193, 304, 42534, 320, 34, 8, 20522, 1759, 1418, 21765, 505, 6160, 71, 40021, 320, 35, 8, 14751, 2656, 555, 523, 24705, 88, 32106, 198, 16533, 25, 320], "attention_mask": [1, 1, 1, 1, 1, 1, 1, 1, 1, 1, 1, 1, 1, 1, 1, 1, 1, 1, 1, 1, 1, 1, 1, 1, 1, 1, 1, 1, 1, 1, 1, 1, 1, 1, 1, 1, 1, 1, 1, 1, 1, 1, 1, 1, 1, 1, 1, 1, 1, 1, 1, 1, 1, 1], "safe_input_ids": [128000, 14924, 25, 763, 9134, 2547, 16898, 20526, 344, 20000, 837, 374, 682, 3734, 512, 3883, 25, 320, 32, 8, 10323, 33994, 320, 33, 8, 27740, 1193, 304, 42534, 320, 34, 8, 20522, 1759, 1418, 21765, 505, 6160, 71, 40021, 320, 35, 8, 14751, 2656, 555, 523, 24705, 88, 32106, 198, 16533, 25, 320], "safe_attention_mask": [1, 1, 1, 1, 1, 1, 1, 1, 1, 1, 1, 1, 1, 1, 1, 1, 1, 1, 1, 1, 1, 1, 1, 1, 1, 1, 1, 1, 1, 1, 1, 1, 1, 1, 1, 1, 1, 1, 1, 1, 1, 1, 1, 1, 1, 1, 1, 1, 1, 1, 1, 1, 1, 1], "pos_id": 426, "neg_id": 356}
{"input_ids": [128000, 14924, 25, 362, 220, 2131, 1060, 2362, 893, 11, 264, 21249, 78320, 374, 7263, 311, 13147, 449, 3925, 315, 10062, 75884, 11, 10062, 67, 3153, 689, 11, 61880, 323, 29852, 12271, 2411, 369, 1566, 1403, 2919, 13, 1283, 1047, 1027, 29704, 439, 3515, 8330, 23333, 2849, 89468, 315, 21271, 1403, 4038, 4972, 311, 420, 13, 1952, 24481, 11, 568, 574, 98522, 867, 292, 323, 22568, 13, 1556, 469, 8974, 574, 4725, 3734, 369, 264, 74035, 48405, 10074, 13, 16299, 832, 315, 279, 2768, 374, 279, 1455, 4461, 41861, 35663, 488, 18072, 3883, 25, 320, 32, 8, 39515, 43698, 1864, 689, 320, 33, 8, 33832, 27684, 22689, 320, 34, 8, 39515, 564, 22317, 689, 320, 35, 8, 10320, 621, 266, 1864, 689, 198, 16533, 25, 320], "attention_mask": [1, 1, 1, 1, 1, 1, 1, 1, 1, 1, 1, 1, 1, 1, 1, 1, 1, 1, 1, 1, 1, 1, 1, 1, 1, 1, 1, 1, 1, 1, 1, 1, 1, 1, 1, 1, 1, 1, 1, 1, 1, 1, 1, 1, 1, 1, 1, 1, 1, 1, 1, 1, 1, 1, 1, 1, 1, 1, 1, 1, 1, 1, 1, 1, 1, 1, 1, 1, 1, 1, 1, 1, 1, 1, 1, 1, 1, 1, 1, 1, 1, 1, 1, 1, 1, 1, 1, 1, 1, 1, 1, 1, 1, 1, 1, 1, 1, 1, 1, 1, 1, 1, 1, 1, 1, 1, 1, 1, 1, 1, 1, 1, 1, 1, 1, 1, 1, 1, 1, 1, 1, 1, 1, 1, 1, 1], "safe_input_ids": [128000, 14924, 25, 362, 220, 2131, 1060, 2362, 893, 11, 264, 21249, 78320, 374, 7263, 311, 13147, 449, 3925, 315, 10062, 75884, 11, 10062, 67, 3153, 689, 11, 61880, 323, 29852, 12271, 2411, 369, 1566, 1403, 2919, 13, 1283, 1047, 1027, 29704, 439, 3515, 8330, 23333, 2849, 89468, 315, 21271, 1403, 4038, 4972, 311, 420, 13, 1952, 24481, 11, 568, 574, 98522, 867, 292, 323, 22568, 13, 1556, 469, 8974, 574, 4725, 3734, 369, 264, 74035, 48405, 10074, 13, 16299, 832, 315, 279, 2768, 374, 279, 1455, 4461, 41861, 35663, 488, 18072, 3883, 25, 320, 32, 8, 39515, 43698, 1864, 689, 320, 33, 8, 33832, 27684, 22689, 320, 34, 8, 39515, 564, 22317, 689, 320, 35, 8, 10320, 621, 266, 1864, 689, 198, 16533, 25, 320], "safe_attention_mask": [1, 1, 1, 1, 1, 1, 1, 1, 1, 1, 1, 1, 1, 1, 1, 1, 1, 1, 1, 1, 1, 1, 1, 1, 1, 1, 1, 1, 1, 1, 1, 1, 1, 1, 1, 1, 1, 1, 1, 1, 1, 1, 1, 1, 1, 1, 1, 1, 1, 1, 1, 1, 1, 1, 1, 1, 1, 1, 1, 1, 1, 1, 1, 1, 1, 1, 1, 1, 1, 1, 1, 1, 1, 1, 1, 1, 1, 1, 1, 1, 1, 1, 1, 1, 1, 1, 1, 1, 1, 1, 1, 1, 1, 1, 1, 1, 1, 1, 1, 1, 1, 1, 1, 1, 1, 1, 1, 1, 1, 1, 1, 1, 1, 1, 1, 1, 1, 1, 1, 1, 1, 1, 1, 1, 1, 1], "pos_id": 426, "neg_id": 362}
{"input_ids": [128000, 14924, 25, 50242, 53, 11384, 682, 4154, 21752, 512, 3883, 25, 320, 32, 8, 39322, 5237, 661, 85590, 278, 89468, 320, 33, 8, 71740, 1468, 274, 43745, 7942, 320, 34, 8, 650, 618, 1791, 788, 43745, 7942, 320, 35, 8, 83984, 8148, 596, 43745, 7942, 198, 16533, 25, 320], "attention_mask": [1, 1, 1, 1, 1, 1, 1, 1, 1, 1, 1, 1, 1, 1, 1, 1, 1, 1, 1, 1, 1, 1, 1, 1, 1, 1, 1, 1, 1, 1, 1, 1, 1, 1, 1, 1, 1, 1, 1, 1, 1, 1, 1, 1, 1, 1, 1, 1, 1, 1], "safe_input_ids": [128000, 14924, 25, 50242, 53, 11384, 682, 4154, 21752, 512, 3883, 25, 320, 32, 8, 39322, 5237, 661, 85590, 278, 89468, 320, 33, 8, 71740, 1468, 274, 43745, 7942, 320, 34, 8, 650, 618, 1791, 788, 43745, 7942, 320, 35, 8, 83984, 8148, 596, 43745, 7942, 198, 16533, 25, 320], "safe_attention_mask": [1, 1, 1, 1, 1, 1, 1, 1, 1, 1, 1, 1, 1, 1, 1, 1, 1, 1, 1, 1, 1, 1, 1, 1, 1, 1, 1, 1, 1, 1, 1, 1, 1, 1, 1, 1, 1, 1, 1, 1, 1, 1, 1, 1, 1, 1, 1, 1, 1, 1], "pos_id": 356, "neg_id": 362}
{"input_ids": [128000, 14924, 25, 2052, 315, 279, 2768, 527, 2631, 810, 2391, 51644, 367, 439, 7863, 311, 20209, 11, 3734, 18072, 3883, 25, 320, 32, 8, 16979, 320, 33, 8, 45774, 362, 320, 34, 8, 452, 18029, 258, 320, 35, 8, 12634, 198, 16533, 25, 320], "attention_mask": [1, 1, 1, 1, 1, 1, 1, 1, 1, 1, 1, 1, 1, 1, 1, 1, 1, 1, 1, 1, 1, 1, 1, 1, 1, 1, 1, 1, 1, 1, 1, 1, 1, 1, 1, 1, 1, 1, 1, 1, 1, 1, 1, 1, 1], "safe_input_ids": [128000, 14924, 25, 2052, 315, 279, 2768, 527, 2631, 810, 2391, 51644, 367, 439, 7863, 311, 20209, 11, 3734, 18072, 3883, 25, 320, 32, 8, 16979, 320, 33, 8, 45774, 362, 320, 34, 8, 452, 18029, 258, 320, 35, 8, 12634, 198, 16533, 25, 320], "safe_attention_mask": [1, 1, 1, 1, 1, 1, 1, 1, 1, 1, 1, 1, 1, 1, 1, 1, 1, 1, 1, 1, 1, 1, 1, 1, 1, 1, 1, 1, 1, 1, 1, 1, 1, 1, 1, 1, 1, 1, 1, 1, 1, 1, 1, 1, 1], "pos_id": 362, "neg_id": 356}
{"input_ids": [128000, 14924, 25, 2876, 264, 426, 2849, 11381, 18722, 3883, 25, 320, 32, 8, 11325, 220, 777, 320, 33, 8, 11325, 220, 508, 320, 34, 8, 11325, 220, 9565, 320, 35, 8, 11325, 220, 605, 198, 16533, 25, 320], "attention_mask": [1, 1, 1, 1, 1, 1, 1, 1, 1, 1, 1, 1, 1, 1, 1, 1, 1, 1, 1, 1, 1, 1, 1, 1, 1, 1, 1, 1, 1, 1, 1, 1, 1, 1, 1, 1, 1, 1, 1], "safe_input_ids": [128000, 14924, 25, 2876, 264, 426, 2849, 11381, 18722, 3883, 25, 320, 32, 8, 11325, 220, 777, 320, 33, 8, 11325, 220, 508, 320, 34, 8, 11325, 220, 9565, 320, 35, 8, 11325, 220, 605, 198, 16533, 25, 320], "safe_attention_mask": [1, 1, 1, 1, 1, 1, 1, 1, 1, 1, 1, 1, 1, 1, 1, 1, 1, 1, 1, 1, 1, 1, 1, 1, 1, 1, 1, 1, 1, 1, 1, 1, 1, 1, 1, 1, 1, 1, 1], "pos_id": 356, "neg_id": 362}
{"input_ids": [128000, 14924, 25, 3298, 258, 316, 3418, 10934, 374, 17037, 3970, 304, 18722, 3883, 25, 320, 32, 8, 37916, 689, 320, 33, 8, 24789, 1260, 320, 34, 8, 2522, 391, 5724, 320, 35, 8, 35295, 324, 198, 16533, 25, 320], "attention_mask": [1, 1, 1, 1, 1, 1, 1, 1, 1, 1, 1, 1, 1, 1, 1, 1, 1, 1, 1, 1, 1, 1, 1, 1, 1, 1, 1, 1, 1, 1, 1, 1, 1, 1, 1, 1, 1, 1, 1, 1], "safe_input_ids": [128000, 14924, 25, 3298, 258, 316, 3418, 10934, 374, 17037, 3970, 304, 18722, 3883, 25, 320, 32, 8, 37916, 689, 320, 33, 8, 24789, 1260, 320, 34, 8, 2522, 391, 5724, 320, 35, 8, 35295, 324, 198, 16533, 25, 320], "safe_attention_mask": [1, 1, 1, 1, 1, 1, 1, 1, 1, 1, 1, 1, 1, 1, 1, 1, 1, 1, 1, 1, 1, 1, 1, 1, 1, 1, 1, 1, 1, 1, 1, 1, 1, 1, 1, 1, 1, 1, 1, 1], "pos_id": 426, "neg_id": 362}
{"input_ids": [128000, 14924, 25, 763, 103382, 77140, 82375, 11, 46835, 315, 513, 5490, 11767, 311, 512, 3883, 25, 320, 32, 8, 10357, 689, 320, 33, 8, 6515, 818, 320, 34, 8, 11266, 1814, 46159, 63581, 320, 35, 8, 386, 9730, 689, 198, 16533, 25, 320], "attention_mask": [1, 1, 1, 1, 1, 1, 1, 1, 1, 1, 1, 1, 1, 1, 1, 1, 1, 1, 1, 1, 1, 1, 1, 1, 1, 1, 1, 1, 1, 1, 1, 1, 1, 1, 1, 1, 1, 1, 1, 1, 1, 1, 1, 1], "safe_input_ids": [128000, 14924, 25, 763, 103382, 77140, 82375, 11, 46835, 315, 513, 5490, 11767, 311, 512, 3883, 25, 320, 32, 8, 10357, 689, 320, 33, 8, 6515, 818, 320, 34, 8, 11266, 1814, 46159, 63581, 320, 35, 8, 386, 9730, 689, 198, 16533, 25, 320], "safe_attention_mask": [1, 1, 1, 1, 1, 1, 1, 1, 1, 1, 1, 1, 1, 1, 1, 1, 1, 1, 1, 1, 1, 1, 1, 1, 1, 1, 1, 1, 1, 1, 1, 1, 1, 1, 1, 1, 1, 1, 1, 1, 1, 1, 1, 1], "pos_id": 426, "neg_id": 362}
{"input_ids": [128000, 14924, 25, 362, 3995, 3828, 18911, 449, 57056, 6784, 323, 264, 3293, 2349, 304, 66358, 14464, 11, 449, 21765, 315, 296, 38601, 304, 64172, 13, 2684, 374, 912, 5938, 6680, 304, 64172, 323, 13803, 527, 7319, 449, 8631, 13, 578, 1455, 4461, 23842, 374, 7058, 3883, 25, 320, 32, 8, 79141, 15729, 66358, 28439, 320, 33, 8, 16991, 3913, 1413, 1400, 20000, 320, 34, 8, 25611, 25105, 596, 8624, 320, 35, 8, 362, 2727, 61542, 285, 198, 16533, 25, 320], "attention_mask": [1, 1, 1, 1, 1, 1, 1, 1, 1, 1, 1, 1, 1, 1, 1, 1, 1, 1, 1, 1, 1, 1, 1, 1, 1, 1, 1, 1, 1, 1, 1, 1, 1, 1, 1, 1, 1, 1, 1, 1, 1, 1, 1, 1, 1, 1, 1, 1, 1, 1, 1, 1, 1, 1, 1, 1, 1, 1, 1, 1, 1, 1, 1, 1, 1, 1, 1, 1, 1, 1, 1, 1, 1, 1, 1, 1, 1, 1, 1, 1, 1], "safe_input_ids": [128000, 14924, 25, 362, 3995, 3828, 18911, 449, 57056, 6784, 323, 264, 3293, 2349, 304, 66358, 14464, 11, 449, 21765, 315, 296, 38601, 304, 64172, 13, 2684, 374, 912, 5938, 6680, 304, 64172, 323, 13803, 527, 7319, 449, 8631, 13, 578, 1455, 4461, 23842, 374, 7058, 3883, 25, 320, 32, 8, 79141, 15729, 66358, 28439, 320, 33, 8, 16991, 3913, 1413, 1400, 20000, 320, 34, 8, 25611, 25105, 596, 8624, 320, 35, 8, 362, 2727, 61542, 285, 198, 16533, 25, 320], "safe_attention_mask": [1, 1, 1, 1, 1, 1, 1, 1, 1, 1, 1, 1, 1, 1, 1, 1, 1, 1, 1, 1, 1, 1, 1, 1, 1, 1, 1, 1, 1, 1, 1, 1, 1, 1, 1, 1, 1, 1, 1, 1, 1, 1, 1, 1, 1, 1, 1, 1, 1, 1, 1, 1, 1, 1, 1, 1, 1, 1, 1, 1, 1, 1, 1, 1, 1, 1, 1, 1, 1, 1, 1, 1, 1, 1, 1, 1, 1, 1, 1, 1, 1], "pos_id": 362, "neg_id": 356}
{"input_ids": [128000, 14924, 25, 17736, 315, 37781, 321, 950, 23125, 374, 5380, 3883, 25, 320, 32, 8, 220, 1272, 12, 1135, 27366, 320, 33, 8, 220, 1399, 12, 220, 4364, 27366, 320, 34, 8, 220, 966, 12, 1041, 27366, 320, 35, 8, 220, 914, 12, 1272, 27366, 198, 16533, 25, 320], "attention_mask": [1, 1, 1, 1, 1, 1, 1, 1, 1, 1, 1, 1, 1, 1, 1, 1, 1, 1, 1, 1, 1, 1, 1, 1, 1, 1, 1, 1, 1, 1, 1, 1, 1, 1, 1, 1, 1, 1, 1, 1, 1, 1, 1, 1, 1, 1, 1, 1, 1, 1], "safe_input_ids": [128000, 14924, 25, 17736, 315, 37781, 321, 950, 23125, 374, 5380, 3883, 25, 320, 32, 8, 220, 1272, 12, 1135, 27366, 320, 33, 8, 220, 1399, 12, 220, 4364, 27366, 320, 34, 8, 220, 966, 12, 1041, 27366, 320, 35, 8, 220, 914, 12, 1272, 27366, 198, 16533, 25, 320], "safe_attention_mask": [1, 1, 1, 1, 1, 1, 1, 1, 1, 1, 1, 1, 1, 1, 1, 1, 1, 1, 1, 1, 1, 1, 1, 1, 1, 1, 1, 1, 1, 1, 1, 1, 1, 1, 1, 1, 1, 1, 1, 1, 1, 1, 1, 1, 1, 1, 1, 1, 1, 1], "pos_id": 356, "neg_id": 426}
{"input_ids": [128000, 14924, 25, 54634, 82882, 706, 1027, 69702, 304, 18722, 3883, 25, 320, 32, 8, 7568, 3614, 277, 82945, 315, 26587, 320, 33, 8, 7568, 822, 76426, 58084, 315, 19689, 320, 34, 8, 61245, 22612, 300, 320, 35, 8, 2563, 21473, 9572, 198, 16533, 25, 320], "attention_mask": [1, 1, 1, 1, 1, 1, 1, 1, 1, 1, 1, 1, 1, 1, 1, 1, 1, 1, 1, 1, 1, 1, 1, 1, 1, 1, 1, 1, 1, 1, 1, 1, 1, 1, 1, 1, 1, 1, 1, 1, 1, 1, 1, 1, 1, 1], "safe_input_ids": [128000, 14924, 25, 54634, 82882, 706, 1027, 69702, 304, 18722, 3883, 25, 320, 32, 8, 7568, 3614, 277, 82945, 315, 26587, 320, 33, 8, 7568, 822, 76426, 58084, 315, 19689, 320, 34, 8, 61245, 22612, 300, 320, 35, 8, 2563, 21473, 9572, 198, 16533, 25, 320], "safe_attention_mask": [1, 1, 1, 1, 1, 1, 1, 1, 1, 1, 1, 1, 1, 1, 1, 1, 1, 1, 1, 1, 1, 1, 1, 1, 1, 1, 1, 1, 1, 1, 1, 1, 1, 1, 1, 1, 1, 1, 1, 1, 1, 1, 1, 1, 1, 1], "pos_id": 362, "neg_id": 356}
{"input_ids": [128000, 14924, 25, 45774, 426, 717, 47701, 8331, 44225, 13980, 304, 198, 3883, 25, 320, 32, 8, 16062, 347, 9195, 320, 33, 8, 358, 273, 372, 320, 34, 8, 14465, 58781, 372, 320, 35, 8, 32042, 198, 16533, 25, 320], "attention_mask": [1, 1, 1, 1, 1, 1, 1, 1, 1, 1, 1, 1, 1, 1, 1, 1, 1, 1, 1, 1, 1, 1, 1, 1, 1, 1, 1, 1, 1, 1, 1, 1, 1, 1, 1, 1, 1, 1, 1, 1], "safe_input_ids": [128000, 14924, 25, 45774, 426, 717, 47701, 8331, 44225, 13980, 304, 198, 3883, 25, 320, 32, 8, 16062, 347, 9195, 320, 33, 8, 358, 273, 372, 320, 34, 8, 14465, 58781, 372, 320, 35, 8, 32042, 198, 16533, 25, 320], "safe_attention_mask": [1, 1, 1, 1, 1, 1, 1, 1, 1, 1, 1, 1, 1, 1, 1, 1, 1, 1, 1, 1, 1, 1, 1, 1, 1, 1, 1, 1, 1, 1, 1, 1, 1, 1, 1, 1, 1, 1, 1, 1], "pos_id": 426, "neg_id": 362}
{"input_ids": [128000, 14924, 25, 52298, 268, 1371, 24520, 527, 17037, 3970, 304, 198, 3883, 25, 320, 32, 8, 39696, 372, 315, 87450, 268, 320, 33, 8, 37179, 315, 87450, 268, 320, 34, 8, 36684, 4650, 263, 320, 35, 8, 52298, 56989, 29413, 24469, 198, 16533, 25, 320], "attention_mask": [1, 1, 1, 1, 1, 1, 1, 1, 1, 1, 1, 1, 1, 1, 1, 1, 1, 1, 1, 1, 1, 1, 1, 1, 1, 1, 1, 1, 1, 1, 1, 1, 1, 1, 1, 1, 1, 1, 1, 1, 1, 1, 1, 1, 1, 1], "safe_input_ids": [128000, 14924, 25, 52298, 268, 1371, 24520, 527, 17037, 3970, 304, 198, 3883, 25, 320, 32, 8, 39696, 372, 315, 87450, 268, 320, 33, 8, 37179, 315, 87450, 268, 320, 34, 8, 36684, 4650, 263, 320, 35, 8, 52298, 56989, 29413, 24469, 198, 16533, 25, 320], "safe_attention_mask": [1, 1, 1, 1, 1, 1, 1, 1, 1, 1, 1, 1, 1, 1, 1, 1, 1, 1, 1, 1, 1, 1, 1, 1, 1, 1, 1, 1, 1, 1, 1, 1, 1, 1, 1, 1, 1, 1, 1, 1, 1, 1, 1, 1, 1, 1], "pos_id": 362, "neg_id": 356}
{"input_ids": [128000, 14924, 25, 356, 12119, 1413, 8479, 315, 82041, 355, 374, 512, 3883, 25, 320, 32, 8, 350, 35518, 78140, 268, 79469, 3893, 320, 33, 8, 350, 35518, 10485, 10952, 320, 34, 8, 8560, 13559, 68151, 18742, 84001, 320, 35, 8, 11266, 1814, 76, 118930, 783, 9943, 641, 437, 372, 198, 16533, 25, 320], "attention_mask": [1, 1, 1, 1, 1, 1, 1, 1, 1, 1, 1, 1, 1, 1, 1, 1, 1, 1, 1, 1, 1, 1, 1, 1, 1, 1, 1, 1, 1, 1, 1, 1, 1, 1, 1, 1, 1, 1, 1, 1, 1, 1, 1, 1, 1, 1, 1, 1, 1, 1, 1, 1, 1, 1], "safe_input_ids": [128000, 14924, 25, 356, 12119, 1413, 8479, 315, 82041, 355, 374, 512, 3883, 25, 320, 32, 8, 350, 35518, 78140, 268, 79469, 3893, 320, 33, 8, 350, 35518, 10485, 10952, 320, 34, 8, 8560, 13559, 68151, 18742, 84001, 320, 35, 8, 11266, 1814, 76, 118930, 783, 9943, 641, 437, 372, 198, 16533, 25, 320], "safe_attention_mask": [1, 1, 1, 1, 1, 1, 1, 1, 1, 1, 1, 1, 1, 1, 1, 1, 1, 1, 1, 1, 1, 1, 1, 1, 1, 1, 1, 1, 1, 1, 1, 1, 1, 1, 1, 1, 1, 1, 1, 1, 1, 1, 1, 1, 1, 1, 1, 1, 1, 1, 1, 1, 1, 1], "pos_id": 362, "neg_id": 426}
{"input_ids": [128000, 14924, 25, 1901, 6863, 89008, 1791, 4849, 61370, 555, 25, 7058, 3883, 25, 320, 32, 8, 13538, 18728, 321, 8082, 320, 33, 8, 12220, 1172, 321, 2065, 320, 34, 8, 220, 20, 339, 1938, 1306, 1172, 321, 2065, 320, 35, 8, 220, 22, 339, 1938, 1306, 1172, 321, 2065, 198, 16533, 25, 320], "attention_mask": [1, 1, 1, 1, 1, 1, 1, 1, 1, 1, 1, 1, 1, 1, 1, 1, 1, 1, 1, 1, 1, 1, 1, 1, 1, 1, 1, 1, 1, 1, 1, 1, 1, 1, 1, 1, 1, 1, 1, 1, 1, 1, 1, 1, 1, 1, 1, 1, 1, 1, 1, 1, 1, 1], "safe_input_ids": [128000, 14924, 25, 1901, 6863, 89008, 1791, 4849, 61370, 555, 25, 7058, 3883, 25, 320, 32, 8, 13538, 18728, 321, 8082, 320, 33, 8, 12220, 1172, 321, 2065, 320, 34, 8, 220, 20, 339, 1938, 1306, 1172, 321, 2065, 320, 35, 8, 220, 22, 339, 1938, 1306, 1172, 321, 2065, 198, 16533, 25, 320], "safe_attention_mask": [1, 1, 1, 1, 1, 1, 1, 1, 1, 1, 1, 1, 1, 1, 1, 1, 1, 1, 1, 1, 1, 1, 1, 1, 1, 1, 1, 1, 1, 1, 1, 1, 1, 1, 1, 1, 1, 1, 1, 1, 1, 1, 1, 1, 1, 1, 1, 1, 1, 1, 1, 1, 1, 1], "pos_id": 356, "neg_id": 426}
{"input_ids": [128000, 14924, 25, 15035, 1376, 315, 54060, 36908, 7058, 3883, 25, 320, 32, 8, 12639, 12, 3205, 78, 13892, 3714, 483, 320, 33, 8, 12639, 482, 602, 6132, 26236, 2298, 483, 320, 34, 8, 67675, 12184, 1718, 24292, 320, 35, 8, 7923, 12, 3205, 78, 13892, 3714, 483, 198, 16533, 25, 320], "attention_mask": [1, 1, 1, 1, 1, 1, 1, 1, 1, 1, 1, 1, 1, 1, 1, 1, 1, 1, 1, 1, 1, 1, 1, 1, 1, 1, 1, 1, 1, 1, 1, 1, 1, 1, 1, 1, 1, 1, 1, 1, 1, 1, 1, 1, 1, 1, 1, 1, 1, 1, 1, 1], "safe_input_ids": [128000, 14924, 25, 15035, 1376, 315, 54060, 36908, 7058, 3883, 25, 320, 32, 8, 12639, 12, 3205, 78, 13892, 3714, 483, 320, 33, 8, 12639, 482, 602, 6132, 26236, 2298, 483, 320, 34, 8, 67675, 12184, 1718, 24292, 320, 35, 8, 7923, 12, 3205, 78, 13892, 3714, 483, 198, 16533, 25, 320], "safe_attention_mask": [1, 1, 1, 1, 1, 1, 1, 1, 1, 1, 1, 1, 1, 1, 1, 1, 1, 1, 1, 1, 1, 1, 1, 1, 1, 1, 1, 1, 1, 1, 1, 1, 1, 1, 1, 1, 1, 1, 1, 1, 1, 1, 1, 1, 1, 1, 1, 1, 1, 1, 1, 1], "pos_id": 356, "neg_id": 362}
{"input_ids": [128000, 14924, 25, 7409, 268, 2223, 80445, 780, 16178, 63412, 374, 264, 29683, 4668, 315, 198, 3883, 25, 320, 32, 8, 22950, 292, 599, 292, 63915, 22709, 501, 36259, 320, 33, 8, 6395, 23037, 35, 320, 34, 8, 53259, 532, 48770, 44964, 2298, 5237, 576, 285, 320, 35, 8, 3344, 620, 661, 69448, 39042, 198, 16533, 25, 320], "attention_mask": [1, 1, 1, 1, 1, 1, 1, 1, 1, 1, 1, 1, 1, 1, 1, 1, 1, 1, 1, 1, 1, 1, 1, 1, 1, 1, 1, 1, 1, 1, 1, 1, 1, 1, 1, 1, 1, 1, 1, 1, 1, 1, 1, 1, 1, 1, 1, 1, 1, 1, 1, 1, 1, 1, 1, 1, 1, 1], "safe_input_ids": [128000, 14924, 25, 7409, 268, 2223, 80445, 780, 16178, 63412, 374, 264, 29683, 4668, 315, 198, 3883, 25, 320, 32, 8, 22950, 292, 599, 292, 63915, 22709, 501, 36259, 320, 33, 8, 6395, 23037, 35, 320, 34, 8, 53259, 532, 48770, 44964, 2298, 5237, 576, 285, 320, 35, 8, 3344, 620, 661, 69448, 39042, 198, 16533, 25, 320], "safe_attention_mask": [1, 1, 1, 1, 1, 1, 1, 1, 1, 1, 1, 1, 1, 1, 1, 1, 1, 1, 1, 1, 1, 1, 1, 1, 1, 1, 1, 1, 1, 1, 1, 1, 1, 1, 1, 1, 1, 1, 1, 1, 1, 1, 1, 1, 1, 1, 1, 1, 1, 1, 1, 1, 1, 1, 1, 1, 1, 1], "pos_id": 426, "neg_id": 356}
