{
  "metadata": {
    "timestamp": "2026-04-27T16:41:03.380412",
    "model_name": "OpenMeditron/Meditron3-Qwen2.5-7B",
    "config": {
      "model_name": "OpenMeditron/Meditron3-Qwen2.5-7B",
      "middle_layers": [
        11,
        12,
        13,
        14,
        15,
        16,
        17,
        18,
        19,
        20,
        21,
        22,
        23,
        24
      ],
      "seed": 42,
      "calib_size": 400,
      "val_size": 200,
      "test_size": 300,
      "stage1_topk": 64,
      "stage1_eval_pairs": 80,
      "stage2_eval_pairs": 400,
      "random_baseline_cols": 32,
      "z_threshold": 4.0,
      "max_anchors": 64,
      "k_values": [
        1,
        2,
        4,
        8,
        16,
        32,
        64
      ],
      "n_random_trials": 30,
      "ablation_eval_pairs": 200,
      "ablation_test_size": 300,
      "discovery_file": "anchors_meditron_qwen25_7b.json",
      "ablation_file": "ablation_meditron_qwen25_7b.json",
      "log_file": "experiment_meditron_qwen25_7b.log",
      "intervention_type": "column_crush_1bit"
    },
    "dtype": "torch.bfloat16",
    "prompt_template_hash": "5136cb018ebf2ba2",
    "intervention_type": "column_crush_1bit",
    "selection_rule": "z_score(val) > 4.0"
  },
  "layer_stats": {
    "11": {
      "mu_rand": -0.0017578125034560799,
      "sigma_rand": 0.004001523692286323,
      "n_survivors": 31,
      "n_anchors": 2,
      "elapsed_sec": 741.1429767608643
    },
    "12": {
      "mu_rand": -0.001159668002401304,
      "sigma_rand": 0.003882354143577117,
      "n_survivors": 31,
      "n_anchors": 3,
      "elapsed_sec": 741.6321175098419
    },
    "13": {
      "mu_rand": -0.0024780273461146862,
      "sigma_rand": 0.0032279924373642263,
      "n_survivors": 32,
      "n_anchors": 3,
      "elapsed_sec": 750.707825422287
    },
    "14": {
      "mu_rand": 0.00031738282086735126,
      "sigma_rand": 0.004137949501270875,
      "n_survivors": 29,
      "n_anchors": 3,
      "elapsed_sec": 726.6916708946228
    },
    "15": {
      "mu_rand": -3.6621100662159733e-05,
      "sigma_rand": 0.0027627562117127154,
      "n_survivors": 32,
      "n_anchors": 9,
      "elapsed_sec": 755.4244599342346
    },
    "16": {
      "mu_rand": -4.8828127546585165e-05,
      "sigma_rand": 0.0031519680335031107,
      "n_survivors": 32,
      "n_anchors": 1,
      "elapsed_sec": 753.5176882743835
    },
    "17": {
      "mu_rand": -0.00020751950069097802,
      "sigma_rand": 0.003485636519875602,
      "n_survivors": 32,
      "n_anchors": 5,
      "elapsed_sec": 754.9198596477509
    },
    "18": {
      "mu_rand": 0.000537109356628207,
      "sigma_rand": 0.0036899979909567355,
      "n_survivors": 31,
      "n_anchors": 1,
      "elapsed_sec": 747.5729742050171
    },
    "19": {
      "mu_rand": 0.001342773446594947,
      "sigma_rand": 0.003979941487106452,
      "n_survivors": 29,
      "n_anchors": 5,
      "elapsed_sec": 727.0150001049042
    },
    "20": {
      "mu_rand": 0.0019165038929713774,
      "sigma_rand": 0.0032009200990177704,
      "n_survivors": 32,
      "n_anchors": 3,
      "elapsed_sec": 754.3704519271851
    },
    "21": {
      "mu_rand": 0.0017822265708673513,
      "sigma_rand": 0.003504672521118008,
      "n_survivors": 32,
      "n_anchors": 1,
      "elapsed_sec": 754.929990530014
    },
    "22": {
      "mu_rand": 0.002575683544819185,
      "sigma_rand": 0.003855702456522032,
      "n_survivors": 28,
      "n_anchors": 2,
      "elapsed_sec": 719.665988445282
    },
    "23": {
      "mu_rand": 0.0033569336010259576,
      "sigma_rand": 0.003028697063107151,
      "n_survivors": 23,
      "n_anchors": 2,
      "elapsed_sec": 678.0592303276062
    },
    "24": {
      "mu_rand": 0.0018920898601209046,
      "sigma_rand": 0.0028355806744468294,
      "n_survivors": 32,
      "n_anchors": 4,
      "elapsed_sec": 753.3388605117798
    }
  },
  "anchors": [
    {
      "layer": 17,
      "column": 3451,
      "drop_calib": 0.068359375,
      "drop_val": 0.05635245889425278,
      "z_score": 16.226538770478168,
      "p_value": 0.0
    },
    {
      "layer": 14,
      "column": 18336,
      "drop_calib": 0.06523437798023224,
      "drop_val": 0.053278688341379166,
      "z_score": 12.798894117800337,
      "p_value": 0.0
    },
    {
      "layer": 12,
      "column": 8109,
      "drop_calib": 0.05039062350988388,
      "drop_val": 0.046362705528736115,
      "z_score": 12.240576044304655,
      "p_value": 0.0
    },
    {
      "layer": 20,
      "column": 13290,
      "drop_calib": 0.04570312425494194,
      "drop_val": 0.04610655829310417,
      "z_score": 13.805379384477295,
      "p_value": 0.0
    },
    {
      "layer": 18,
      "column": 11555,
      "drop_calib": 0.03437500074505806,
      "drop_val": 0.03944672271609306,
      "z_score": 10.544587831468753,
      "p_value": 0.0
    },
    {
      "layer": 19,
      "column": 18147,
      "drop_calib": 0.041015625,
      "drop_val": 0.038422130048274994,
      "z_score": 9.316534817523086,
      "p_value": 0.0
    },
    {
      "layer": 17,
      "column": 16475,
      "drop_calib": 0.04453124850988388,
      "drop_val": 0.036629099398851395,
      "z_score": 10.568087925581457,
      "p_value": 0.0
    },
    {
      "layer": 14,
      "column": 9924,
      "drop_calib": 0.03789062425494194,
      "drop_val": 0.03637295216321945,
      "z_score": 8.713369314339229,
      "p_value": 0.0
    },
    {
      "layer": 13,
      "column": 14316,
      "drop_calib": 0.03281249850988388,
      "drop_val": 0.03406762331724167,
      "z_score": 11.321444569043486,
      "p_value": 0.0
    },
    {
      "layer": 19,
      "column": 8750,
      "drop_calib": 0.0234375,
      "drop_val": 0.03355532884597778,
      "z_score": 8.093705539813593,
      "p_value": 3.3306690738754696e-16
    },
    {
      "layer": 24,
      "column": 12896,
      "drop_calib": 0.02773437462747097,
      "drop_val": 0.0330430343747139,
      "z_score": 10.985698604284611,
      "p_value": 0.0
    },
    {
      "layer": 17,
      "column": 7652,
      "drop_calib": 0.03085937537252903,
      "drop_val": 0.029713114723563194,
      "z_score": 8.583955387800481,
      "p_value": 0.0
    },
    {
      "layer": 15,
      "column": 485,
      "drop_calib": 0.03242187574505806,
      "drop_val": 0.02740778774023056,
      "z_score": 9.933670364340808,
      "p_value": 0.0
    },
    {
      "layer": 19,
      "column": 9166,
      "drop_calib": 0.03828125074505806,
      "drop_val": 0.02715163864195347,
      "z_score": 6.484718539652945,
      "p_value": 4.4448777991590305e-11
    },
    {
      "layer": 23,
      "column": 5298,
      "drop_calib": 0.01992187462747097,
      "drop_val": 0.026639344170689583,
      "z_score": 7.687244122506255,
      "p_value": 7.549516567451064e-15
    },
    {
      "layer": 22,
      "column": 9786,
      "drop_calib": 0.03281249850988388,
      "drop_val": 0.026127049699425697,
      "z_score": 6.108174927507574,
      "p_value": 5.038843786664415e-10
    },
    {
      "layer": 24,
      "column": 10538,
      "drop_calib": 0.02500000037252903,
      "drop_val": 0.02459016442298889,
      "z_score": 8.004707720128172,
      "p_value": 5.551115123125783e-16
    },
    {
      "layer": 17,
      "column": 4105,
      "drop_calib": 0.02500000037252903,
      "drop_val": 0.024077868089079857,
      "z_score": 6.967254841043821,
      "p_value": 1.6159296123419153e-12
    },
    {
      "layer": 11,
      "column": 3558,
      "drop_calib": 0.01406249962747097,
      "drop_val": 0.02356557361781597,
      "z_score": 6.328420068057265,
      "p_value": 1.2384204772786234e-10
    },
    {
      "layer": 19,
      "column": 8257,
      "drop_calib": 0.02109375037252903,
      "drop_val": 0.02330942638218403,
      "z_score": 5.519326807563556,
      "p_value": 1.701504004358867e-08
    },
    {
      "layer": 20,
      "column": 9629,
      "drop_calib": 0.02851562574505806,