{
  "metadata": {
    "timestamp": "2026-04-28T11:08:04.175883",
    "model_name": "openmed-community/AFM-4.5B-OpenMed-RL-CoT",
    "config": {
      "model_name": "openmed-community/AFM-4.5B-OpenMed-RL-CoT",
      "middle_layers": [
        12,
        13,
        14,
        15,
        16,
        17,
        18,
        19,
        20,
        21,
        22,
        23
      ],
      "seed": 42,
      "calib_size": 400,
      "val_size": 200,
      "test_size": 300,
      "stage1_topk": 64,
      "stage1_eval_pairs": 80,
      "stage2_eval_pairs": 400,
      "random_baseline_cols": 32,
      "z_threshold": 4.0,
      "max_anchors": 64,
      "k_values": [
        1,
        2,
        4,
        8,
        16,
        32,
        64
      ],
      "n_random_trials": 30,
      "ablation_eval_pairs": 200,
      "ablation_test_size": 300,
      "discovery_file": "anchors_afm_openmed_4_5b.json",
      "ablation_file": "ablation_afm_openmed_4_5b.json",
      "log_file": "experiment_afm_openmed_4_5b.log",
      "intervention_type": "column_crush_1bit"
    },
    "dtype": "torch.bfloat16",
    "prompt_template_hash": "5136cb018ebf2ba2",
    "intervention_type": "column_crush_1bit",
    "selection_rule": "z_score(val) > 4.0"
  },
  "layer_stats": {
    "12": {
      "mu_rand": -0.0016479492378493887,
      "sigma_rand": 0.005303178872581284,
      "n_survivors": 32,
      "n_anchors": 4,
      "elapsed_sec": 369.9755721092224
    },
    "13": {
      "mu_rand": -0.002801513637677999,
      "sigma_rand": 0.0039052150896448897,
      "n_survivors": 31,
      "n_anchors": 4,
      "elapsed_sec": 370.54424142837524
    },
    "14": {
      "mu_rand": -0.0025024413644132437,
      "sigma_rand": 0.004439719211635363,
      "n_survivors": 32,
      "n_anchors": 1,
      "elapsed_sec": 373.5862774848938
    },
    "15": {
      "mu_rand": -0.002429199224934564,
      "sigma_rand": 0.0064628477331945,
      "n_survivors": 32,
      "n_anchors": 0,
      "elapsed_sec": 374.87059354782104
    },
    "16": {
      "mu_rand": -0.0022277832181316626,
      "sigma_rand": 0.003865713544785367,
      "n_survivors": 29,
      "n_anchors": 6,
      "elapsed_sec": 363.5252146720886
    },
    "17": {
      "mu_rand": -0.004321289062772848,
      "sigma_rand": 0.004422585663348238,
      "n_survivors": 32,
      "n_anchors": 4,
      "elapsed_sec": 375.311728477478
    },
    "18": {
      "mu_rand": -0.005413818375018309,
      "sigma_rand": 0.004260162074262473,
      "n_survivors": 32,
      "n_anchors": 4,
      "elapsed_sec": 374.4624938964844
    },
    "19": {
      "mu_rand": -0.005914306576414674,
      "sigma_rand": 0.004508143558710113,
      "n_survivors": 32,
      "n_anchors": 5,
      "elapsed_sec": 374.62035870552063
    },
    "20": {
      "mu_rand": -0.0025634765524955583,
      "sigma_rand": 0.0037012072883119197,
      "n_survivors": 29,
      "n_anchors": 4,
      "elapsed_sec": 363.62466859817505
    },
    "21": {
      "mu_rand": -0.0027709961309483333,
      "sigma_rand": 0.004119380265125711,
      "n_survivors": 19,
      "n_anchors": 3,
      "elapsed_sec": 329.7182343006134
    },
    "22": {
      "mu_rand": -0.0029235840243018174,
      "sigma_rand": 0.0036055146856258506,
      "n_survivors": 19,
      "n_anchors": 2,
      "elapsed_sec": 328.45198607444763
    },
    "23": {
      "mu_rand": -0.0027832031069010554,
      "sigma_rand": 0.003739737117691142,
      "n_survivors": 26,
      "n_anchors": 1,
      "elapsed_sec": 353.0592215061188
    }
  },
  "anchors": [
    {
      "layer": 16,
      "column": 12646,
      "drop_calib": 0.02910156175494194,
      "drop_val": 0.0475260429084301,
      "z_score": 12.87050808216142,
      "p_value": 0.0
    },
    {
      "layer": 19,
      "column": 8084,
      "drop_calib": 0.01796874962747097,
      "drop_val": 0.0353190116584301,
      "z_score": 9.146387250979663,
      "p_value": 0.0
    },
    {
      "layer": 12,
      "column": 4348,
      "drop_calib": 0.01406249962747097,
      "drop_val": 0.03108724020421505,
      "z_score": 6.172736862402348,
      "p_value": 3.355893340994953e-10
    },
    {
      "layer": 13,
      "column": 7617,
      "drop_calib": 0.0166015625,
      "drop_val": 0.029296875,
      "z_score": 8.219344058500038,
      "p_value": 1.1102230246251565e-16
    },
    {
      "layer": 12,
      "column": 1751,
      "drop_calib": 0.02226562425494194,
      "drop_val": 0.02799479104578495,
      "z_score": 5.589606743386829,
      "p_value": 1.1379221565022135e-08
    },
    {
      "layer": 13,
      "column": 8577,
      "drop_calib": 0.01953125,
      "drop_val": 0.02799479104578495,
      "z_score": 7.885923084209039,
      "p_value": 1.5543122344752192e-15
    },
    {
      "layer": 12,
      "column": 4302,
      "drop_calib": 0.01953125,
      "drop_val": 0.02783203125,
      "z_score": 5.558915813892227,
      "p_value": 1.3572779233861354e-08
    },
    {
      "layer": 18,
      "column": 4213,
      "drop_calib": 0.0107421875,
      "drop_val": 0.02506510354578495,
      "z_score": 7.154387519917211,
      "p_value": 4.2021941482062175e-13
    },
    {
      "layer": 21,
      "column": 4765,
      "drop_calib": 0.02792968787252903,
      "drop_val": 0.02506510354578495,
      "z_score": 6.757334917351855,
      "p_value": 7.027600723574778e-12
    },
    {
      "layer": 16,
      "column": 107,
      "drop_calib": 0.02324218675494194,
      "drop_val": 0.02311197854578495,
      "z_score": 6.554985495043601,
      "p_value": 2.7823632287038436e-11
    },
    {
      "layer": 12,
      "column": 12143,
      "drop_calib": 0.0078125,
      "drop_val": 0.02132161520421505,
      "z_score": 4.33127406810314,
      "p_value": 7.412450767074752e-06
    },
    {
      "layer": 16,
      "column": 2216,
      "drop_calib": 0.012890624813735485,
      "drop_val": 0.02083333395421505,
      "z_score": 5.965537086441372,
      "p_value": 1.219153333842371e-09
    },
    {
      "layer": 17,
      "column": 15709,
      "drop_calib": 0.004687500186264515,
      "drop_val": 0.02067057229578495,
      "z_score": 5.650948732590462,
      "p_value": 7.978234073391377e-09
    },
    {
      "layer": 21,
      "column": 9130,
      "drop_calib": 0.01523437537252903,
      "drop_val": 0.0205078125,
      "z_score": 5.651032588008007,
      "p_value": 7.974342408623158e-09
    },
    {
      "layer": 22,
      "column": 12414,
      "drop_calib": 0.02187499962747097,
      "drop_val": 0.0205078125,
      "z_score": 6.498748051210353,
      "p_value": 4.049560686780751e-11
    },
    {
      "layer": 16,
      "column": 6425,
      "drop_calib": 0.0166015625,
      "drop_val": 0.01985677145421505,
      "z_score": 5.712916202230104,
      "p_value": 5.5528186493347675e-09
    },
    {
      "layer": 19,
      "column": 12145,
      "drop_calib": 0.00917968712747097,
      "drop_val": 0.01888020895421505,
      "z_score": 5.4999270117418115,
      "p_value": 1.8997424744426894e-08
    },
    {
      "layer": 14,
      "column": 17780,
      "drop_calib": 0.02187499962747097,
      "drop_val": 0.01774088479578495,
      "z_score": 4.559585775444538,
      "p_value": 2.5627309448994495e-06
    },
    {
      "layer": 21,
      "column": 838,
      "drop_calib": 0.0005859375232830644,
      "drop_val": 0.0166015625,
      "z_score": 4.7027733193803485,
      "p_value": 1.283256549911016e-06
    },
    {
      "layer": 23,
      "column": 6331,
      "drop_calib": 0.01113281212747097,
      "drop_val": 0.01627604104578495,
      "z_score": 5.096399182320346,
      "p_value": 1.7308739197474665e-07
    },
    {
      "layer": 17,
      "column": 12143,
      "drop_calib": 0.001953125,
      "drop_val": 0.01611328125,
      "z_score": 4.620492549685706,
      "p_value": 1.914150460025077e-06
    },
    {
      "layer": 19,
      "column": 13024,
      "drop_calib": 0.010937499813735485,
      "drop_val": 0.01595052145421505,
      "z_score": 4.850062835234423,