{
  "metadata": {
    "timestamp": "2026-04-27T21:19:05.939646",
    "model_name": "m42-health/Llama3-Med42-8B",
    "config": {
      "model_name": "m42-health/Llama3-Med42-8B",
      "middle_layers": [
        14,
        15,
        16,
        17,
        18,
        19,
        20,
        21,
        22,
        23,
        24,
        25,
        26
      ],
      "seed": 42,
      "calib_size": 400,
      "val_size": 200,
      "test_size": 300,
      "stage1_topk": 64,
      "stage1_eval_pairs": 80,
      "stage2_eval_pairs": 400,
      "random_baseline_cols": 32,
      "z_threshold": 4.0,
      "max_anchors": 64,
      "k_values": [
        1,
        2,
        4,
        8,
        16,
        32,
        64
      ],
      "n_random_trials": 30,
      "ablation_eval_pairs": 200,
      "ablation_test_size": 300,
      "discovery_file": "anchors_med42_8b.json",
      "ablation_file": "ablation_med42_8b.json",
      "log_file": "experiment_med42_8b.log",
      "intervention_type": "column_crush_1bit"
    },
    "dtype": "torch.bfloat16",
    "prompt_template_hash": "5136cb018ebf2ba2",
    "intervention_type": "column_crush_1bit",
    "selection_rule": "z_score(val) > 4.0"
  },
  "layer_stats": {
    "14": {
      "mu_rand": -0.0037353515763243195,
      "sigma_rand": 0.00628494967940299,
      "n_survivors": 24,
      "n_anchors": 4,
      "elapsed_sec": 852.4504034519196
    },
    "15": {
      "mu_rand": -0.005798339856482926,
      "sigma_rand": 0.003711078042740845,
      "n_survivors": 29,
      "n_anchors": 14,
      "elapsed_sec": 916.584878206253
    },
    "16": {
      "mu_rand": -0.0069091797286091605,
      "sigma_rand": 0.0037037831403565523,
      "n_survivors": 28,
      "n_anchors": 18,
      "elapsed_sec": 901.6924035549164
    },
    "17": {
      "mu_rand": -0.00892333988667815,
      "sigma_rand": 0.0034223038866602554,
      "n_survivors": 29,
      "n_anchors": 23,
      "elapsed_sec": 914.2265615463257
    },
    "18": {
      "mu_rand": -0.00988769528339617,
      "sigma_rand": 0.0025992664881444943,
      "n_survivors": 32,
      "n_anchors": 31,
      "elapsed_sec": 951.629968881607
    },
    "19": {
      "mu_rand": -0.010510253814572934,
      "sigma_rand": 0.0036111154705534398,
      "n_survivors": 32,
      "n_anchors": 22,
      "elapsed_sec": 951.9120998382568
    },
    "20": {
      "mu_rand": -0.011193847603863105,
      "sigma_rand": 0.003955511243263372,
      "n_survivors": 32,
      "n_anchors": 24,
      "elapsed_sec": 951.952892780304
    },
    "21": {
      "mu_rand": -0.010632324236212298,
      "sigma_rand": 0.0032765591091152347,
      "n_survivors": 32,
      "n_anchors": 20,
      "elapsed_sec": 952.2269847393036
    },
    "22": {
      "mu_rand": -0.01070556633931119,
      "sigma_rand": 0.00273935680539689,
      "n_survivors": 32,
      "n_anchors": 29,
      "elapsed_sec": 952.182427406311
    },
    "23": {
      "mu_rand": -0.011071777284087148,
      "sigma_rand": 0.003576951864796028,
      "n_survivors": 32,
      "n_anchors": 20,
      "elapsed_sec": 954.2030825614929
    },
    "24": {
      "mu_rand": -0.010815429588546976,
      "sigma_rand": 0.0029140818858146523,
      "n_survivors": 32,
      "n_anchors": 22,
      "elapsed_sec": 951.7135844230652
    },
    "25": {
      "mu_rand": -0.011389160121325403,
      "sigma_rand": 0.002859026296353277,
      "n_survivors": 32,
      "n_anchors": 24,
      "elapsed_sec": 948.4358277320862
    },
    "26": {
      "mu_rand": -0.012023925635730848,
      "sigma_rand": 0.003150431085939773,
      "n_survivors": 31,
      "n_anchors": 20,
      "elapsed_sec": 936.7397656440735
    }
  },
  "anchors": [
    {
      "layer": 19,
      "column": 7232,
      "drop_calib": 0.14492186903953552,
      "drop_val": 0.16397058963775635,
      "z_score": 48.31757989998293,
      "p_value": 0.0
    },
    {
      "layer": 20,
      "column": 4299,
      "drop_calib": 0.11757812649011612,
      "drop_val": 0.1615808755159378,
      "z_score": 43.67938193077654,
      "p_value": 0.0
    },
    {
      "layer": 14,
      "column": 8,
      "drop_calib": 0.13593749701976776,
      "drop_val": 0.15404412150382996,
      "z_score": 25.10429360385997,
      "p_value": 0.0
    },
    {
      "layer": 24,
      "column": 5326,
      "drop_calib": 0.10195312649011612,
      "drop_val": 0.11663603037595749,
      "z_score": 43.73625299357183,
      "p_value": 0.0
    },
    {
      "layer": 18,
      "column": 7417,
      "drop_calib": 0.06328125298023224,
      "drop_val": 0.07637867331504822,
      "z_score": 33.18860805763147,
      "p_value": 0.0
    },
    {
      "layer": 23,
      "column": 306,
      "drop_calib": 0.05117187649011612,
      "drop_val": 0.05367647111415863,
      "z_score": 18.101464551660232,
      "p_value": 0.0
    },
    {
      "layer": 20,
      "column": 3476,
      "drop_calib": 0.03359375149011612,
      "drop_val": 0.051838234066963196,
      "z_score": 15.935215056214377,
      "p_value": 0.0
    },
    {
      "layer": 14,
      "column": 318,
      "drop_calib": 0.04374999925494194,
      "drop_val": 0.04641544073820114,
      "z_score": 7.979493087104307,
      "p_value": 7.771561172376096e-16
    },
    {
      "layer": 21,
      "column": 12445,
      "drop_calib": 0.01640624925494194,
      "drop_val": 0.04586397111415863,
      "z_score": 17.242516018722558,
      "p_value": 0.0
    },
    {
      "layer": 18,
      "column": 10857,
      "drop_calib": 0.03398437425494194,
      "drop_val": 0.04494485259056091,
      "z_score": 21.095311762351052,
      "p_value": 0.0
    },
    {
      "layer": 18,
      "column": 2694,
      "drop_calib": 0.041015625,
      "drop_val": 0.040349263697862625,
      "z_score": 19.32728557750341,
      "p_value": 0.0
    },
    {
      "layer": 15,
      "column": 1706,
      "drop_calib": 0.025390625,
      "drop_val": 0.03915441036224365,
      "z_score": 12.113091821321078,
      "p_value": 0.0
    },
    {
      "layer": 15,
      "column": 11853,
      "drop_calib": 0.014843749813735485,
      "drop_val": 0.03897058963775635,
      "z_score": 12.0635589828731,
      "p_value": 0.0
    },
    {
      "layer": 17,
      "column": 10284,
      "drop_calib": 0.02031249925494194,
      "drop_val": 0.03437500074505806,
      "z_score": 12.651773643705692,
      "p_value": 0.0
    },
    {
      "layer": 14,
      "column": 12639,
      "drop_calib": 0.03046875074505806,
      "drop_val": 0.032536763697862625,
      "z_score": 5.771256638774879,
      "p_value": 3.93412658006298e-09
    },
    {
      "layer": 17,
      "column": 300,
      "drop_calib": 0.01640624925494194,
      "drop_val": 0.030974265187978745,
      "z_score": 11.658078830867236,
      "p_value": 0.0
    },
    {
      "layer": 20,
      "column": 4891,
      "drop_calib": 0.014453125186264515,
      "drop_val": 0.030330881476402283,
      "z_score": 10.497915831190628,
      "p_value": 0.0
    },
    {
      "layer": 26,
      "column": 10664,
      "drop_calib": 0.02382812462747097,
      "drop_val": 0.029963234439492226,
      "z_score": 13.327390968397795,
      "p_value": 0.0
    },
    {
      "layer": 15,
      "column": 10813,
      "drop_calib": 0.02773437462747097,
      "drop_val": 0.029411764815449715,
      "z_score": 9.487811732412583,
      "p_value": 0.0
    },
    {
      "layer": 19,
      "column": 1498,
      "drop_calib": 0.014453125186264515,
      "drop_val": 0.029319852590560913,
      "z_score": 11.029831760187912,
      "p_value": 0.0
    },
    {
      "layer": 24,
      "column": 12457,
      "drop_calib": 0.00937500037252903,
      "drop_val": 0.0286764707416296,
      "z_score": 13.552043613455371,
      "p_value": 0.0
    },
    {
      "layer": 21,
      "column": 3481,
      "drop_calib": 0.0074218749068677425,
      "drop_val": 0.027849264442920685,
      "z_score": 11.744476431789375,
      "p_value": 0.0
    },
    {
      "layer": 20,
      "column": 10638,