{
  "metadata": {
    "model_key": "afm_openmed45",
    "model_id": "openmed-community/AFM-4.5B-OpenMed-RL-CoT",
    "timestamp": "2026-04-28T12:17:41.271832",
    "config": {
      "n_medqa": 100,
      "n_medmcqa": 100,
      "n_pubmedqa": 100,
      "random_seed": 42,
      "k_clusters_max": 6,
      "output_dir": "results",
      "cache_dir": ".",
      "max_contexts": 3,
      "max_context_chars": 2200
    },
    "torch_version": "2.11.0+cu130",
    "ablation_method": "column_crush_1bit",
    "anchor_count": 38,
    "anchors_input": [
      [16, 12646],
      [19, 8084],
      [12, 4348],
      [13, 7617],
      [12, 1751],
      [13, 8577],
      [12, 4302],
      [18, 4213],
      [21, 4765],
      [16, 107],
      [12, 12143],
      [16, 2216],
      [17, 15709],
      [21, 9130],
      [22, 12414],
      [16, 6425],
      [19, 12145],
      [14, 17780],
      [21, 838],
      [23, 6331],
      [17, 12143],
      [19, 13024],
      [19, 6701],
      [20, 2825],
      [16, 17666],
      [17, 3481],
      [20, 15860],
      [13, 4321],
      [17, 9773],
      [18, 532],
      [20, 1056],
      [13, 12183],
      [16, 8091],
      [22, 7310],
      [18, 13172],
      [20, 3175],
      [19, 17809],
      [18, 13462]
    ],
    "anchors_used": [
      [16, 12646],
      [19, 8084],
      [12, 4348],
      [13, 7617],
      [12, 1751],
      [13, 8577],
      [12, 4302],
      [18, 4213],
      [21, 4765],
      [16, 107],
      [12, 12143],
      [16, 2216],
      [17, 15709],
      [21, 9130],
      [22, 12414],
      [16, 6425],
      [19, 12145],
      [14, 17780],
      [21, 838],
      [23, 6331],
      [17, 12143],
      [19, 13024],
      [19, 6701],
      [20, 2825],
      [16, 17666],
      [17, 3481],
      [20, 15860],
      [13, 4321],
      [17, 9773],
      [18, 532],
      [20, 1056],
      [13, 12183],
      [16, 8091],
      [22, 7310],
      [18, 13172],
      [20, 3175],
      [19, 17809],
      [18, 13462]
    ],
    "pubmedqa_format": "binary_yes_no",
    "clustering_features": "z-scored relative drops (drop / baseline_margin)"
  },
  "dataset_baselines": {
    "medqa": {
      "mean": 0.037968751043081284,
      "std": 2.0234580039978027,
      "frac_neg": 0.5400000214576721,
      "n": 100
    },
    "medmcqa": {
      "mean": 2.0899999141693115,
      "std": 1.5331284999847412,
      "frac_neg": 0.0,
      "n": 100
    },
    "pubmedqa": {
      "mean": 1.769374966621399,
      "std": 0.9806643724441528,
      "frac_neg": 0.0,
      "n": 100
    }
  },
  "anchors": [
    {
      "layer": 16,
      "column": 12646,
      "drop_medqa": 0.014843749813735485,
      "drop_medmcqa": -0.014375000260770321,
      "drop_pubmedqa": -0.0062500000931322575,
      "rel_drop_medqa": 0.3909464864117603,
      "rel_drop_medmcqa": -0.006877990837853115,
      "rel_drop_pubmedqa": -0.003532320853994312,
      "cluster": 0
    },
    {
      "layer": 19,
      "column": 8084,
      "drop_medqa": 0.030781250447034836,
      "drop_medmcqa": 0.0024999999441206455,
      "drop_pubmedqa": -0.0031250000465661287,
      "rel_drop_medqa": 0.8106995779795036,
      "rel_drop_medmcqa": 0.001196172271190878,
      "rel_drop_pubmedqa": -0.001766160426997156,
      "cluster": 0
    },
    {
      "layer": 12,
      "column": 4348,
      "drop_medqa": 0.004062499850988388,
      "drop_medmcqa": 0.02187499962747097,
      "drop_pubmedqa": 0.008124999701976776,
      "rel_drop_medqa": 0.10699587790967546,
      "rel_drop_medmcqa": 0.010466507428621296,
      "rel_drop_pubmedqa": 0.004592016873332039,
      "cluster": 1
    },
    {
      "layer": 13,
      "column": 7617,
      "drop_medqa": 0.0024999999441206455,
      "drop_medmcqa": 0.03312499821186066,
      "drop_pubmedqa": 0.0031250000465661287,
      "rel_drop_medqa": 0.06584361811859489,
      "rel_drop_medmcqa": 0.015849282091969116,
      "rel_drop_pubmedqa": 0.001766160426997156,
      "cluster": 1
    },
    {
      "layer": 12,
      "column": 1751,
      "drop_medqa": 0.011406250298023224,
      "drop_medmcqa": 0.010625000111758709,
      "drop_pubmedqa": 0.025624999776482582,
      "rel_drop_medqa": 0.3004115222299809,
      "rel_drop_medmcqa": 0.005083732319664571,
      "rel_drop_pubmedqa": 0.014482515159244749,
      "cluster": 2
    },
    {
      "layer": 13,
      "column": 8577,
      "drop_medqa": -0.00046874998952262104,
      "drop_medmcqa": 0.023749999701976776,
      "drop_pubmedqa": -0.0031250000465661287,
      "rel_drop_medqa": -0.012345678397236543,
      "rel_drop_medmcqa": 0.011363636687715568,
      "rel_drop_pubmedqa": -0.001766160426997156,
      "cluster": 1
    },
    {
      "layer": 12,
      "column": 4302,
      "drop_medqa": 0.007499999832361937,
      "drop_medmcqa": 0.012500000186264515,
      "drop_pubmedqa": 0.008124999701976776,
      "rel_drop_medqa": 0.19753085435578469,
      "rel_drop_medmcqa": 0.0059808615787588434,
      "rel_drop_pubmedqa": 0.004592016873332039,
      "cluster": 1
    },
    {
      "layer": 18,
      "column": 4213,
      "drop_medqa": 0.012656250037252903,
      "drop_medmcqa": 0.0037499999161809683,
      "drop_pubmedqa": 0.0043750000186264515,
      "rel_drop_medqa": 0.33333332515711345,
      "rel_drop_medmcqa": 0.001794258406786317,
      "rel_drop_pubmedqa": 0.002472624571478178,
      "cluster": 0
    },
    {
      "layer": 21,
      "column": 4765,
      "drop_medqa": 0.018124999478459358,
      "drop_medmcqa": 0.03375000134110451,
      "drop_pubmedqa": -0.021250000223517418,
      "rel_drop_medqa": 0.4773662282937305,
      "rel_drop_medmcqa": 0.01614832666369689,
      "rel_drop_pubmedqa": -0.01200989085094498,
      "cluster": 0
    },
    {
      "layer": 16,
      "column": 107,
      "drop_medqa": -0.00390625,
      "drop_medmcqa": 0.025624999776482582,
      "drop_pubmedqa": -0.0037499999161809683,
      "rel_drop_medqa": -0.10288065560986637,
      "rel_drop_medmcqa": 0.012260765946809839,
      "rel_drop_pubmedqa": -0.0021193924334430648,
      "cluster": 1
    },
    {
      "layer": 12,
      "column": 12143,
      "drop_medqa": -0.009218749590218067,
      "drop_medmcqa": 0.0024999999441206455,
      "drop_pubmedqa": -0.00937500037252903,
      "rel_drop_medqa": -0.24279833644667434,
      "rel_drop_medmcqa": 0.001196172271190878,
      "rel_drop_pubmedqa": -0.005298481412580673,
      "cluster": 1
    },
    {
      "layer": 16,
      "column": 2216,
      "drop_medqa": 0.0017187499906867743,
      "drop_medmcqa": 0.023749999701976776,
      "drop_pubmedqa": -0.004999999888241291,
      "rel_drop_medqa": 0.045267488223054604,
      "rel_drop_medmcqa": 0.011363636687715568,
      "rel_drop_pubmedqa": -0.0028258565779240865,
      "cluster": 1
    },
    {
      "layer": 17,
      "column": 15709,
      "drop_medqa": 0.0015625000232830644,
      "drop_medmcqa": 0.023125000298023224,
      "drop_pubmedqa": -0.0012499999720603228,
      "rel_drop_medqa": 0.041152262857163044,
      "rel_drop_medmcqa": 0.011064593898423415,
      "rel_drop_pubmedqa": -0.0007064641444810216,
      "cluster": 1
    },
    {
      "layer": 21,
      "column": 9130,
      "drop_medqa": 0.023281250149011612,
      "drop_medmcqa": 0.026249999180436134,
      "drop_pubmedqa": 0.03999999910593033,
      "rel_drop_medqa": 0.6131687113593891,
      "rel_drop_medmcqa": 0.012559808736101992,
      "rel_drop_pubmedqa": 0.022606852623392692,
      "cluster": 2
    },
    {
      "layer": 22,
      "column": 12414,
      "drop_medqa": 0.023125000298023224,
      "drop_medmcqa": 0.02500000037252903,
      "drop_pubmedqa": 0.012500000186264515,
      "rel_drop_medqa": 0.60905348905958,
      "rel_drop_medmcqa": 0.011961723157517687,
      "rel_drop_pubmedqa": 0.007064641707988624,
      "cluster": 0
    },
    {
      "layer": 16,
      "column": 6425,
      "drop_medqa": 0.003281249897554517,
      "drop_medmcqa": 0.010625000111758709,
      "drop_pubmedqa": -0.011250000447034836,
      "rel_drop_medqa": 0.08641974801413518,